id,title,poster_url
19995,Avatar,https://image.tmdb.org/t/p/w500/gKY6q7SjCkAU6FqvqWybDYgUKIF.jpg
285,Pirates of the Caribbean: At World's End,https://image.tmdb.org/t/p/w500/jGWpG4YhpQwVmjyHEGkxEkeRf0S.jpg
206647,Spectre,https://image.tmdb.org/t/p/w500/zj8ongFhtWNsVlfjOGo8pSr7PQg.jpg
49026,The Dark Knight Rises,https://image.tmdb.org/t/p/w500/hr0L2aueqlP2BYUblTTjmtn0hw4.jpg
49529,John Carter,https://image.tmdb.org/t/p/w500/lCxz1Yus07QCQQCb6I0Dr3Lmqpx.jpg
559,Spider-Man 3,https://image.tmdb.org/t/p/w500/sJMTTGjtjvrMZ7G0oP9D13wNUum.jpg
38757,Tangled,https://image.tmdb.org/t/p/w500/ym7Kst6a4uodryxqbGOxmewF235.jpg
99861,Avengers: Age of Ultron,https://image.tmdb.org/t/p/w500/4ssDuvEDkSArWEdyBl2X5EHvYKU.jpg
767,Harry Potter and the Half-Blood Prince,https://image.tmdb.org/t/p/w500/z7uo9zmQdQwU5ZJHFpv2Upl30i1.jpg
209112,Batman v Superman: Dawn of Justice,https://image.tmdb.org/t/p/w500/5UsK3grJvtQrtzEgqNlDljJW96w.jpg
1452,Superman Returns,https://image.tmdb.org/t/p/w500/385XwTQZDpRX2d3kxtnpiLrjBXw.jpg
10764,Quantum of Solace,https://image.tmdb.org/t/p/w500/e3DXXLJHGqMx9yYpXsql1XNljmM.jpg
58,Pirates of the Caribbean: Dead Man's Chest,https://image.tmdb.org/t/p/w500/uXEqmloGyP7UXAiphJUu2v2pcuE.jpg
57201,The Lone Ranger,https://image.tmdb.org/t/p/w500/yDuJGq8biNMW7zM3w95UaDJv0KG.jpg
49521,Man of Steel,https://image.tmdb.org/t/p/w500/8GFtkImmK0K1VaUChR0n9O61CFU.jpg
2454,The Chronicles of Narnia: Prince Caspian,https://image.tmdb.org/t/p/w500/qxz3WIyjZiSKUhaTIEJ3c1GcC9z.jpg
24428,The Avengers,https://image.tmdb.org/t/p/w500/RYMX2wcKCBAr24UyPD7xwmjaTn.jpg
1865,Pirates of the Caribbean: On Stranger Tides,https://image.tmdb.org/t/p/w500/keGfSvCmYj7CvdRx36OdVrAEibE.jpg
41154,Men in Black 3,https://image.tmdb.org/t/p/w500/90DdoEStzeObs96fsYf4GG544iN.jpg
122917,The Hobbit: The Battle of the Five Armies,https://image.tmdb.org/t/p/w500/xT98tLqatZPQApyRmlPL12LtiWp.jpg
1930,The Amazing Spider-Man,https://image.tmdb.org/t/p/w500/jexoNYnPd6vVrmygwF6QZmWPFdu.jpg
20662,Robin Hood,https://image.tmdb.org/t/p/w500/9NS5QGOfck24yL3bZqWeW06PgPC.jpg
57158,The Hobbit: The Desolation of Smaug,https://image.tmdb.org/t/p/w500/xQYiXsheRCDBA39DOrmaw1aSpbk.jpg
2268,The Golden Compass,https://image.tmdb.org/t/p/w500/6DTH9poR8RAw859L6OuokT7z993.jpg
254,King Kong,https://image.tmdb.org/t/p/w500/6a2HY6UmD7XiDD3NokgaBAXEsD2.jpg
597,Titanic,https://image.tmdb.org/t/p/w500/9xjZS2rlVxm8SFx8kPC3aIGCOYQ.jpg
271110,Captain America: Civil War,https://image.tmdb.org/t/p/w500/rAGiXaUfPzY7CDEyNKUofk3Kw2e.jpg
44833,Battleship,https://image.tmdb.org/t/p/w500/9b0Im7SfedHiajTwzSL9zGyBI7M.jpg
135397,Jurassic World,https://image.tmdb.org/t/p/w500/rhr4y79GpxQF9IsfJItRXVaoGs4.jpg
37724,Skyfall,https://image.tmdb.org/t/p/w500/d0IVecFQvsGdSbnMAHqiYsNYaJT.jpg
558,Spider-Man 2,https://image.tmdb.org/t/p/w500/aGuvNAaaZuWXYQQ6N2v7DeuP6mB.jpg
68721,Iron Man 3,https://image.tmdb.org/t/p/w500/qhPtAc1TKbMPqNvcdXSOn9Bn7hZ.jpg
12155,Alice in Wonderland,https://image.tmdb.org/t/p/w500/o0kre9wRCZz3jjSjaru7QU0UtFz.jpg
36668,X-Men: The Last Stand,https://image.tmdb.org/t/p/w500/a2xicU8DpKtRizOHjQLC1JyCSRS.jpg
62211,Monsters University,https://image.tmdb.org/t/p/w500/y7thwJ7z5Bplv6vwl6RI0yteaDD.jpg
8373,Transformers: Revenge of the Fallen,https://image.tmdb.org/t/p/w500/pLBb0whOzVDtJvyD4DPeQyQNOqp.jpg
91314,Transformers: Age of Extinction,https://image.tmdb.org/t/p/w500/jyzrfx2WaeY60kYZpPYepSjGz4S.jpg
68728,Oz: The Great and Powerful,https://image.tmdb.org/t/p/w500/tkzfAUEKoUp4YFNbZV9hfpZOz0z.jpg
102382,The Amazing Spider-Man 2,https://image.tmdb.org/t/p/w500/dGjoPttcbKR5VWg1jQuNFB247KL.jpg
20526,TRON: Legacy,https://image.tmdb.org/t/p/w500/8Nc6R8k7bG8frSiDJo0oLucF7dN.jpg
49013,Cars 2,https://image.tmdb.org/t/p/w500/okIz1HyxeVOMzYwwHUjH2pHi74I.jpg
44912,Green Lantern,https://image.tmdb.org/t/p/w500/fj21HwUprqjjwTdkKC1XZurRSpV.jpg
10193,Toy Story 3,https://image.tmdb.org/t/p/w500/AbbXspMOwdvwWZgVN0nabZq03Ec.jpg
534,Terminator Salvation,https://image.tmdb.org/t/p/w500/gw6JhlekZgtKUFlDTezq3j5JEPK.jpg
168259,Furious 7,https://image.tmdb.org/t/p/w500/ktofZ9Htrjiy0P6LEowsDaxd3Ri.jpg
72190,World War Z,https://image.tmdb.org/t/p/w500/aCnVdvExw6UWSeQfr0tUH3jr4qG.jpg
127585,X-Men: Days of Future Past,https://image.tmdb.org/t/p/w500/tYfijzolzgoMOtegh1Y7j2Enorg.jpg
54138,Star Trek Into Darkness,https://image.tmdb.org/t/p/w500/Aim3kVNh1MPIxPEFeJrl9e9Uf1a.jpg
81005,Jack the Giant Slayer,https://image.tmdb.org/t/p/w500/9jSI7saUX9Qz0JLh19jX2ulEwL7.jpg
64682,The Great Gatsby,https://image.tmdb.org/t/p/w500/nimh1rrDDLhgpG8XAYoUZXHYwb6.jpg
9543,Prince of Persia: The Sands of Time,https://image.tmdb.org/t/p/w500/siNGMLdOUNYLEGtlsnmQcpO2XZX.jpg
68726,Pacific Rim,https://image.tmdb.org/t/p/w500/8wo4eN8dWKaKlxhSvBz19uvj8gA.jpg
38356,Transformers: Dark of the Moon,https://image.tmdb.org/t/p/w500/28YlCLrFhONteYSs9hKjD1Km0Cj.jpg
217,Indiana Jones and the Kingdom of the Crystal Skull,https://image.tmdb.org/t/p/w500/56As6XEM1flWvprX4LgkPl8ii4K.jpg
105864,The Good Dinosaur,https://image.tmdb.org/t/p/w500/8RSkxOO80btfKjyiC5ZiTaCHIT8.jpg
62177,Brave,https://image.tmdb.org/t/p/w500/1XAuDtMWpL0sYSFK0R6EZate2Ux.jpg
188927,Star Trek Beyond,https://image.tmdb.org/t/p/w500/cnQp8GmOWahIgQaH60Kwez3TNzw.jpg
10681,WALL·E,https://image.tmdb.org/t/p/w500/hbhFnRzzg6ZDmm8YAmxBnQpQIPh.jpg
5174,Rush Hour 3,https://image.tmdb.org/t/p/w500/mp9CzKxLa2i7yblMXUrzVfGqsCo.jpg
14161,2012,https://image.tmdb.org/t/p/w500/zaqam2RNscH5ooYFWInV6hjx6y5.jpg
17979,A Christmas Carol,https://image.tmdb.org/t/p/w500/xNwlAIdx1Ln28GRiQttUP9Gojy2.jpg
76757,Jupiter Ascending,https://image.tmdb.org/t/p/w500/2NCcAZ3M3F0FxENYmammBknwpVn.jpg
258489,The Legend of Tarzan,https://image.tmdb.org/t/p/w500/eJrfz178xBGlxjDGxnBXTzWWa4w.jpg
411,"The Chronicles of Narnia: The Lion, the Witch and the Wardrobe",https://image.tmdb.org/t/p/w500/iREd0rNCjYdf5Ar0vfaW32yrkm.jpg
246655,X-Men: Apocalypse,https://image.tmdb.org/t/p/w500/ikA8UhYdTGpqbatFa93nIf6noSr.jpg
155,The Dark Knight,https://image.tmdb.org/t/p/w500/qJ2tW6WMUDux911r6m7haRef0WH.jpg
14160,Up,https://image.tmdb.org/t/p/w500/mFvoEwSfLqbcWwFsDjQebn9bzFe.jpg
15512,Monsters vs Aliens,https://image.tmdb.org/t/p/w500/hpHarddVj34j53T7NsoUGdKj4mP.jpg
1726,Iron Man,https://image.tmdb.org/t/p/w500/78lPtwv72eTNqFW9COBYI0dWDJa.jpg
44826,Hugo,https://image.tmdb.org/t/p/w500/1dxRq3o3l3bVWNRvvSb7rRf68qp.jpg
8487,Wild Wild West,https://image.tmdb.org/t/p/w500/mCdo7nykEVCa25bjnkwgyX35fjm.jpg
1735,The Mummy: Tomb of the Dragon Emperor,https://image.tmdb.org/t/p/w500/A3acM1lX5PNWQa6r5qeMAJOxbnT.jpg
297761,Suicide Squad,https://image.tmdb.org/t/p/w500/sk3FZgh3sRrmr8vyhaitNobMcfh.jpg
2698,Evan Almighty,https://image.tmdb.org/t/p/w500/blI1ioXbgJWOJ3PbcBuSV65Ebwu.jpg
137113,Edge of Tomorrow,https://image.tmdb.org/t/p/w500/nBM9MMa2WCwvMG4IJ3eiGUdbPe6.jpg
9804,Waterworld,https://image.tmdb.org/t/p/w500/X4UyUO5jgzs3c5YafnmYKLKKYw.jpg
14869,G.I. Joe: The Rise of Cobra,https://image.tmdb.org/t/p/w500/mc9b25IAprHfsaOz0wTshOwGHcY.jpg
150540,Inside Out,https://image.tmdb.org/t/p/w500/2H1TmgdfNtsKlU9jKdeNyYL5y8T.jpg
278927,The Jungle Book,https://image.tmdb.org/t/p/w500/2Epx7F9X7DrFptn4seqn4mzBVks.jpg
10138,Iron Man 2,https://image.tmdb.org/t/p/w500/6WBeq4fCfn7AN0o21W9qNcRF2l9.jpg
58595,Snow White and the Huntsman,https://image.tmdb.org/t/p/w500/8HUa5kRubYbnAD5UVpnhTGGgMTW.jpg
102651,Maleficent,https://image.tmdb.org/t/p/w500/ik8PugpL41s137RAWEGTAWu0dPo.jpg
119450,Dawn of the Planet of the Apes,https://image.tmdb.org/t/p/w500/mSmAc9G25fhOHH45SLEeagR0qi7.jpg
79698,The Lovers,https://image.tmdb.org/t/p/w500/6esL8UH2sXXqbfbaV6bFEUBCDOr.jpg
64686,47 Ronin,https://image.tmdb.org/t/p/w500/xDHnmcroujCRG0ysYQaiswjbyHd.jpg
100402,Captain America: The Winter Soldier,https://image.tmdb.org/t/p/w500/tVFRpFw3xTedgPGqxW0AOI8Qhh0.jpg
10192,Shrek Forever After,https://image.tmdb.org/t/p/w500/6HrfPZtKcGmX2tUWW3cnciZTaSD.jpg
158852,Tomorrowland,https://image.tmdb.org/t/p/w500/kziYpr5Nfw60P0My8aj1sgCEqed.jpg
177572,Big Hero 6,https://image.tmdb.org/t/p/w500/2mxS4wUimwlLmI1xp6QW6NSU361.jpg
82690,Wreck-It Ralph,https://image.tmdb.org/t/p/w500/nrEupcBwf4O1zihCM34NoXusZDq.jpg
5255,The Polar Express,https://image.tmdb.org/t/p/w500/eOoCzH0MqeGr2taUZO4SwG416PF.jpg
47933,Independence Day: Resurgence,https://image.tmdb.org/t/p/w500/9S50foUIYGwiNPWOxi1WJF6IPwI.jpg
10191,How to Train Your Dragon,https://image.tmdb.org/t/p/w500/ygGmAO60t8GyqUo9xYeYxSZAR3b.jpg
296,Terminator 3: Rise of the Machines,https://image.tmdb.org/t/p/w500/vvevzdYIrk2636maNW4qeWmlPFG.jpg
118340,Guardians of the Galaxy,https://image.tmdb.org/t/p/w500/r7vmZjiyZw9rpJMQJdXpjgiCOk9.jpg
157336,Interstellar,https://image.tmdb.org/t/p/w500/yQvGrMoipbRoddT0ZR8tPoR7NfX.jpg
27205,Inception,https://image.tmdb.org/t/p/w500/xlaY2zyzMfkhk0HSC5VUwzoZPU1.jpg
315011,Shin Godzilla,https://image.tmdb.org/t/p/w500/jPNShaWZMpVF0iQ7j1dvTuZLD20.jpg
49051,The Hobbit: An Unexpected Journey,https://image.tmdb.org/t/p/w500/yHA9Fc37VmpUA5UncTxxo3rTGVA.jpg
9799,The Fast and the Furious,https://image.tmdb.org/t/p/w500/gqY0ITBgT7A82poL9jv851qdnIb.jpg
4922,The Curious Case of Benjamin Button,https://image.tmdb.org/t/p/w500/26wEWZYt6yJkwRVkjcbwJEFh9IS.jpg
49538,X-Men: First Class,https://image.tmdb.org/t/p/w500/hNEokmUke0dazoBhttFN0o3L7Xv.jpg
131634,The Hunger Games: Mockingjay - Part 2,https://image.tmdb.org/t/p/w500/lImKHDfExAulp16grYm8zD5eONE.jpg
27022,The Sorcerer's Apprentice,https://image.tmdb.org/t/p/w500/b5pIUsGll0418NyfNA5eYCI9aoK.jpg
503,Poseidon,https://image.tmdb.org/t/p/w500/fDPdjGc8SUEDWfTwMaZlCE6NSi3.jpg
241259,Alice Through the Looking Glass,https://image.tmdb.org/t/p/w500/kbGamUkYfgKIYIrU8kW5oc0NatZ.jpg
810,Shrek the Third,https://image.tmdb.org/t/p/w500/n4SexGGQzI26E269tfpa80MZaGV.jpg
68735,Warcraft,https://image.tmdb.org/t/p/w500/eGi5aoxaZveqNLtE7BZJCuWwR3G.jpg
87101,Terminator Genisys,https://image.tmdb.org/t/p/w500/oZRVDpNtmHk8M1VYy1aeOWUXgbC.jpg
10140,The Chronicles of Narnia: The Voyage of the Dawn Treader,https://image.tmdb.org/t/p/w500/pP27zlm9yeKrCeDZLFLP2HKELot.jpg
676,Pearl Harbor,https://image.tmdb.org/t/p/w500/y8A0Cvp8WQmZ3bjbnsL53lY0dsC.jpg
1858,Transformers,https://image.tmdb.org/t/p/w500/lkZ9gqCEjzX85lKR6Jjd1uGAXNp.jpg
1966,Alexander,https://image.tmdb.org/t/p/w500/jrwQu72sGwGqwE8Ijne89PSIvhp.jpg
675,Harry Potter and the Order of the Phoenix,https://image.tmdb.org/t/p/w500/5aOyriWkPec0zUDxmHFP9qMmBaj.jpg
674,Harry Potter and the Goblet of Fire,https://image.tmdb.org/t/p/w500/fECBtHlr0RB3foNHDiCBXeg9Bv9.jpg
8960,Hancock,https://image.tmdb.org/t/p/w500/7DyuV2G0hLEqHeueDfOqhZ2DVut.jpg
6479,I Am Legend,https://image.tmdb.org/t/p/w500/iPDkaSdKk2jRLTM65UOEoKtsIZ8.jpg
118,Charlie and the Chocolate Factory,https://image.tmdb.org/t/p/w500/iKP6wg3c6COUe8gYutoGG7qcPnO.jpg
2062,Ratatouille,https://image.tmdb.org/t/p/w500/t3vaWRPSf6WjDSamIkKDs1iQWna.jpg
272,Batman Begins,https://image.tmdb.org/t/p/w500/sPX89Td70IDDjVr85jdSBb4rWGr.jpg
10527,Madagascar: Escape 2 Africa,https://image.tmdb.org/t/p/w500/agRbLOHgN46TQO4YdKR462iR7To.jpg
18360,Night at the Museum: Battle of the Smithsonian,https://image.tmdb.org/t/p/w500/l9yAQn6TyrA3gv5xZZkiMMoZsiw.jpg
2080,X-Men Origins: Wolverine,https://image.tmdb.org/t/p/w500/yj8LbTju1p7CUJg7US2unSBk33s.jpg
605,The Matrix Revolutions,https://image.tmdb.org/t/p/w500/bkkS61w94ZVMNVd8KEyyJl2tnY5.jpg
109445,Frozen,https://image.tmdb.org/t/p/w500/itAKcobTYGpYT8Phwjd8c9hleTo.jpg
604,The Matrix Reloaded,https://image.tmdb.org/t/p/w500/aA5qHS0FbSXO8PxcxUIHbDrJyuh.jpg
76338,Thor: The Dark World,https://image.tmdb.org/t/p/w500/wp6OxE4poJ4G7c0U2ZIXasTSMR7.jpg
76341,Mad Max: Fury Road,https://image.tmdb.org/t/p/w500/ulcAi4dKpAjHwYGS08vNyx9H6I9.jpg
13448,Angels & Demons,https://image.tmdb.org/t/p/w500/tFZQAuulEOtFTp0gHbVdEXwGrYe.jpg
10195,Thor,https://image.tmdb.org/t/p/w500/prSfAi1xGrhLQNxVSUFh61xQ4Qy.jpg
13053,Bolt,https://image.tmdb.org/t/p/w500/v5aC4nrzXFGJDWY4JO1eengXzqk.jpg
19585,G-Force,https://image.tmdb.org/t/p/w500/9Tly3ZXTTsQKM26fis8v9LR4GxG.jpg
57165,Wrath of the Titans,https://image.tmdb.org/t/p/w500/b9n2R3xZWQ8MVZgndQoV34stS0h.jpg
62213,Dark Shadows,https://image.tmdb.org/t/p/w500/fd9Ck4cxVlmtXsbeGtQW7WFuUFI.jpg
177677,Mission: Impossible - Rogue Nation,https://image.tmdb.org/t/p/w500/fRJLXQBHK2wyznK5yZbO7vmsuVK.jpg
7978,The Wolfman,https://image.tmdb.org/t/p/w500/fQqPoAHvHicie1ttuiV2q0yv9V7.jpg
5559,Bee Movie,https://image.tmdb.org/t/p/w500/aWe27GmvfVYAd7p0KEtJZWwLWk5.jpg
49444,Kung Fu Panda 2,https://image.tmdb.org/t/p/w500/mtqqD00vB4PGRt20gWtGqFhrkd0.jpg
10196,The Last Airbender,https://image.tmdb.org/t/p/w500/zgwRTYWEEPivTwjB9S03HtmMcbM.jpg
956,Mission: Impossible III,https://image.tmdb.org/t/p/w500/vKGYCpmQyV9uHybWDzXuII8Los5.jpg
117251,White House Down,https://image.tmdb.org/t/p/w500/6TeIVKPw7nXXWy2zKmDmlnSwzb7.jpg
50321,Mars Needs Moms,https://image.tmdb.org/t/p/w500/yZBrpe4bxwDIDKBxPeJYrlyDK5R.jpg
11619,Flushed Away,https://image.tmdb.org/t/p/w500/kgoZI4xh38RrEYEPVib6a12UPLn.jpg
266647,Pan,https://image.tmdb.org/t/p/w500/w8i0mZR7MEL7c3bXSsuYg7VJsew.jpg
82703,Mr. Peabody & Sherman,https://image.tmdb.org/t/p/w500/hPcImYndWESKHzT2GHVCDsUxzYg.jpg
652,Troy,https://image.tmdb.org/t/p/w500/a07wLy4ONfpsjnBqMwhlWTJTcm.jpg
80321,Madagascar 3: Europe's Most Wanted,https://image.tmdb.org/t/p/w500/ekraj4ksvIKeuvQVEevEJkuybZd.jpg
36669,Die Another Day,https://image.tmdb.org/t/p/w500/bZmGqOhMhaLn8AoFMvFDct4tbrL.jpg
43074,Ghostbusters,https://image.tmdb.org/t/p/w500/wJmWliwXIgZOCCVOcGRBhce7xPS.jpg
95,Armageddon,https://image.tmdb.org/t/p/w500/eTM3qtGhDU8cvjpoa6KEt5E2auU.jpg
608,Men in Black II,https://image.tmdb.org/t/p/w500/enA22EPyzc2WQ1VVyY7zxresQQr.jpg
2310,Beowulf,https://image.tmdb.org/t/p/w500/7QsWYyJAV97N9jOh21pdRIqJeJq.jpg
140300,Kung Fu Panda 3,https://image.tmdb.org/t/p/w500/oajNi4Su39WAByHI6EONu8G8HYn.jpg
56292,Mission: Impossible - Ghost Protocol,https://image.tmdb.org/t/p/w500/eRZTGx7GsiKqPch96k27LK005ZL.jpg
81188,Rise of the Guardians,https://image.tmdb.org/t/p/w500/yfzmfWGjcmyugH6FZ13WcsUGiNj.jpg
7552,Fun with Dick and Jane,https://image.tmdb.org/t/p/w500/xTcIPKpzCqQUQixNPS0Rb7HPEAf.jpg
616,The Last Samurai,https://image.tmdb.org/t/p/w500/a8jmJPs5eZBARmnuEEvZwbjwyz4.jpg
147441,Exodus: Gods and Kings,https://image.tmdb.org/t/p/w500/uaDj37JtvLan9tihxZ18e6qL33b.jpg
13475,Star Trek,https://image.tmdb.org/t/p/w500/9vaRPXj44Q2meHgt3VVfQufiHOJ.jpg
557,Spider-Man,https://image.tmdb.org/t/p/w500/or6XJBVpcEbIkma0V9zshnbEtx4.jpg
82702,How to Train Your Dragon 2,https://image.tmdb.org/t/p/w500/d13Uj86LdbDLrfDoHR5aDOFYyJC.jpg
205584,Gods of Egypt,https://image.tmdb.org/t/p/w500/hzH7fwaTyQNITLo40Hu3R7cVMqv.jpg
10048,Stealth,https://image.tmdb.org/t/p/w500/cVtQHyTwaDhYFVRFXSuDthC2bXH.jpg
13183,Watchmen,https://image.tmdb.org/t/p/w500/aVURelN3pM56lFM7Dgfs5TixcIf.jpg
944,Lethal Weapon 4,https://image.tmdb.org/t/p/w500/pTLliHRoG0Qwp6qycmrMB4bD3mr.jpg
1927,Hulk,https://image.tmdb.org/t/p/w500/UllIft2jLSBaay3zQyMV4GNdfy.jpg
72559,G.I. Joe: Retaliation,https://image.tmdb.org/t/p/w500/3rWIZMzTKcCtV0eHJ70Z4Ru659f.jpg
7364,Sahara,https://image.tmdb.org/t/p/w500/kyY1onYxkKBDlJsheRsVbMaoQEM.jpg
2114,Final Fantasy: The Spirits Within,https://image.tmdb.org/t/p/w500/47b1EwFqqSWxYna7NtUM7iML4oT.jpg
1771,Captain America: The First Avenger,https://image.tmdb.org/t/p/w500/vSNxAJTlD0r02V9sPYpOjqDZXUK.jpg
36643,The World Is Not Enough,https://image.tmdb.org/t/p/w500/wCb2msgoZPK01WIqry24M4xsM73.jpg
8619,Master and Commander: The Far Side of the World,https://image.tmdb.org/t/p/w500/s1cVTQEZYn4nSjZLnFbzLP0j8y2.jpg
50620,The Twilight Saga: Breaking Dawn - Part 2,https://image.tmdb.org/t/p/w500/7IGdPaKujv0BjI0Zd0m0a4CzEjJ.jpg
65759,Happy Feet Two,https://image.tmdb.org/t/p/w500/2gWiQ4mn85jcXtREVePlVViupeV.jpg
1724,The Incredible Hulk,https://image.tmdb.org/t/p/w500/gKzYx79y0AQTL4UAk1cBQJ3nvrm.jpg
267935,The BFG,https://image.tmdb.org/t/p/w500/w17Mc2x2olB5CtewznUFxgpvne0.jpg
281957,The Revenant,https://image.tmdb.org/t/p/w500/ji3ecJphATlVgWNY0B0RVXZizdf.jpg
77950,Turbo,https://image.tmdb.org/t/p/w500/inTKQni4YW8syrfgnXHwzmNeSo4.jpg
44896,Rango,https://image.tmdb.org/t/p/w500/A5MP1guV8pbruieG0tnpPIbaJtt.jpg
270946,Penguins of Madagascar,https://image.tmdb.org/t/p/w500/dXbpNrPDZDMEbujFoOxmMNQVMHa.jpg
2503,The Bourne Ultimatum,https://image.tmdb.org/t/p/w500/15rMz5MRXFp7CP4VxhjYw4y0FUn.jpg
9502,Kung Fu Panda,https://image.tmdb.org/t/p/w500/wWt4JYXTg5Wr3xBW2phBrMKgp3x.jpg
102899,Ant-Man,https://image.tmdb.org/t/p/w500/rQRnQfUl3kfp78nCWq8Ks04vnq1.jpg
101299,The Hunger Games: Catching Fire,https://image.tmdb.org/t/p/w500/vrQHDXjVmbYzadOXQ0UaObunoy2.jpg
228161,Home,https://image.tmdb.org/t/p/w500/usFenYnk6mr8C62dB1MoAfSWMGR.jpg
74,War of the Worlds,https://image.tmdb.org/t/p/w500/6Biy7R9LfumYshur3YKhpj56MpB.jpg
8961,Bad Boys II,https://image.tmdb.org/t/p/w500/yCvB5fG5aEPqa1St7ihY6KEAsHD.jpg
417859,Puss in Boots,https://image.tmdb.org/t/p/w500/7a5Jzjr9TmffGy76y1SZhn3sCiz.jpg
27576,Salt,https://image.tmdb.org/t/p/w500/ppXyhOe8UCEOrBRSYqE3SkHwrcR.jpg
86834,Noah,https://image.tmdb.org/t/p/w500/vVLkHabnF5lVpCpqyhZBI5iCYMA.jpg
17578,The Adventures of Tintin,https://image.tmdb.org/t/p/w500/fQZ3sLR1Fi63NMsNRbjm9q5qODJ.jpg
673,Harry Potter and the Prisoner of Azkaban,https://image.tmdb.org/t/p/w500/aWxwnYoe8p2d2fcxOqtvAtJ72Rw.jpg
6972,Australia,https://image.tmdb.org/t/p/w500/tFQpccGMTWe24eWxK5U9rb7tK3M.jpg
82700,After Earth,https://image.tmdb.org/t/p/w500/iXMvYIlzzJBs352CfeiQcBvovZt.jpg
10567,Dinosaur,https://image.tmdb.org/t/p/w500/rSje3FS7ycJSglowlngjsvDt7vO.jpg
181533,Night at the Museum: Secret of the Tomb,https://image.tmdb.org/t/p/w500/xwgy305K6qDs3D20xUO4OZu1HPY.jpg
38055,Megamind,https://image.tmdb.org/t/p/w500/uZ9ytt3sPTx62XTfN56ILSuYWRe.jpg
671,Harry Potter and the Philosopher's Stone,https://image.tmdb.org/t/p/w500/wuMc08IPKEatf9rnMNXvIDxqP4W.jpg
49524,R.I.P.D.,https://image.tmdb.org/t/p/w500/rS0kByPD4YF8pQ85KjzMdGiu7Xf.jpg
22,Pirates of the Caribbean: The Curse of the Black Pearl,https://image.tmdb.org/t/p/w500/poHwCZeWzJCShH7tOjg8RIoyjcw.jpg
131631,The Hunger Games: Mockingjay - Part 1,https://image.tmdb.org/t/p/w500/4FAA18ZIja70d1Tu5hr5cj2q1sB.jpg
591,The Da Vinci Code,https://image.tmdb.org/t/p/w500/9ejKfNk0LBhSI9AahH4f9NJNZNM.jpg
172385,Rio 2,https://image.tmdb.org/t/p/w500/gVNTBrjxh2YRmQFjlaqrNbHVvrd.jpg
36658,X2,https://image.tmdb.org/t/p/w500/bst4alFUXCxISwdRUKSMhhkrX1M.jpg
51497,Fast Five,https://image.tmdb.org/t/p/w500/gEfQjjQwY7fh5bI4GlG0RrBu7Pz.jpg
58574,Sherlock Holmes: A Game of Shadows,https://image.tmdb.org/t/p/w500/2HsHurlnTOyU6yUS14gY6BQCyRs.jpg
18823,Clash of the Titans,https://image.tmdb.org/t/p/w500/6iHYLipwEyZUPNO8MM3l1yHDaFE.jpg
861,Total Recall,https://image.tmdb.org/t/p/w500/wVbeL6fkbTKSmNfalj4VoAUUqJv.jpg
1911,The 13th Warrior,https://image.tmdb.org/t/p/w500/pj1IQQ7ajwaOrjjTCxyM1L4mSnX.jpg
49040,The Bourne Legacy,https://image.tmdb.org/t/p/w500/1aExL5DTGHj25ZfIC3dDwS84RWi.jpg
415,Batman & Robin,https://image.tmdb.org/t/p/w500/i7hEUpDuMN2LOrCEifFyGSHZQSY.jpg
8871,How the Grinch Stole Christmas,https://image.tmdb.org/t/p/w500/1WZbbPApEivA421gCOluuzMMKCk.jpg
435,The Day After Tomorrow,https://image.tmdb.org/t/p/w500/Wr4HeYQRvwVCxzOV5TmGE7UkXq.jpg
955,Mission: Impossible II,https://image.tmdb.org/t/p/w500/hfnrual76gPeNFduhD4xzHWpfTw.jpg
2133,The Perfect Storm,https://image.tmdb.org/t/p/w500/vJPoxqgpfFNbGi0HyoNsjFeLCio.jpg
1979,Fantastic 4: Rise of the Silver Surfer,https://image.tmdb.org/t/p/w500/9wRfzTcMyyzkQxVDqBHv8RwuZOv.jpg
87827,Life of Pi,https://image.tmdb.org/t/p/w500/iLgRu4hhSr6V1uManX6ukDriiSc.jpg
1250,Ghost Rider,https://image.tmdb.org/t/p/w500/4quwR1VwZouD0YF9AaD72kQAjxH.jpg
324668,Jason Bourne,https://image.tmdb.org/t/p/w500/xA7N41glw17MBQtcWSm2eBlBRuG.jpg
9471,Charlie's Angels: Full Throttle,https://image.tmdb.org/t/p/w500/n4cdJ0Wqxb7C0HmZbcaC4eYnkIf.jpg
70981,Prometheus,https://image.tmdb.org/t/p/w500/qsYQflQhOuhDpQ0W2aOcwqgDAeI.jpg
10996,Stuart Little 2,https://image.tmdb.org/t/p/w500/hjfeMLWqJY44mqqJKZSa6jx4Y1j.jpg
68724,Elysium,https://image.tmdb.org/t/p/w500/aRjuJuPXHtVs6YegfeeQWXGRs1E.jpg
2789,The Chronicles of Riddick,https://image.tmdb.org/t/p/w500/bVO1r90diKfFLzvZ5D3qK6Z558O.jpg
97020,RoboCop,https://image.tmdb.org/t/p/w500/gM5ql3BKYmHG3WtZ0buKXN7xY8O.jpg
7459,Speed Racer,https://image.tmdb.org/t/p/w500/fxRIpx9Op9h71q3tvuabx4GryyP.jpg
42888,How Do You Know,https://image.tmdb.org/t/p/w500/jbOnp79eUZxQHgcdnTIRlxel1dE.jpg
37834,Knight and Day,https://image.tmdb.org/t/p/w500/phhp52CZZJiGYmiOTp9ZBDkGHB3.jpg
75612,Oblivion,https://image.tmdb.org/t/p/w500/bYLM3GpNUZnoFElPXp1zlhDPdtv.jpg
1895,Star Wars: Episode III - Revenge of the Sith,https://image.tmdb.org/t/p/w500/xfSAoBEm9MNBjmlNcDYLvLSMlnq.jpg
1894,Star Wars: Episode II - Attack of the Clones,https://image.tmdb.org/t/p/w500/oZNPzxqM2s5DyVWab09NTQScDQt.jpg
585,"Monsters, Inc.",https://image.tmdb.org/t/p/w500/wFSpyMsp7H0ttERbxY7Trlv8xry.jpg
76170,The Wolverine,https://image.tmdb.org/t/p/w500/t2wVAcoRlKvEIVSbiYDb8d0QqqS.jpg
1893,Star Wars: Episode I - The Phantom Menace,https://image.tmdb.org/t/p/w500/6wkfovpn7Eq8dYNKaG5PY3q2oq6.jpg
49519,The Croods,https://image.tmdb.org/t/p/w500/27zvjVOtOi5ped1HSlJKNsKXkFH.jpg
2395,Asterix at the Olympic Games,https://image.tmdb.org/t/p/w500/eNB2SrqmTJLByRDq3akDzA6Z9rC.jpg
12100,Windtalkers,https://image.tmdb.org/t/p/w500/547q4HXlvEcS06lujfb2yzsTP3H.jpg
290595,The Huntsman: Winter's War,https://image.tmdb.org/t/p/w500/ekHPrneEoa1EoDclWdillOKznqM.jpg
98566,Teenage Mutant Ninja Turtles,https://image.tmdb.org/t/p/w500/azL2ThbJMIkts3ZMt3j1YgBUeDB.jpg
49047,Gravity,https://image.tmdb.org/t/p/w500/kZ2nZw8D681aphje8NJi8EfbL1U.jpg
9619,Dante's Peak,https://image.tmdb.org/t/p/w500/8PRVIfZzDgw8EV3sDWJ6NA1ZMAn.jpg
308531,Teenage Mutant Ninja Turtles: Out of the Shadows,https://image.tmdb.org/t/p/w500/euVaCiCWz3AALcQXHT6aUqdGUo6.jpg
166424,Fantastic Four,https://image.tmdb.org/t/p/w500/cDroz5qSlP8xZ6tOpeYoPkBvKyL.jpg
1593,Night at the Museum,https://image.tmdb.org/t/p/w500/pDsAAYf6Zn0yiAGJ6lYGs6hoZ4E.jpg
254128,San Andreas,https://image.tmdb.org/t/p/w500/2Gfjn962aaFSD6eST6QU3oLDZTo.jpg
714,Tomorrow Never Dies,https://image.tmdb.org/t/p/w500/gZm002w7q9yLOkltxT76TWGfdZX.jpg
2024,The Patriot,https://image.tmdb.org/t/p/w500/fWZd815QxUCUcrWQZwUkAp9ljG.jpg
163,Ocean's Twelve,https://image.tmdb.org/t/p/w500/pE5anFf7nf6ah7V3VRezQ1KSovi.jpg
787,Mr. & Mrs. Smith,https://image.tmdb.org/t/p/w500/kjD700RtyhveN3ZbOnSvUSne0Qj.jpg
262500,Insurgent,https://image.tmdb.org/t/p/w500/dP5Fb6YRfzmCQtRbHOr2kO7tJW9.jpg
2567,The Aviator,https://image.tmdb.org/t/p/w500/lx4kWcZc3o9PaNxlQpEJZM17XUI.jpg
38745,Gulliver's Travels,https://image.tmdb.org/t/p/w500/6NoEtuTwZ04luk5H2DpT5ivW7Mg.jpg
40805,The Green Hornet,https://image.tmdb.org/t/p/w500/pecyADOvb3Ksey7KYU6V1enEOEc.jpg
53182,300: Rise of an Empire,https://image.tmdb.org/t/p/w500/wYDdWN1McB1Sio4z1dPSkb40Z78.jpg
41513,The Smurfs,https://image.tmdb.org/t/p/w500/vRhnslP2gW0QDym7BsMeSuioUfK.jpg
13700,Home on the Range,https://image.tmdb.org/t/p/w500/cgKnkbO3fNWwKc9qLyLYdeZQ9Vj.jpg
262504,Allegiant,https://image.tmdb.org/t/p/w500/faq9JlF8znUGQ5p3En1W61Fi5p0.jpg
39254,Real Steel,https://image.tmdb.org/t/p/w500/4GIeI5K5YdDUkR3mNQBoScpSFEf.jpg
77931,The Smurfs 2,https://image.tmdb.org/t/p/w500/tmjvgbEH4BKYFfHmWXjXrHgi8wT.jpg
1639,Speed 2: Cruise Control,https://image.tmdb.org/t/p/w500/gnK1ocpwUTj24zAktzomOJsD2bu.jpg
80274,Ender's Game,https://image.tmdb.org/t/p/w500/pVcRI5YKnkkgaAD876jBeKb189d.jpg
1571,Live Free or Die Hard,https://image.tmdb.org/t/p/w500/31TT47YjBl7a7uvJ3ff1nrirXhP.jpg
120,The Lord of the Rings: The Fellowship of the Ring,https://image.tmdb.org/t/p/w500/6oom5QYQ2yQTMJIbnvbkBL9cHo6.jpg
10204,Around the World in 80 Days,https://image.tmdb.org/t/p/w500/bBiMw6Jtg8tSTcEq8jFV7qk9TRW.jpg
8489,Ali,https://image.tmdb.org/t/p/w500/32l3FaCzs8cXWps6hkgNJAcOsP.jpg
10588,The Cat in the Hat,https://image.tmdb.org/t/p/w500/uYYLz67e5xEQMsY858VSSCDsLU6.jpg
2048,"I, Robot",https://image.tmdb.org/t/p/w500/efwv6F2lGaghjPpBRSINHtoEiZB.jpg
1495,Kingdom of Heaven,https://image.tmdb.org/t/p/w500/rNaBe4TwbMef71sgscqabpGKsxh.jpg
10137,Stuart Little,https://image.tmdb.org/t/p/w500/362lcwTJlNyAhitTlp2UraECISR.jpg
10198,The Princess and the Frog,https://image.tmdb.org/t/p/w500/yprv5PbnEksoVj2v6XEnDBg9joR.jpg
286217,The Martian,https://image.tmdb.org/t/p/w500/fASz8A0yFE3QB6LgGoOfwvFSseV.jpg
1635,The Island,https://image.tmdb.org/t/p/w500/9MaZYEyFmQwNeDTxZGQEN8E0e4p.jpg
24113,Town & Country,https://image.tmdb.org/t/p/w500/4ckfJA1zqdXG7ttBqGZ2A91YHQs.jpg
9679,Gone in Sixty Seconds,https://image.tmdb.org/t/p/w500/fToQDmkBtiXYGh9xfgAh3gpo6GZ.jpg
98,Gladiator,https://image.tmdb.org/t/p/w500/wN2xWp1eIwCKOD0BHTcErTBv1Uq.jpg
180,Minority Report,https://image.tmdb.org/t/p/w500/qtgFcnwh9dAFLocsDk2ySDVS8UF.jpg
672,Harry Potter and the Chamber of Secrets,https://image.tmdb.org/t/p/w500/sdEOH0992YZ0QSxgXNIGLq1ToUi.jpg
36557,Casino Royale,https://image.tmdb.org/t/p/w500/lMrxYKKhd4lqRzwUHAy5gcx9PSO.jpg
869,Planet of the Apes,https://image.tmdb.org/t/p/w500/3ZWsuP5rExMSji7erxnb1P5SK6F.jpg
280,Terminator 2: Judgment Day,https://image.tmdb.org/t/p/w500/jFTVD4XoWQTcg7wdyJKa8PEds5q.jpg
11322,Public Enemies,https://image.tmdb.org/t/p/w500/3KgtekisQBrHRsm2cD5UOB6Ce3k.jpg
4982,American Gangster,https://image.tmdb.org/t/p/w500/sX9idXDqRUxE5ffww3n3RV5gL55.jpg
36955,True Lies,https://image.tmdb.org/t/p/w500/pweFTnzzTfGK68woSVkiTgjLzWm.jpg
18487,The Taking of Pelham 1 2 3,https://image.tmdb.org/t/p/w500/rEnyQiBu6goqJfvQXpUZQjpoHVp.jpg
39451,Little Fockers,https://image.tmdb.org/t/p/w500/90mwPRNMmX9RUGVgKMJMJNQnYX8.jpg
27581,The Other Guys,https://image.tmdb.org/t/p/w500/wNEHNqo3MgHmj3BUiPSqqq5czcm.jpg
9268,Eraser,https://image.tmdb.org/t/p/w500/uu2gBpFElDfxTI6BI9bT4pZ4kvw.jpg
68718,Django Unchained,https://image.tmdb.org/t/p/w500/7oWY8VDWW7thTzWh3OKYRkWUlD5.jpg
10545,The Hunchback of Notre Dame,https://image.tmdb.org/t/p/w500/dmMBtXuFzZzLYgeQXkOkg98w2Ak.jpg
11688,The Emperor's New Groove,https://image.tmdb.org/t/p/w500/wwbgkXQBEKtnyIJapk6gUgWkVw8.jpg
76163,The Expendables 2,https://image.tmdb.org/t/p/w500/74rTIGyGoIu5KSxDVMdr8H3MtMo.jpg
2059,National Treasure,https://image.tmdb.org/t/p/w500/pxL6E4GBOPUG6CdkO9cUQN5VMwI.jpg
2486,Eragon,https://image.tmdb.org/t/p/w500/mNu6QLUnKqPIjRA3pgEb5dkJye6.jpg
16523,Where the Wild Things Are,https://image.tmdb.org/t/p/w500/pzVqDpSzOg32IpXghHGSGAAArl6.jpg
116711,Epic,https://image.tmdb.org/t/p/w500/81cSsWzjTfR3cJSqnTiHwy1eyPK.jpg
37710,The Tourist,https://image.tmdb.org/t/p/w500/qwfUH9gnvaXwvVRsgbL4L2jpLUz.jpg
9946,End of Days,https://image.tmdb.org/t/p/w500/pY8FbKKl3VD0jRI1iDFrwN6alLa.jpg
1372,Blood Diamond,https://image.tmdb.org/t/p/w500/tnLxPpajkbVdbQl5B9CuD7sSpz9.jpg
106646,The Wolf of Wall Street,https://image.tmdb.org/t/p/w500/kW9LmvYHAaS9iA0tHmZVq8hQYoq.jpg
414,Batman Forever,https://image.tmdb.org/t/p/w500/i0fJS8M5UKoETjjJ0zwUiKaR8tr.jpg
563,Starship Troopers,https://image.tmdb.org/t/p/w500/cxCmv23O7p3hyHwqoktHYkZcGsY.jpg
83542,Cloud Atlas,https://image.tmdb.org/t/p/w500/8naVv2Xu3rWI5JKHz0vCujx6GaJ.jpg
41216,Legend of the Guardians: The Owls of Ga'Hoole,https://image.tmdb.org/t/p/w500/qweKCtPdnIP2uGp1PgWZyCV7gzj.jpg
314,Catwoman,https://image.tmdb.org/t/p/w500/pvnPgukFyEKgCzyOxyLiwyZ8T1C.jpg
184315,Hercules,https://image.tmdb.org/t/p/w500/sKNIwY6UENCJ36FvYvnBW3Vdzt7.jpg
9016,Treasure Planet,https://image.tmdb.org/t/p/w500/kNhZkR3UNbXfvESQo7mJpOi4tGd.jpg
18162,Land of the Lost,https://image.tmdb.org/t/p/w500/hVCJzmK9l5FD01LFYAB1zcmmw7s.jpg
138103,The Expendables 3,https://image.tmdb.org/t/p/w500/utS5euWHlEdKBNnEFwjpZ2oGuhF.jpg
257088,Point Break,https://image.tmdb.org/t/p/w500/z7JOvw5Lqs9ezoFTJxmz3nx3av2.jpg
10214,Son of the Mask,https://image.tmdb.org/t/p/w500/Adgnfhm9B8YAQmC0osuP4zO9SRc.jpg
205775,In the Heart of the Sea,https://image.tmdb.org/t/p/w500/weVvNPfk6FM9vBg3BXtRtNAmiYM.jpg
11692,The Adventures of Pluto Nash,https://image.tmdb.org/t/p/w500/96vvhLWWDosS1zRrfQ6XEGAzByL.jpg
22972,Green Zone,https://image.tmdb.org/t/p/w500/czFIaeukSxNEccysQeys1PCkuOG.jpg
227973,The Peanuts Movie,https://image.tmdb.org/t/p/w500/aiwdwnl7RFs1vcBanOKr13ye3wE.jpg
29193,The Spanish Prisoner,https://image.tmdb.org/t/p/w500/cwkWlWfFrvH6WW6ovX5gfGHo7ks.jpg
1734,The Mummy Returns,https://image.tmdb.org/t/p/w500/kdJsW7hcy1lrj7tdMPycTAQPAiR.jpg
3131,Gangs of New York,https://image.tmdb.org/t/p/w500/lemqKtcCuAano5aqrzxYiKC8kkn.jpg
76758,The Flowers of War,https://image.tmdb.org/t/p/w500/7NVgVX663tdareijAiv0eLiLn6d.jpg
9408,Surf's Up,https://image.tmdb.org/t/p/w500/tTDsCVlDA8QR4Dc6t6nERfwl5z.jpg
9890,The Stepford Wives,https://image.tmdb.org/t/p/w500/ygr0Wlmm1KmE16TUefNitIscVBG.jpg
855,Black Hawk Down,https://image.tmdb.org/t/p/w500/7fU5dSqKRL4XHeEUz62rCKBfYok.jpg
77953,The Campaign,https://image.tmdb.org/t/p/w500/jMWjJ13sFTT07DwjNlqh8VY4sK6.jpg
18,The Fifth Element,https://image.tmdb.org/t/p/w500/fPtlCO1yQtnoLHOwKtWz7db6RGU.jpg
37786,Sex and the City 2,https://image.tmdb.org/t/p/w500/iHSRxhZsPaVuLCivvV6WEkMVGWU.jpg
10501,The Road to El Dorado,https://image.tmdb.org/t/p/w500/tQuqhUBACMcGqCvliHxpJreBfXC.jpg
57800,Ice Age: Continental Drift,https://image.tmdb.org/t/p/w500/dfp1BZF7FxbBUyzHvMOI9t8NWDD.jpg
150689,Cinderella,https://image.tmdb.org/t/p/w500/j91LJmcWo16CArFOoapsz84bwxb.jpg
7980,The Lovely Bones,https://image.tmdb.org/t/p/w500/sn0iDphRxQ7I6aLd9igIgACITak.jpg
12,Finding Nemo,https://image.tmdb.org/t/p/w500/5lc6nQc0VhWFYFbNv016xze8Jvy.jpg
122,The Lord of the Rings: The Return of the King,https://image.tmdb.org/t/p/w500/rCzpDGLbOoPwLjy3OAm5NUPOTrC.jpg
121,The Lord of the Rings: The Two Towers,https://image.tmdb.org/t/p/w500/5VTN0pR8gcqV3EPUHHfMGnJYN9L.jpg
68737,Seventh Son,https://image.tmdb.org/t/p/w500/7Q8DfXSjcFSSQDOxz1Sk865wNqI.jpg
1995,Lara Croft: Tomb Raider,https://image.tmdb.org/t/p/w500/sJpl1EfHGZhbKtZ3fWTlwrpM1tH.jpg
157353,Transcendence,https://image.tmdb.org/t/p/w500/i3JqPtiJWnidaif3UA2K2Eng0hp.jpg
331,Jurassic Park III,https://image.tmdb.org/t/p/w500/oQXj4NUfS3r3gHXtDOzcJgj1lLc.jpg
61791,Rise of the Planet of the Apes,https://image.tmdb.org/t/p/w500/oqA45qMyyo1TtrnVEBKxqmTPhbN.jpg
8204,The Spiderwick Chronicles,https://image.tmdb.org/t/p/w500/uN7MUMaCXfa8DbMMp61A8iXEcEG.jpg
47964,A Good Day to Die Hard,https://image.tmdb.org/t/p/w500/qJ0csDXAVFMsNn0cRcjy6W6PxAK.jpg
10733,The Alamo,https://image.tmdb.org/t/p/w500/weHQHadXJLrmIvBXwZJsMgfJ6jJ.jpg
9806,The Incredibles,https://image.tmdb.org/t/p/w500/2LqaLgk4Z226KkgPJuiOQ58wvrm.jpg
1408,Cutthroat Island,https://image.tmdb.org/t/p/w500/hYdeBZ4BFXivdouxLfQGWNE6zRx.jpg
32657,Percy Jackson & the Olympians: The Lightning Thief,https://image.tmdb.org/t/p/w500/brzpTyZ5bnM7s53C1KSk1TmrMO6.jpg
607,Men in Black,https://image.tmdb.org/t/p/w500/uLOmOF5IzWoyrgIF5MfUnh5pa1X.jpg
863,Toy Story 2,https://image.tmdb.org/t/p/w500/4rbcp3ng8n1MKHjpeqW0L7Fnpzz.jpg
44048,Unstoppable,https://image.tmdb.org/t/p/w500/zKvHwL0GqLOear8rTnUPSTRYY0r.jpg
5175,Rush Hour 2,https://image.tmdb.org/t/p/w500/aBQf2vMiCINeVC9v6BGVYKXurTh.jpg
2655,What Lies Beneath,https://image.tmdb.org/t/p/w500/2L3Cn0CizbSy2E9KJt1SiOSyb6p.jpg
22794,Cloudy with a Chance of Meatballs,https://image.tmdb.org/t/p/w500/qhOhIKf7QEyQ5dMrRUqs5eTX1Oq.jpg
8355,Ice Age: Dawn of the Dinosaurs,https://image.tmdb.org/t/p/w500/cXOLaxcNjNAYmEx1trZxOTKhK3Q.jpg
116745,The Secret Life of Walter Mitty,https://image.tmdb.org/t/p/w500/iAo1hlzsPV9XpYcLQp6Ud065tGO.jpg
4327,Charlie's Angels,https://image.tmdb.org/t/p/w500/iHTmZs0BmkwMCYi8rhvMWC5G4EM.jpg
1422,The Departed,https://image.tmdb.org/t/p/w500/nT97ifVT2J1yMQmeq20Qblg61T.jpg
10674,Mulan,https://image.tmdb.org/t/p/w500/jAbexAtB0aSfP5Ay4TpWHARyVnG.jpg
7446,Tropic Thunder,https://image.tmdb.org/t/p/w500/zAurB9mNxfYRoVrVjAJJwGV3sPg.jpg
65754,The Girl with the Dragon Tattoo,https://image.tmdb.org/t/p/w500/8bokS83zGdhaXgN9tjidUKmAftW.jpg
1572,Die Hard: With a Vengeance,https://image.tmdb.org/t/p/w500/buqmCdFQEWwEpL3agGgg2GVjN2d.jpg
10528,Sherlock Holmes,https://image.tmdb.org/t/p/w500/momkKuWburNTqKBF6ez7rvhYVhE.jpg
271969,Ben-Hur,https://image.tmdb.org/t/p/w500/c9CoGrBA5yw8A7YBMz0hGzfzpNq.jpg
10865,Atlantis: The Lost Empire,https://image.tmdb.org/t/p/w500/8fUEFPUTF7kBMuKPiSQHxPvd8EZ.jpg
258509,Alvin and the Chipmunks: The Road Chip,https://image.tmdb.org/t/p/w500/aQhFoqby8UYq4uGQXOtV7P8JLBl.jpg
2253,Valkyrie,https://image.tmdb.org/t/p/w500/8eoRtXswC8IQDsqW7iJWO56NhAv.jpg
10661,You Don't Mess with the Zohan,https://image.tmdb.org/t/p/w500/gBhLQmpCPoKFMCGsulMbIFzrBID.jpg
257344,Pixels,https://image.tmdb.org/t/p/w500/d26S5EfVXLNxRXqyFy1yyl3qRq3.jpg
644,A.I. Artificial Intelligence,https://image.tmdb.org/t/p/w500/wnUAcUrMRGPPZUDroLeZhSjLkuu.jpg
10756,The Haunted Mansion,https://image.tmdb.org/t/p/w500/lGi5yio4pdDz5PkSeZCbnMQz5vK.jpg
686,Contact,https://image.tmdb.org/t/p/w500/bCpMIywuNZeWt3i5UMLEIc0VSwM.jpg
9383,Hollow Man,https://image.tmdb.org/t/p/w500/sd3qUIv5uoP2oTbqv66CzXSPjKG.jpg
179,The Interpreter,https://image.tmdb.org/t/p/w500/wTidq3J9fh8sEOAlD8WZFHVLSuB.jpg
76285,Percy Jackson: Sea of Monsters,https://image.tmdb.org/t/p/w500/tAu90qEpLqwqiZLsMqpaMVr55oN.jpg
1996,Lara Croft Tomb Raider: The Cradle of Life,https://image.tmdb.org/t/p/w500/ylIEGeAr2ygSClK4FDj9mi2Ah22.jpg
291805,Now You See Me 2,https://image.tmdb.org/t/p/w500/A81kDB6a1K86YLlcOtZB27jriJh.jpg
10003,The Saint,https://image.tmdb.org/t/p/w500/k43wPAVeepqzGwP52dKcknQjquj.jpg
1535,Spy Game,https://image.tmdb.org/t/p/w500/6y8M1rxjKofQCRKKe6xeV91K2Fc.jpg
2067,Mission to Mars,https://image.tmdb.org/t/p/w500/cTKWoBpN5Gvi0vpMb9mLtYlwXqT.jpg
46195,Rio,https://image.tmdb.org/t/p/w500/4nJxhUknKV8Gqdhov8pU1YWDYfb.jpg
2277,Bicentennial Man,https://image.tmdb.org/t/p/w500/wrs23eO0VEWwOQpXoOasMnlW9Y4.jpg
10357,Volcano,https://image.tmdb.org/t/p/w500/5xIjktjXuro7anZ6AR58t5ZYWjQ.jpg
4477,The Devil's Own,https://image.tmdb.org/t/p/w500/3KIPu7H3tST0j4tpqdKpQZUBCQz.jpg
8665,K-19: The Widowmaker,https://image.tmdb.org/t/p/w500/vImR0HQkJs7Xs2qgdXEUDeX49m0.jpg
9387,Conan the Barbarian,https://image.tmdb.org/t/p/w500/qw2A587Ee61IwcSOLNFRhuOACZZ.jpg
921,Cinderella Man,https://image.tmdb.org/t/p/w500/wkeOjIcpuqLMW4GnVowlM9VI0JE.jpg
49852,The Nutcracker: The Untold Story,https://image.tmdb.org/t/p/w500/8qpovUSOZiqFOpsHoByfKojI8iC.jpg
4464,Seabiscuit,https://image.tmdb.org/t/p/w500/5m7NfZvxYsSm2YBCJ2VPQf8ziKr.jpg
664,Twister,https://image.tmdb.org/t/p/w500/d4ie3f6QTvNw40V770Uzo87SDZn.jpg
8358,Cast Away,https://image.tmdb.org/t/p/w500/7lLJgKnAicAcR5UEuo8xhSMj18w.jpg
9836,Happy Feet,https://image.tmdb.org/t/p/w500/za41IHkj6LnkilfTzv5B2qmthKD.jpg
2502,The Bourne Supremacy,https://image.tmdb.org/t/p/w500/jupG9sFT64YwM8PSkwkUD2wHcYD.jpg
9772,Air Force One,https://image.tmdb.org/t/p/w500/evO1iENjLpUnbwjnt5XK85jRYob.jpg
161,Ocean's Eleven,https://image.tmdb.org/t/p/w500/hQQCdZrsHtZyR6NbKH2YyCqd2fR.jpg
52451,The Three Musketeers,https://image.tmdb.org/t/p/w500/woCADkkDIIKrOMEokbFOEsAYtUa.jpg
76492,Hotel Transylvania,https://image.tmdb.org/t/p/w500/eJGvzGrsfe2sqTUPv5IwLWXjVuR.jpg
4523,Enchanted,https://image.tmdb.org/t/p/w500/8KCNzCArLlvLdQoHx6npua2VSVc.jpg
59961,Safe House,https://image.tmdb.org/t/p/w500/7SYBPjv5ywF6cI4BSFFtlDyChT2.jpg
10481,102 Dalmatians,https://image.tmdb.org/t/p/w500/ueE6u2GTECzGBtas6PFx7wwi9y0.jpg
59108,Tower Heist,https://image.tmdb.org/t/p/w500/jQrroNwP8hbFiUlNMs20emauwPE.jpg
1581,The Holiday,https://image.tmdb.org/t/p/w500/h1ITOpvJN3Tw4Sy60w2QTfYMvdd.jpg
9798,Enemy of the State,https://image.tmdb.org/t/p/w500/x9pXrMKLsBGGOFyyZ0Gwt9YpVub.jpg
22897,It's Complicated,https://image.tmdb.org/t/p/w500/bmjPrJgrGENFRrERP7lCJ9FGIVB.jpg
298,Ocean's Thirteen,https://image.tmdb.org/t/p/w500/pBsZs4zYUiUTemqbikTZ76iQRaU.jpg
7484,Open Season,https://image.tmdb.org/t/p/w500/w5Lctmkc1yah215Luxmci4djaiW.jpg
157350,Divergent,https://image.tmdb.org/t/p/w500/aNh4Q3iuPKDMPi2SL7GgOpiLukX.jpg
853,Enemy at the Gates,https://image.tmdb.org/t/p/w500/cHRAbVdsCWFaQrswRsBP7Bn255W.jpg
10159,The Rundown,https://image.tmdb.org/t/p/w500/cwNeP2fz0vqNhmKIcSgLD0xc6g2.jpg
9593,Last Action Hero,https://image.tmdb.org/t/p/w500/vkhEaWAv5j3qgrOGp3BgMeiYPKj.jpg
1904,Memoirs of a Geisha,https://image.tmdb.org/t/p/w500/pBwYsQaSTgnPphIy02DJjCF2cqs.jpg
9615,The Fast and the Furious: Tokyo Drift,https://image.tmdb.org/t/p/w500/46xqGOwHbh2TH2avWSw3SMXph4E.jpg
51052,Arthur Christmas,https://image.tmdb.org/t/p/w500/brELZkSbkLrcCXJ0xt5hQUMXhut.jpg
297,Meet Joe Black,https://image.tmdb.org/t/p/w500/fDPAjvfPMomkKF7cMRmL5Anak61.jpg
9884,Collateral Damage,https://image.tmdb.org/t/p/w500/rALb2pU8QQGIlYdHezB2F5kwecI.jpg
16858,All That Jazz,https://image.tmdb.org/t/p/w500/culCEdj4srLljefgn4XKd6k3C5t.jpg
62764,Mirror Mirror,https://image.tmdb.org/t/p/w500/gzTSQUUuFrm5ndkIbOVibT797os.jpg
22538,Scott Pilgrim vs. the World,https://image.tmdb.org/t/p/w500/g5IoYeudx9XBEfwNL0fHvSckLBz.jpg
9341,The Core,https://image.tmdb.org/t/p/w500/iMPR3OFhKNVvJw4eZoRhf9RzfHJ.jpg
12107,Nutty Professor II: The Klumps,https://image.tmdb.org/t/p/w500/v8gI95Eio7kAjixyqYHxNKmJTmm.jpg
9637,Scooby-Doo,https://image.tmdb.org/t/p/w500/mTAiBJGg8mqEfnYHHbi37ZoRSZm.jpg
49049,Dredd,https://image.tmdb.org/t/p/w500/wLx65gtGVnUFCxceHWGszcruCZj.jpg
9339,Click,https://image.tmdb.org/t/p/w500/oL0k5JA53PyoHSZqKb3cNkhwBCE.jpg
16281,Creepshow,https://image.tmdb.org/t/p/w500/4SoyTCEpsgLjX6yAyMsx3AsAyRQ.jpg
39691,Cats & Dogs 2 : The Revenge of Kitty Galore,https://image.tmdb.org/t/p/w500/syV2naEnz7wbakOOk7XanPX8MjL.jpg
8247,Jumper,https://image.tmdb.org/t/p/w500/3pPZ9JhNz3VMmASVir5SMHvTDUU.jpg
11253,Hellboy II: The Golden Army,https://image.tmdb.org/t/p/w500/zO0Wdrxnhx3KoJEvychSmnY3urC.jpg
1949,Zodiac,https://image.tmdb.org/t/p/w500/6YmeO4pB7XTh8P8F960O1uA14JO.jpg
8452,The 6th Day,https://image.tmdb.org/t/p/w500/nlbB47qp1oxEtts9Ik3UYAwKWHM.jpg
310,Bruce Almighty,https://image.tmdb.org/t/p/w500/wqkWrOFtYnZSvIMu8Lsmz7WIvKC.jpg
27578,The Expendables,https://image.tmdb.org/t/p/w500/j09ZkH6R4JWVylBcDai1laCmGw7.jpg
954,Mission: Impossible,https://image.tmdb.org/t/p/w500/l5uxY5m5OInWpcExIpKG6AR3rgL.jpg
70160,The Hunger Games,https://image.tmdb.org/t/p/w500/yXCbOiVDCxO71zI7cuwBRXdftq8.jpg
45243,The Hangover Part II,https://image.tmdb.org/t/p/w500/cKZu0Fdkj7dmwbfMpgDqVVCkLJQ.jpg
364,Batman Returns,https://image.tmdb.org/t/p/w500/jKBjeXM7iBBV9UkUcOXx3m7FSHY.jpg
7518,Over the Hedge,https://image.tmdb.org/t/p/w500/jtZnymorbnHY7mOiBXR14ZDJseM.jpg
11544,Lilo & Stitch,https://image.tmdb.org/t/p/w500/cFuLvQJPoZpuruAtN3rVnMmLIH8.jpg
9986,Charlotte's Web,https://image.tmdb.org/t/p/w500/fU0IR5HF8KxQbZijuWKPTrY81Qv.jpg
8656,Deep Impact,https://image.tmdb.org/t/p/w500/a3vQS7JKqlOb3MdVJHuTCP9s7Mg.jpg
146216,RED 2,https://image.tmdb.org/t/p/w500/tbksijr6g340yFWRgI4JfwrtM9h.jpg
9291,The Longest Yard,https://image.tmdb.org/t/p/w500/nbKcVBcxF96ARW2oKHqDYAcLdu.jpg
55301,Alvin and the Chipmunks: Chipwrecked,https://image.tmdb.org/t/p/w500/npOXWVoZyl8UrF2wtByHtfmsWSX.jpg
109418,Grown Ups 2,https://image.tmdb.org/t/p/w500/hT6ijOtjtYrnyDhN7VA2QWyGFAm.jpg
11665,Get Smart,https://image.tmdb.org/t/p/w500/sZUjbtUS8qxXp4mj90evnqPJqX7.jpg
6964,Something's Gotta Give,https://image.tmdb.org/t/p/w500/1cpdqe0SpiHzzbOLq9GDUUlZdSl.jpg
11324,Shutter Island,https://image.tmdb.org/t/p/w500/nrmXQ0zcZUL8jFLrakWc90IR8z9.jpg
12193,Four Christmases,https://image.tmdb.org/t/p/w500/zixj44TC7rwzpxtJAG5OzFJnEqe.jpg
9928,Robots,https://image.tmdb.org/t/p/w500/fnKCh67l2DDG9NxxIlk9IpsXQ99.jpg
754,Face/Off,https://image.tmdb.org/t/p/w500/69Xzn8UdPbVnmqSChKz2RTpoNfB.jpg
10202,Bedtime Stories,https://image.tmdb.org/t/p/w500/rSOnWm8ahvgThYp8TKGRUTcvsyw.jpg
4147,Road to Perdition,https://image.tmdb.org/t/p/w500/loSpBeirRfTPJ3cMIqpQArstGhh.jpg
50546,Just Go with It,https://image.tmdb.org/t/p/w500/3rz7bfGsPGcI6cfY002n9VrUgao.jpg
1701,Con Air,https://image.tmdb.org/t/p/w500/kOKjgrEzGOP92rVQ6srA9jtp60l.jpg
13027,Eagle Eye,https://image.tmdb.org/t/p/w500/9KCOv0hL37IN3tWG3j86eZg3xDH.jpg
2289,Cold Mountain,https://image.tmdb.org/t/p/w500/j0AJeeR5CQPDFh0otyWyCWREHO8.jpg
20504,The Book of Eli,https://image.tmdb.org/t/p/w500/1H1y9ZiqNFaLgQiRDDZLA55PviW.jpg
9574,Flubber,https://image.tmdb.org/t/p/w500/bnKvk04icAyCO1KjqhsaEXBO9aJ.jpg
11618,The Haunting,https://image.tmdb.org/t/p/w500/xwLldS5JnB4441iS50ha9ZrkaA8.jpg
2300,Space Jam,https://image.tmdb.org/t/p/w500/4RN5El3Pj2W4gpwgiAGLVfSJv2g.jpg
12096,The Pink Panther,https://image.tmdb.org/t/p/w500/th6i4TqJa5tEQaSKul2XgqSqTV9.jpg
10200,The Day the Earth Stood Still,https://image.tmdb.org/t/p/w500/vBgFSYmG5tb7GsZ3tHR0WNaWaxA.jpg
8834,Conspiracy Theory,https://image.tmdb.org/t/p/w500/sTyTKZVikQU6g50HE8HR1tBSRxj.jpg
228150,Fury,https://image.tmdb.org/t/p/w500/pfte7wdMobMF4CVHuOxyu6oqeeA.jpg
6068,Six Days Seven Nights,https://image.tmdb.org/t/p/w500/fzWrrCzRa16v51TXAUuT6Wendw7.jpg
41515,Yogi Bear,https://image.tmdb.org/t/p/w500/5u6kGhqKVorNwcvz6zETWUPRmus.jpg
9023,Spirit: Stallion of the Cimarron,https://image.tmdb.org/t/p/w500/jTS4o0Yj1RoA2OGzl8USZyAJqYK.jpg
38317,Zookeeper,https://image.tmdb.org/t/p/w500/y3b4AYw8dr4hIKTfEAjxUxx0z8G.jpg
2157,Lost in Space,https://image.tmdb.org/t/p/w500/fCocPDUFuKswY2GxDdfYsT9BXMd.jpg
14462,The Manchurian Candidate,https://image.tmdb.org/t/p/w500/4xEWtEbKK2EXMZ8UPff8hDCSiVW.jpg
161795,Déjà Vu,https://image.tmdb.org/t/p/w500/1fAIdDUVhQaqBr4lVPOeEiNPA3l.jpg
159824,Hotel Transylvania 2,https://image.tmdb.org/t/p/w500/3nFnrivNgipSKZ8LZJJbRSlAcTR.jpg
49948,Fantasia 2000,https://image.tmdb.org/t/p/w500/5rwAtUaKEK48CPUijVfVU0IPKPZ.jpg
2135,The Time Machine,https://image.tmdb.org/t/p/w500/iYayQahkghlbAsfOQX8b5eBzGVy.jpg
9822,Mighty Joe Young,https://image.tmdb.org/t/p/w500/jM39MOyLOxCD6Njz4vfQkGaKkY1.jpg
9705,Swordfish,https://image.tmdb.org/t/p/w500/mM6h4jMqC4q5IaFgBIGKQDLnRU.jpg
1656,The Legend of Zorro,https://image.tmdb.org/t/p/w500/93iEBX1QbsxAv8eSybe8lhLXY1A.jpg
12159,What Dreams May Come,https://image.tmdb.org/t/p/w500/78wCdphUzeb528wLZw2W0fn7yGB.jpg
9678,Little Nicky,https://image.tmdb.org/t/p/w500/AudA8gnTWSBWXBHSBHnr3HHUXXM.jpg
4442,The Brothers Grimm,https://image.tmdb.org/t/p/w500/iPrey2UYrA5Fqa8L3KnxqMqfmSq.jpg
75,Mars Attacks!,https://image.tmdb.org/t/p/w500/hll4O5vSAfnZDb6JbnP06GPtz7b.jpg
330770,Evolution,https://image.tmdb.org/t/p/w500/sLluKqBaGl0NLOFTtoXLXN9u9G6.jpg
9433,The Edge,https://image.tmdb.org/t/p/w500/zplJqfuUyqzW0D4jX3W1afl0d7b.jpg
19959,Surrogates,https://image.tmdb.org/t/p/w500/v3Z0Hbl0oe57njrrIPh0fJPFoo.jpg
11973,Thirteen Days,https://image.tmdb.org/t/p/w500/aLx9UXH9fK2v6NDMvMyW4X88K3u.jpg
11228,Daylight,https://image.tmdb.org/t/p/w500/bRWNxtm3q0QvIIM52uQqRIEvpl2.jpg
77951,Walking With Dinosaurs,https://image.tmdb.org/t/p/w500/lkElT9HpOUIjIL20Hwy3LZqgXWc.jpg
5491,Battlefield Earth,https://image.tmdb.org/t/p/w500/wXCRuBHdJ5aTFQdsuGJFXNdo79T.jpg
10715,Looney Tunes: Back in Action,https://image.tmdb.org/t/p/w500/q0kntpdsHA0QdYjpQdNBqrVTdQq.jpg
10197,Nine,https://image.tmdb.org/t/p/w500/bSxdTXktgPQPNwlkQ0DZtuAJXlb.jpg
9562,Timeline,https://image.tmdb.org/t/p/w500/uOCIrFOT4U9QXML3SLlpCxGs7BV.jpg
9922,The Postman,https://image.tmdb.org/t/p/w500/piVzOuKFLHNGLxnjwNtibC26lTy.jpg
9447,Babe: Pig in the City,https://image.tmdb.org/t/p/w500/glO6LcTWUZcbxWT2SB4eRDnFSsP.jpg
274854,The Last Witch Hunter,https://image.tmdb.org/t/p/w500/dS9YdnJkxtKE2PKCSsxTaO7Jpf5.jpg
8870,Red Planet,https://image.tmdb.org/t/p/w500/6svTVlVEJDoOOEz1G09HLeb7vtF.jpg
9992,Arthur and the Invisibles,https://image.tmdb.org/t/p/w500/gH27K0S7BiZCsNMxzOQTacG9IZp.jpg
36970,Oceans,https://image.tmdb.org/t/p/w500/kIT3G7QoV1vatMCL8TAA3xnkO2V.jpg
10077,A Sound of Thunder,https://image.tmdb.org/t/p/w500/mdO0UpJEmSZJqauMbNrfzwKlxoR.jpg
76649,Pompeii,https://image.tmdb.org/t/p/w500/dxxM3lLDjGRC50i5rhvfQziskAN.jpg
293644,Top Cat Begins,https://image.tmdb.org/t/p/w500/qqgXfEgWUm3GjQ1QorETpACXeZQ.jpg
453,A Beautiful Mind,https://image.tmdb.org/t/p/w500/rEIg5yJdNOt9fmX4P8gU9LeNoTQ.jpg
8587,The Lion King,https://image.tmdb.org/t/p/w500/sKCr78MXSLixwmZ8DyJLrpMsd15.jpg
72545,Journey 2: The Mysterious Island,https://image.tmdb.org/t/p/w500/uFm2vnp9LhHx5MNo1Ego6O3vUhl.jpg
109451,Cloudy with a Chance of Meatballs 2,https://image.tmdb.org/t/p/w500/ss5NcK2NWFg2YcKKYXLrk8q1myS.jpg
9533,Red Dragon,https://image.tmdb.org/t/p/w500/ou9ZKA2cms02b7CdCdVqGkKu0O0.jpg
2023,Hidalgo,https://image.tmdb.org/t/p/w500/iGzENlBPYJEFWZnye4t3nqWSSp1.jpg
71880,Jack and Jill,https://image.tmdb.org/t/p/w500/p6xV65iiz9agN2IAtf7cgbZC3YF.jpg
584,2 Fast 2 Furious,https://image.tmdb.org/t/p/w500/6nDZExrDKIXvSAghsFKVFRVJuSf.jpg
309809,The Little Prince,https://image.tmdb.org/t/p/w500/je5Z7gbFTzrs3FPHINo9yGiHoVo.jpg
4858,The Invasion,https://image.tmdb.org/t/p/w500/oS5rMuJXwNZZPx0ojhvjgduglD2.jpg
17711,The Adventures of Rocky & Bullwinkle,https://image.tmdb.org/t/p/w500/xCFSsftt2rglC81I6QLWcZSTCBM.jpg
328111,The Secret Life of Pets,https://image.tmdb.org/t/p/w500/g3Hms6AE174doeGR1gz5zX5sVsv.jpg
8698,The League of Extraordinary Gentlemen,https://image.tmdb.org/t/p/w500/kdAuVFP63XXxnb983ry2pLCKd9S.jpg
93456,Despicable Me 2,https://image.tmdb.org/t/p/w500/5Fh4NdoEnCjCK9wLjdJ9DJNFl2b.jpg
602,Independence Day,https://image.tmdb.org/t/p/w500/p0BPQGSPoSa8Ml0DAf2mB2kCU0R.jpg
330,The Lost World: Jurassic Park,https://image.tmdb.org/t/p/w500/7st3JW0xpMAkwB3dYfv3iqAwD8Y.jpg
953,Madagascar,https://image.tmdb.org/t/p/w500/zMpJY5CJKUufG9OTw0In4eAFqPX.jpg
9693,Children of Men,https://image.tmdb.org/t/p/w500/k9IAS4TehZFcKi4HVByxZNPfqex.jpg
36657,X-Men,https://image.tmdb.org/t/p/w500/bRDAc4GogyS9ci3ow7UnInOcriN.jpg
8909,Wanted,https://image.tmdb.org/t/p/w500/njy7Pz7ZHZceO7lNfGIHKphY8Hd.jpg
9802,The Rock,https://image.tmdb.org/t/p/w500/eBcoxveWzzXQrCrwWMGAROcqgpP.jpg
950,Ice Age: The Meltdown,https://image.tmdb.org/t/p/w500/zDduhCHasKQ9YOTvlOreHem7Wbi.jpg
1824,50 First Dates,https://image.tmdb.org/t/p/w500/lzUI2Cg7OMfcUNv3f7MywYNBjs6.jpg
2976,Hairspray,https://image.tmdb.org/t/p/w500/fgMka3HtFvI5OgW1eYdR9XpySxH.jpg
11026,Exorcist: The Beginning,https://image.tmdb.org/t/p/w500/4b7Mhc4HZN7XzMMLukaQ9C0x1Dx.jpg
332,Inspector Gadget,https://image.tmdb.org/t/p/w500/dDcsv1Lql5aM6H4JYfDHjBAXKgT.jpg
75656,Now You See Me,https://image.tmdb.org/t/p/w500/tWsNYbrqy1p1w6K9zRk0mSchztT.jpg
38365,Grown Ups,https://image.tmdb.org/t/p/w500/cQGM5k1NtU85n4TUlrOrwijSCcm.jpg
594,The Terminal,https://image.tmdb.org/t/p/w500/cPB3ZMM4UdsSAhNdS4c7ps5nypY.jpg
15189,Hotel for Dogs,https://image.tmdb.org/t/p/w500/xD2AssTeySNCamlGueai4yAZZfX.jpg
11678,Vertical Limit,https://image.tmdb.org/t/p/w500/kpqQUEi8eAyYHMDFACf6YlnPIu7.jpg
6538,Charlie Wilson's War,https://image.tmdb.org/t/p/w500/45FghqcdSYRWK7PsHUInaFPNd8l.jpg
10555,Shark Tale,https://image.tmdb.org/t/p/w500/r08DpyPyhXcJTfNZAICNGMzcQ8l.jpg
1125,Dreamgirls,https://image.tmdb.org/t/p/w500/sG5JyOj8Spe13QkNJMH8b5kzQUh.jpg
4551,Be Cool,https://image.tmdb.org/t/p/w500/ekKCH7Zkb5ZTr1f1AczZY23FH.jpg
612,Munich,https://image.tmdb.org/t/p/w500/iUekaw96QLInZpsNwRTlRKrZgwm.jpg
9567,Tears of the Sun,https://image.tmdb.org/t/p/w500/fUnSSQukwTwBSdCbufEE36petLq.jpg
37821,Killers,https://image.tmdb.org/t/p/w500/9VB8vGV4Aznf6GUc9C7a1EzGHLz.jpg
203801,The Man from U.N.C.L.E.,https://image.tmdb.org/t/p/w500/y5yZaForGSJbPD66Cvq9AT5WMAD.jpg
2539,Spanglish,https://image.tmdb.org/t/p/w500/x3OTaBvjqzhRL53Q39fOoIYqxyO.jpg
9297,Monster House,https://image.tmdb.org/t/p/w500/zCRPr4bkO3ae0U1134vJ39xZnAG.jpg
3172,Bandits,https://image.tmdb.org/t/p/w500/vy5oMqjiYjjd7VWLnqo6c3u88lC.jpg
6520,First Knight,https://image.tmdb.org/t/p/w500/dJH5bwtu3UxbwRsSlhlhmMrV8ZH.jpg
1439,Anna and the King,https://image.tmdb.org/t/p/w500/PIlOkljucv7HnvATbn4JwrAvSn.jpg
37958,Immortals,https://image.tmdb.org/t/p/w500/4SPPX5KIyaQ9O8n5rLvvUIiIhpF.jpg
2026,Hostage,https://image.tmdb.org/t/p/w500/vjhLmtjO2pMQXRgkxcwZoq2Ma8n.jpg
7450,Titan A.E.,https://image.tmdb.org/t/p/w500/el2iHk3LTJWfEnwrvcRkvWY501G.jpg
11375,Hollywood Homicide,https://image.tmdb.org/t/p/w500/Am7AhZYG7HLksY5E35oaEJ3Desz.jpg
9425,Soldier,https://image.tmdb.org/t/p/w500/g62RTtfhgzJo1GV2jjwdzpNuiUB.jpg
25769,Carriers,https://image.tmdb.org/t/p/w500/jxjnjHtHXgvjdhkwpelE9ZwVMg6.jpg
23685,Monkeybone,https://image.tmdb.org/t/p/w500/lgH7Wej9922C1MQv0wciAfesKH8.jpg
11866,Flight of the Phoenix,https://image.tmdb.org/t/p/w500/pj3nKoouBhLkO94XUg8y5IeZ32c.jpg
9741,Unbreakable,https://image.tmdb.org/t/p/w500/mLuehrGLiK5zFCyRmDDOH6gbfPf.jpg
211672,Minions,https://image.tmdb.org/t/p/w500/dr02BdCNAUPVU07aOodwPYv6HCf.jpg
23629,Sucker Punch,https://image.tmdb.org/t/p/w500/jtaUDnvIiHUd2ranDcjB5AbPx6o.jpg
8688,Snake Eyes,https://image.tmdb.org/t/p/w500/gsh9mQKRrr4M90XC9Rr0wxefc9u.jpg
10153,Sphere,https://image.tmdb.org/t/p/w500/reR7C7EYe3DiHm5OYpA0ACUMDld.jpg
153518,The Angry Birds Movie,https://image.tmdb.org/t/p/w500/iOH0fEFtV9z9rZp9zmBFGGeWicv.jpg
8676,Fool's Gold,https://image.tmdb.org/t/p/w500/f4djEBW3nyGRPLTcDlWYyaO43mx.jpg
20829,Funny People,https://image.tmdb.org/t/p/w500/gEYKD5cWCBGg8Za3hhwDBk3gEsP.jpg
4349,The Kingdom,https://image.tmdb.org/t/p/w500/AgtEL99178EEEKfd44mvvoPRZt1.jpg
9718,Talladega Nights: The Ballad of Ricky Bobby,https://image.tmdb.org/t/p/w500/3iCiTqsmJz1mO85AHzTiHNkRmb6.jpg
10808,Dr. Dolittle 2,https://image.tmdb.org/t/p/w500/asYjHXBoD44B6mLOcZtMfMV3hm1.jpg
197,Braveheart,https://image.tmdb.org/t/p/w500/or1gBugydmjToAEq7OZY0owwFk.jpg
25,Jarhead,https://image.tmdb.org/t/p/w500/6vdj47RAWOUZBkeQmqToeZ7eaio.jpg
35,The Simpsons Movie,https://image.tmdb.org/t/p/w500/s3b8TZWwmkYc2KoJ5zk77qB6PzY.jpg
11086,The Majestic,https://image.tmdb.org/t/p/w500/m9WrB91B8ghxIZhyFugkoSleBE7.jpg
10477,Driven,https://image.tmdb.org/t/p/w500/8tJ4Ya8yEyxCMihDumEyvwvUuLB.jpg
1997,Two Brothers,https://image.tmdb.org/t/p/w500/5I2pRuJI3SZVsxP5iaorGaczzkI.jpg
6947,The Village,https://image.tmdb.org/t/p/w500/v7UvYtKfIVaHLaHwVgfalyrK7Ho.jpg
3050,Doctor Dolittle,https://image.tmdb.org/t/p/w500/tLrchGMIkdo1KamQJA6fwvDQEy0.jpg
2675,Signs,https://image.tmdb.org/t/p/w500/YtrIdrTxpRhvCnlw43dwOjfLqx.jpg
809,Shrek 2,https://image.tmdb.org/t/p/w500/2yYP0PQjG8zVqturh1BAqu2Tixl.jpg
920,Cars,https://image.tmdb.org/t/p/w500/2Touk3m5gzsqr1VsvxypdyHY5ci.jpg
4806,Runaway Bride,https://image.tmdb.org/t/p/w500/wzivR0yWJStVdhcl0A5rQvVdTQ7.jpg
7451,xXx,https://image.tmdb.org/t/p/w500/xeEw3eLeSFmJgXZzmF2Efww0q3s.jpg
228165,The SpongeBob Movie: Sponge Out of Water,https://image.tmdb.org/t/p/w500/2WDmjUlSAPlA27i2OwEC7sRTFw3.jpg
3595,Ransom,https://image.tmdb.org/t/p/w500/4nmOA5ZOY2VlHzwSlKY03sF2JUz.jpg
16869,Inglourious Basterds,https://image.tmdb.org/t/p/w500/aupnPtagH9JVBuMrGEanf4iqXEQ.jpg
879,Hook,https://image.tmdb.org/t/p/w500/a6rB1lGXoGms7gWxRfJneQmAjNV.jpg
1573,Die Hard 2,https://image.tmdb.org/t/p/w500/ybki0UWO3OPhaM6MSniuKC7sy1R.jpg
9257,S.W.A.T.,https://image.tmdb.org/t/p/w500/bon63yPVIgUFLP2653Dg9GCOJLJ.jpg
1903,Vanilla Sky,https://image.tmdb.org/t/p/w500/cAh2pCiNPftsY3aSqJuIOde7uWr.jpg
9697,Lady in the Water,https://image.tmdb.org/t/p/w500/ddNmoSy1Jd3PBF5XDZvrrBIfrja.jpg
395,AVP: Alien vs. Predator,https://image.tmdb.org/t/p/w500/ySWu5bCnnmgV1cVacvFnFIhgOjp.jpg
23398,Alvin and the Chipmunks: The Squeakquel,https://image.tmdb.org/t/p/w500/A2tgUeWadVJs1g6zOCZgKRs8uWC.jpg
10590,We Were Soldiers,https://image.tmdb.org/t/p/w500/q2LeLzw4q9HTelkKx29dyTMf5zK.jpg
117263,Olympus Has Fallen,https://image.tmdb.org/t/p/w500/u3GTFGwesNBNd0t1hiLaEk1iqZU.jpg
200,Star Trek: Insurrection,https://image.tmdb.org/t/p/w500/xQCMAHeg5M9HpDIqanYbWdr4brB.jpg
44943,Battle: Los Angeles,https://image.tmdb.org/t/p/w500/jloyGeVYZSxM9zsLFvVOWuj2ey4.jpg
587,Big Fish,https://image.tmdb.org/t/p/w500/tjK063yCgaBAluVU72rZ6PKPH2l.jpg
10395,Wolf,https://image.tmdb.org/t/p/w500/5TprU55U2zjAMCwr2jQra3zj1zu.jpg
57212,War Horse,https://image.tmdb.org/t/p/w500/3aRHhvvngFPJFy5uAjo7GVr3PhL.jpg
152760,The Monuments Men,https://image.tmdb.org/t/p/w500/wiWAg4mKV2S4vImPxsPRIdj2R2B.jpg
2756,The Abyss,https://image.tmdb.org/t/p/w500/2dCit3XAtv9KWCJvRKdPkJ0FAkH.jpg
33909,Wall Street: Money Never Sleeps,https://image.tmdb.org/t/p/w500/gtonVdZZMWES6GyhasAX0xhUdrF.jpg
49017,Dracula Untold,https://image.tmdb.org/t/p/w500/m5h3NtZ2ZfryIHl1MvatmANvIqQ.jpg
9882,The Siege,https://image.tmdb.org/t/p/w500/gbeeWu8rYaIYMyq9ayN1AepjNxP.jpg
2270,Stardust,https://image.tmdb.org/t/p/w500/7zbFmxy3DqKYL2M8Hop6uylp2Uy.jpg
978,Seven Years in Tibet,https://image.tmdb.org/t/p/w500/qm87HHUew8ICtUCM4asO3gFYvby.jpg
44564,The Dilemma,https://image.tmdb.org/t/p/w500/a7EVBTqeh6NoCFDW24qIp11kyi9.jpg
3132,Bad Company,https://image.tmdb.org/t/p/w500/umu141mcfIEhRLgyQp7TWlGJFW.jpg
8814,Doom,https://image.tmdb.org/t/p/w500/y50lH061yWOvEstoZRn7lYs0huk.jpg
8427,I Spy,https://image.tmdb.org/t/p/w500/hmjCMtkeqxruMVocq7iwMx899xi.jpg
52520,Underworld: Awakening,https://image.tmdb.org/t/p/w500/jN0uuc8U6M3sTg9zEaliJV60Stf.jpg
80585,Rock of Ages,https://image.tmdb.org/t/p/w500/oVeE2QTUb14jPU2lYEGPE3s8T9j.jpg
10592,Hart's War,https://image.tmdb.org/t/p/w500/yRUhSU7vzs5ePa72LNPcKKCCMZ5.jpg
49021,Killer Elite,https://image.tmdb.org/t/p/w500/7O2U0WPFPSvNSUYZlhbnV081lBF.jpg
11535,Rollerball,https://image.tmdb.org/t/p/w500/5Wquo3EjfDpK7S1BHcybuC3TZDO.jpg
10550,Ballistic: Ecks vs. Sever,https://image.tmdb.org/t/p/w500/7Jcb486hN7hQRZTsb0RybFGeDOQ.jpg
11258,Hard Rain,https://image.tmdb.org/t/p/w500/ggMcOVSax4lBXjYqqQUJLCtrar3.jpg
12610,Osmosis Jones,https://image.tmdb.org/t/p/w500/foZpSG88IQUCEBJE3unc5QzO6bQ.jpg
59981,Legends of Oz: Dorothy's Return,https://image.tmdb.org/t/p/w500/5XiNCjFudNX0Wj5LanPuIb8E9pU.jpg
201088,Blackhat,https://image.tmdb.org/t/p/w500/7zu6HPnKPjNA7NuR4DGRdaH0PdX.jpg
5137,Sky Captain and the World of Tomorrow,https://image.tmdb.org/t/p/w500/pFJDXKg280uKiXG3eorscwV68D7.jpg
3093,Basic Instinct 2,https://image.tmdb.org/t/p/w500/yNRSbx6AhOlW673t2073Wr2iH4U.jpg
107846,Escape Plan,https://image.tmdb.org/t/p/w500/qOZPLflxDqKogu9v9hYw3lolxGs.jpg
188207,The Legend of Hercules,https://image.tmdb.org/t/p/w500/mU5fJzXeU8qTSjJCvxgGCgRcy8J.jpg
4614,The Sum of All Fears,https://image.tmdb.org/t/p/w500/3E4LW4bjRhEMDeeXeIsmkJ94v8K.jpg
24021,The Twilight Saga: Eclipse,https://image.tmdb.org/t/p/w500/dK4Gi1UdMiHzHc7r7CZQG4IQ9Sr.jpg
11371,The Score,https://image.tmdb.org/t/p/w500/fsb4m9XW59mei8GKznvI3lLzcfp.jpg
20352,Despicable Me,https://image.tmdb.org/t/p/w500/b1BT309QWjtFUlJPLmXmrcHOWEL.jpg
11517,Money Train,https://image.tmdb.org/t/p/w500/jWBDz6Mf9aQVBiUS76JQsEhvoJl.jpg
214756,Ted 2,https://image.tmdb.org/t/p/w500/38C91I7Xft0gyY7BITm8i4yvuRb.jpg
26428,Agora,https://image.tmdb.org/t/p/w500/1xsFa6I5vDd2UI1AJ1tsW7BUChv.jpg
9824,Mystery Men,https://image.tmdb.org/t/p/w500/ciVSbFmDecOIwlxl9F6GhHVgCVJ.jpg
48988,Hall Pass,https://image.tmdb.org/t/p/w500/eol3uD6whQKOKCmmhF7z39fq2Pe.jpg
9008,The Insider,https://image.tmdb.org/t/p/w500/w695X0FvTlBCS7GSLHNILnrfqPm.jpg
300673,The Finest Hours,https://image.tmdb.org/t/p/w500/6UG91TJ4DKI6FGdqXZfDBeRZHX8.jpg
12113,Body of Lies,https://image.tmdb.org/t/p/w500/sLjVDPPfNQfAma9XyOqHPClQb2V.jpg
38778,Dinner for Schmucks,https://image.tmdb.org/t/p/w500/eqCyt9ILsInMYPa2iveiINeVOJD.jpg
72331,Abraham Lincoln: Vampire Hunter,https://image.tmdb.org/t/p/w500/qv8deK0ZmutAuEpejruQKApIy6r.jpg
1844,Entrapment,https://image.tmdb.org/t/p/w500/psrm7DToacaxQvgViBAcrYiLKzH.jpg
846,The X Files,https://image.tmdb.org/t/p/w500/yLIw6shz2WC3W3iI0jROsF4B2ha.jpg
9703,The Last Legion,https://image.tmdb.org/t/p/w500/k2jaEoOsTEMqSskBJm3gfcuxNEc.jpg
857,Saving Private Ryan,https://image.tmdb.org/t/p/w500/uqx37cS8cpHg8U35f9U5IBlrCV3.jpg
136797,Need for Speed,https://image.tmdb.org/t/p/w500/45D153Bk0bNwonV1w5IBBvqssPV.jpg
3981,What Women Want,https://image.tmdb.org/t/p/w500/eqkBEMDk1316Yx5wVoabWY07JAi.jpg
425,Ice Age,https://image.tmdb.org/t/p/w500/gLhHHZUzeseRXShoDyC4VqLgsNv.jpg
6171,Dreamcatcher,https://image.tmdb.org/t/p/w500/hJn1tEpjCCm3RiKMtZ2HNPmCaqZ.jpg
72976,Lincoln,https://image.tmdb.org/t/p/w500/7mUYEkv9W3ek61eetZCfMQYVoi.jpg
603,The Matrix,https://image.tmdb.org/t/p/w500/dXNAPwY7VrqMAo51EKhhCJfaGb5.jpg
568,Apollo 13,https://image.tmdb.org/t/p/w500/tVeKscCm2fY1xDXZk8PgnZ87h9S.jpg
9021,The Santa Clause 2,https://image.tmdb.org/t/p/w500/2EAMkz0z1pbr9weOY1Y7buy2AxV.jpg
82695,Les Misérables,https://image.tmdb.org/t/p/w500/6CuzBs2Lb8At7qQr64mLXg2RYRb.jpg
9489,You've Got Mail,https://image.tmdb.org/t/p/w500/e2uVtH6TpMfUl7WeOM70ezkcjsU.jpg
12133,Step Brothers,https://image.tmdb.org/t/p/w500/nvggBbEraUTAVR6ffP3AaBUWSHs.jpg
9342,The Mask of Zorro,https://image.tmdb.org/t/p/w500/bdMufwGDDzqu4kTSQwrKc5WR4bu.jpg
41733,Due Date,https://image.tmdb.org/t/p/w500/sBxWS09pOOyXZ0dcnqfqqCAQGan.jpg
227306,Unbroken,https://image.tmdb.org/t/p/w500/vAlHUjHwLWMV5mg4epGR9WSIfiy.jpg
5551,Space Cowboys,https://image.tmdb.org/t/p/w500/hPzt1bbA1sUDQOl6Vujmyz2hjLN.jpg
9350,Cliffhanger,https://image.tmdb.org/t/p/w500/b28DOM54OHb1c7Lsk6Nu7Kwuonj.jpg
9208,Broken Arrow,https://image.tmdb.org/t/p/w500/iBPMwYYJFvdCBkXrwV75peo5Lz2.jpg
4244,The Kid,https://image.tmdb.org/t/p/w500/kMRZhiF08nDiO5aRb81Np5a4d6p.jpg
1852,World Trade Center,https://image.tmdb.org/t/p/w500/bfTiVc8kxq8uRXeblV3Ct35APGu.jpg
11820,Mona Lisa Smile,https://image.tmdb.org/t/p/w500/bg0VKsXnLjIZ0cHmZHZLs9gzrvm.jpg
76493,The Dictator,https://image.tmdb.org/t/p/w500/n0W7kajF4GFMRk2c0wWwMQqTaDM.jpg
345,Eyes Wide Shut,https://image.tmdb.org/t/p/w500/knEIz1eNGl5MQDbrEAVWA7iRqF9.jpg
196867,Annie,https://image.tmdb.org/t/p/w500/aKAM9V0izx4VhsdyAdBvAB26UCZ.jpg
256591,Focus,https://image.tmdb.org/t/p/w500/lOzGWjceYTd0kd5HyX7Ch46O9kh.jpg
59962,This Means War,https://image.tmdb.org/t/p/w500/7d1hwECRc1NZlGfAeYE42ki7Fem.jpg
36648,Blade: Trinity,https://image.tmdb.org/t/p/w500/6f7iXvPOnf83MaLB1JmPzUor1rr.jpg
1880,Red Dawn,https://image.tmdb.org/t/p/w500/a2GkHcioc2QEFJbQk1NTB85u3vD.jpg
9440,Primary Colors,https://image.tmdb.org/t/p/w500/RXEgVSEBkMnV8LkEGkBpuz3mkD.jpg
71679,Resident Evil: Retribution,https://image.tmdb.org/t/p/w500/ohdUDWVlcbuWphaLu6wS91xdJ73.jpg
10483,Death Race,https://image.tmdb.org/t/p/w500/5A79GeOb3uChQ0l0ZDjDyODKQp3.jpg
11412,The Long Kiss Goodnight,https://image.tmdb.org/t/p/w500/yREdXX5lMFUKhTvb0ofI7mzUHlR.jpg
11983,Proof of Life,https://image.tmdb.org/t/p/w500/yw8x2i3vaHZZzpvqvF75E8q2N6M.jpg
6795,Zathura: A Space Adventure,https://image.tmdb.org/t/p/w500/gDb5BW2NLqZ9cvg9nyzkZVvmgze.jpg
550,Fight Club,https://image.tmdb.org/t/p/w500/jSziioSwPVrOy9Yow3XhWIBDjq1.jpg
11170,We Are Marshall,https://image.tmdb.org/t/p/w500/5PSiExbg6Fm8MiPJOikBCOcZFnd.jpg
9292,Hudson Hawk,https://image.tmdb.org/t/p/w500/2AiR7HZuIOUdJp6LYOEOA8z7pF3.jpg
10783,Lucky Numbers,https://image.tmdb.org/t/p/w500/glmBnEtrmtMypPyg8DiwPZja3Vj.jpg
100241,"I, Frankenstein",https://image.tmdb.org/t/p/w500/a53tIl4k20zCZCNyq73kiXkwWkl.jpg
257,Oliver Twist,https://image.tmdb.org/t/p/w500/zhPdYZ3x2uanhM1SyBj4CuL6hSa.jpg
9947,Elektra,https://image.tmdb.org/t/p/w500/gC6s6NKHneSrOKyQZnUMb443RKU.jpg
189,Sin City: A Dame to Kill For,https://image.tmdb.org/t/p/w500/50kALxDX4mmzIRljbNbPY0u4cie.jpg
12618,Random Hearts,https://image.tmdb.org/t/p/w500/k7LoKDWDesvYD7DXDh9Ewlxtcx8.jpg
253412,Everest,https://image.tmdb.org/t/p/w500/2jKOu2bjpLP6NXJcm7Ep14bDGtA.jpg
1427,Perfume: The Story of a Murderer,https://image.tmdb.org/t/p/w500/2wrFrUej8ri5EpjgIkjKTAnr686.jpg
818,Austin Powers in Goldmember,https://image.tmdb.org/t/p/w500/n8V61f1v7idya4WJzGEJNoIp9iL.jpg
16577,Astro Boy,https://image.tmdb.org/t/p/w500/6AK3uOHaIbl6EDaytHYe4FinZMu.jpg
329,Jurassic Park,https://image.tmdb.org/t/p/w500/63viWuPfYQjRYLSZSZNq7dglJP5.jpg
12160,Wyatt Earp,https://image.tmdb.org/t/p/w500/51LItgyecu2KMAtIchYogEykCIu.jpg
9331,Clear and Present Danger,https://image.tmdb.org/t/p/w500/6xTM8FPxrLRYwz6I3fqtwh7xybs.jpg
300168,Dragon Blade,https://image.tmdb.org/t/p/w500/hrEbZNZQ385i4snYWyCDpYrEofO.jpg
9072,Little Man,https://image.tmdb.org/t/p/w500/9KzPw1VN0pMBnq1KIqBaLI8LAB7.jpg
3536,U-571,https://image.tmdb.org/t/p/w500/7lc7jXmjQmITnfUBX7nN4kxKKbI.jpg
9087,The American President,https://image.tmdb.org/t/p/w500/yObOAYFIHXHkFPQ3jhgkN2ezaD.jpg
12177,The Love Guru,https://image.tmdb.org/t/p/w500/sp8AV64ftAZCT9uWfgbCb3olGDW.jpg
12138,3000 Miles to Graceland,https://image.tmdb.org/t/p/w500/nJgr5sGoXnsgZ0EVt80i6X9dQiA.jpg
273248,The Hateful Eight,https://image.tmdb.org/t/p/w500/jIywvdPjia2t3eKYbjVTcwBQlG8.jpg
9955,Blades of Glory,https://image.tmdb.org/t/p/w500/yclY3zyzrL1MS9b6Eygs9ks0ZTY.jpg
50359,Hop,https://image.tmdb.org/t/p/w500/2FrDmwXWjRE1zpNP288YncRt5RF.jpg
1271,300,https://image.tmdb.org/t/p/w500/h7Lcio0c9ohxPhSZg42eTlKIVVY.jpg
693,Meet the Fockers,https://image.tmdb.org/t/p/w500/59fXm6N2x7QSbvt6BaBxTNBXGL8.jpg
14306,Marley & Me,https://image.tmdb.org/t/p/w500/pnB6hjTKylb0Ve2nUWt16gzkErr.jpg
497,The Green Mile,https://image.tmdb.org/t/p/w500/8VG8fDNiy50H4FedGwdSVUPoaJe.jpg
11199,Wild Hogs,https://image.tmdb.org/t/p/w500/qYyPCZcpNGZwbyBo1gwdCiW5hHC.jpg
9982,Chicken Little,https://image.tmdb.org/t/p/w500/87FpA4b90eTaw3U6zmCNikoPLir.jpg
210577,Gone Girl,https://image.tmdb.org/t/p/w500/ts996lKsxvjkO2yiYG0ht4qAicO.jpg
2501,The Bourne Identity,https://image.tmdb.org/t/p/w500/aP8swke3gmowbkfZ6lmNidu0y9p.jpg
710,GoldenEye,https://image.tmdb.org/t/p/w500/z0ljRnNxIO7CRBhLEO0DvLgAFPR.jpg
2275,The General's Daughter,https://image.tmdb.org/t/p/w500/w8CMN81n7SON7ALPMlxZtOzBZB.jpg
37165,The Truman Show,https://image.tmdb.org/t/p/w500/vuza0WqY239yBXOadKlGwJsZJFE.jpg
9837,The Prince of Egypt,https://image.tmdb.org/t/p/w500/2xUjYwL6Ol7TLJPPKs7sYW5PWLX.jpg
10708,Daddy Day Care,https://image.tmdb.org/t/p/w500/uiey5XUKuPicwpIJMf1OpaOd1jL.jpg
136400,2 Guns,https://image.tmdb.org/t/p/w500/ptURGAFktibhk7DEAbMazlmNqWa.jpg
10992,Cats & Dogs,https://image.tmdb.org/t/p/w500/wUWoat7L4vvQburQ8pVEJhRG9L5.jpg
9654,The Italian Job,https://image.tmdb.org/t/p/w500/eSkjK4kctyrWpFhxl35GPvSs6tI.jpg
2642,Two Weeks Notice,https://image.tmdb.org/t/p/w500/r18hSGAcxWiUysbX6nFShIZyjjP.jpg
8916,Antz,https://image.tmdb.org/t/p/w500/lWPjxbUMpAHFkJpZHHNWhQaRsax.jpg
19899,Couples Retreat,https://image.tmdb.org/t/p/w500/igXVSRZsNX3TZsKrQqSyEJvzHRF.jpg
2119,Days of Thunder,https://image.tmdb.org/t/p/w500/8UvcoeMJag8UWGF8sg7eYspzq0Q.jpg
9641,Cheaper by the Dozen 2,https://image.tmdb.org/t/p/w500/wD68dEtcKuboxd8bhbqiTTxn6cX.jpg
294254,Maze Runner: The Scorch Trials,https://image.tmdb.org/t/p/w500/mYw7ZyejqSCPFlrT2jHZOESZDU3.jpg
38167,Eat Pray Love,https://image.tmdb.org/t/p/w500/gjR5zUeMGV6UNqtI0OuzqrLQcjU.jpg
5994,The Family Man,https://image.tmdb.org/t/p/w500/9wToOVsKuf0XeKhlauzCa3D8Gui.jpg
39514,RED,https://image.tmdb.org/t/p/w500/8eeK3OB5PeSRQD7BpZcGZKkehG.jpg
9563,Any Given Sunday,https://image.tmdb.org/t/p/w500/bysZeUvSPZPJnku4qkHF34CdgMG.jpg
547,The Horse Whisperer,https://image.tmdb.org/t/p/w500/ptkDeHY2mRJVyNRyxb9TgyAjTYs.jpg
1538,Collateral,https://image.tmdb.org/t/p/w500/nV5316WUsVij8sVXLCF1g7TFitg.jpg
9334,The Scorpion King,https://image.tmdb.org/t/p/w500/aITIsX20tACn6jgtyDcCYpRT216.jpg
11128,Ladder 49,https://image.tmdb.org/t/p/w500/aJWQNUUHVcI7kvlVdUzPS9J8XHt.jpg
75780,Jack Reacher,https://image.tmdb.org/t/p/w500/uQBbjrLVsUibWxNDGA4Czzo8lwz.jpg
8914,Deep Blue Sea,https://image.tmdb.org/t/p/w500/fyn0zyCI4kIlbDoHH0Hzv09hDC5.jpg
13576,This Is It,https://image.tmdb.org/t/p/w500/8GvQzHFSqr9KhyVxLEpB5dXPOWG.jpg
39538,Contagion,https://image.tmdb.org/t/p/w500/qL0IooP0bjXy0KXl9KEyPo22ll0.jpg
10628,Kangaroo Jack,https://image.tmdb.org/t/p/w500/nflh9On0de4l7ItCl3n4NVXjmnm.jpg
14836,Coraline,https://image.tmdb.org/t/p/w500/4jeFXQYytChdZYE9JYO7Un87IlW.jpg
8645,The Happening,https://image.tmdb.org/t/p/w500/fP4nBrtmc0teSDDHzYmDE7TLQBT.jpg
9509,Man on Fire,https://image.tmdb.org/t/p/w500/grCGLCcTHv9TChibzOwzUpykcjB.jpg
10067,The Shaggy Dog,https://image.tmdb.org/t/p/w500/tGX3YyPaYMbjiRwR5PjRsJW7GtM.jpg
9384,Starsky & Hutch,https://image.tmdb.org/t/p/w500/fmBYVkBjhVspPv3GGus84qhBo1a.jpg
9279,Jingle All the Way,https://image.tmdb.org/t/p/w500/lHLOUt0ZIQLC5asHdIQBoTUvaEp.jpg
1487,Hellboy,https://image.tmdb.org/t/p/w500/lbaTEneOofwvAyg77R8HbFML2zT.jpg
9422,A Civil Action,https://image.tmdb.org/t/p/w500/2AVF1cjRGOfaB4oteSzxvHiQ3hR.jpg
77174,ParaNorman,https://image.tmdb.org/t/p/w500/9DZPtuYTKYxt6vzHvZ5FLThG4fl.jpg
4824,The Jackal,https://image.tmdb.org/t/p/w500/oXF26QmDEaRaH9Fbhs3NXtcnryx.jpg
9620,Paycheck,https://image.tmdb.org/t/p/w500/h0BWaPnWYXwbCXF69DxS0YWcVy2.jpg
9302,Up Close & Personal,https://image.tmdb.org/t/p/w500/zF67qcf7skMHLpXnifodinUqCFr.jpg
10199,The Tale of Despereaux,https://image.tmdb.org/t/p/w500/6bBzgQ1uJabDHeGR9QvKrHvHYzG.jpg
10771,The Tuxedo,https://image.tmdb.org/t/p/w500/lTMnOx7E2zEzIGY0og1KkfgYMhY.jpg
3512,Under Siege 2: Dark Territory,https://image.tmdb.org/t/p/w500/gElwFCQTbSK5hdK0PVyia547nst.jpg
137094,Jack Ryan: Shadow Recruit,https://image.tmdb.org/t/p/w500/m7HcLUodrD4lM4s0Hui1tzO2pjO.jpg
274479,Joy,https://image.tmdb.org/t/p/w500/nZAs0HbW82TI1i4Xid83M941Pki.jpg
267860,London Has Fallen,https://image.tmdb.org/t/p/w500/iEbLkYzyiUdOKNK4WNBFyGH7r2Y.jpg
8078,Alien: Resurrection,https://image.tmdb.org/t/p/w500/9aRDMlU5Zwpysilm0WCWzU2PCFv.jpg
7485,Shooter,https://image.tmdb.org/t/p/w500/2aWGxo1E5polpBjPvtBRkWp7qaS.jpg
170687,The Boxtrolls,https://image.tmdb.org/t/p/w500/npBf0yc5Gt7aAyyVOcYtFyT2IPa.jpg
6435,Practical Magic,https://image.tmdb.org/t/p/w500/AwmToSgf2IL3aHv0QRVsR5KvChv.jpg
137106,The Lego Movie,https://image.tmdb.org/t/p/w500/lbctonEnewCYZ4FYoTZhs8cidAl.jpg
10040,Miss Congeniality 2: Armed and Fabulous,https://image.tmdb.org/t/p/w500/gcYoIHND3ugn2VH1cNHHNQasEyI.jpg
6278,Reign of Fire,https://image.tmdb.org/t/p/w500/vZVXCj3jXzIPJUHLaQohzt2uTM3.jpg
82682,Gangster Squad,https://image.tmdb.org/t/p/w500/wAuQNTBFBu2yXZsX6yLhUPiwTlW.jpg
17610,Year One,https://image.tmdb.org/t/p/w500/qF573jdJYwtCbXVXPDn4xu8nW2a.jpg
22954,Invictus,https://image.tmdb.org/t/p/w500/runuhBAAX7PmdjGhqRKCyl4bh7z.jpg
16995,State of Play,https://image.tmdb.org/t/p/w500/mWsfeSFUM3NxWa62UrA9IIn240B.jpg
16558,Duplicity,https://image.tmdb.org/t/p/w500/vpWQs3CjwG6Er3DgZlv4L3NFjXg.jpg
9849,My Favorite Martian,https://image.tmdb.org/t/p/w500/pOp4xriDEFUy2uN0BfnHJcjzqWt.jpg
5820,The Sentinel,https://image.tmdb.org/t/p/w500/wPFVeVYuFhCnnOAZZHpMROCbssE.jpg
16866,Planet 51,https://image.tmdb.org/t/p/w500/x7Itcg3ZdExKwdKguy73WPEqosW.jpg
201,Star Trek: Nemesis,https://image.tmdb.org/t/p/w500/cldAwhvBmOv9jrd3bXWuqRHoXyq.jpg
11775,Intolerable Cruelty,https://image.tmdb.org/t/p/w500/7K8hDwOWsZv0MluyrB8nWlhJOgB.jpg
87825,Trouble with the Curve,https://image.tmdb.org/t/p/w500/zLZQVmxOj5kICbS5Pq7rB1cbPvP.jpg
12201,Edge of Darkness,https://image.tmdb.org/t/p/w500/pvHjp1vEFmp5FquSCPQ2O95tIZJ.jpg
11015,The Relic,https://image.tmdb.org/t/p/w500/fAG4nKPUWEIwGBpP38H64GGV8kl.jpg
9932,Analyze That,https://image.tmdb.org/t/p/w500/q3R6Hno3WFfIkHQg7CeVAEOcHQQ.jpg
13389,Righteous Kill,https://image.tmdb.org/t/p/w500/wKL5pzUfGOqOFjf0VN47nXlZOAL.jpg
8838,Mercury Rising,https://image.tmdb.org/t/p/w500/60AAso6I2TzQCy2SjqtzPni8csA.jpg
17332,The Soloist,https://image.tmdb.org/t/p/w500/6GnFN9OTkaoeKNzd2Fbp3ZyJjKi.jpg
4958,The Legend of Bagger Vance,https://image.tmdb.org/t/p/w500/7jKjh9PZvHJYYtCycQmTbBoZVV4.jpg
786,Almost Famous,https://image.tmdb.org/t/p/w500/3rrkyLYbgLj84AYvjhdcJot4JPx.jpg
9513,Garfield: A Tail of Two Kitties,https://image.tmdb.org/t/p/w500/O2j1bwErQ6bbBVZM5Vxg3Tsoir.jpg
11679,xXx: State of the Union,https://image.tmdb.org/t/p/w500/nL9J0N3HJSdZTKRsd5xcE6IzL5s.jpg
38321,Priest,https://image.tmdb.org/t/p/w500/fYHiA7LPGl9DG7m3DUs0Td1VMcO.jpg
14411,Sinbad: Legend of the Seven Seas,https://image.tmdb.org/t/p/w500/yiW2L1fDiBT7AeWXrykhTNtPrr8.jpg
8413,Event Horizon,https://image.tmdb.org/t/p/w500/cHoeg3gAD5w63Et5DImY1Jb7HaO.jpg
10052,Dragonfly,https://image.tmdb.org/t/p/w500/tafDYI10ZhorJ6nmsPqUfzQpRLn.jpg
9676,The Black Dahlia,https://image.tmdb.org/t/p/w500/su7yuXqGUHICfoijtcSaxWLE34Y.jpg
9664,Flyboys,https://image.tmdb.org/t/p/w500/xezeqrrno6ytLyLrbTXRGUk4rdu.jpg
2100,The Last Castle,https://image.tmdb.org/t/p/w500/pYnUfauPVK6g8IRO2REYl4TUZ2p.jpg
10384,Supernova,https://image.tmdb.org/t/p/w500/AmHGUjhgXnOYRYrF2ZYMtzfwxPe.jpg
137321,Winter's Tale,https://image.tmdb.org/t/p/w500/sdmHGy9c92SjAhz1h05TSLfnnAj.jpg
123553,The Mortal Instruments: City of Bones,https://image.tmdb.org/t/p/w500/zaK1aVn5vXfNwLIDop9U8XA3Q0x.jpg
11260,Meet Dave,https://image.tmdb.org/t/p/w500/3Qfav5aVRcZmq854olMjJ795JJ2.jpg
9009,Dark Water,https://image.tmdb.org/t/p/w500/cm4M9xaBu78IjuAVNG4LCXdXsg.jpg
11374,Edtv,https://image.tmdb.org/t/p/w500/xnnjoMONNamGU6ZX6acbcxyOKv1.jpg
2309,Inkheart,https://image.tmdb.org/t/p/w500/eXFK5aBDzUPSynAhSKMJy7xLxqE.jpg
8285,The Spirit,https://image.tmdb.org/t/p/w500/rZovzd9Oz3fQChXdKo3aT7EUVkj.jpg
210860,Mortdecai,https://image.tmdb.org/t/p/w500/zIRDhdAuMevOuY2vs3s1HNcqDq7.jpg
2312,In the Name of the King: A Dungeon Siege Tale,https://image.tmdb.org/t/p/w500/bbN1lmDk1PT0GsTFCy179sk5nIF.jpg
9839,Beyond Borders,https://image.tmdb.org/t/p/w500/j7Upm2AtGuTzCs2Asq0GyBIMAxX.jpg
381902,The Monkey King 2,https://image.tmdb.org/t/p/w500/iOApsyuFG05NaDCNHnicrln1ztM.jpg
13922,The Great Raid,https://image.tmdb.org/t/p/w500/k5Q76tzV2T4RtDdYwNj64c1qQ16.jpg
293660,Deadpool,https://image.tmdb.org/t/p/w500/3E53WEZJqP6aM84D8CckXx4pIHw.jpg
9713,Holy Man,https://image.tmdb.org/t/p/w500/sfJBsOdSbgLLarO6GIS0dWzFcCv.jpg
190859,American Sniper,https://image.tmdb.org/t/p/w500/i1U46OwMc6vlm7OoSUKfqUH615e.jpg
257445,Goosebumps,https://image.tmdb.org/t/p/w500/aeZT9pqEgrmXOGdESFkAuVjX6kw.jpg
9007,Just Like Heaven,https://image.tmdb.org/t/p/w500/2cLbyVNhEEaUJGg7rfbLtX6454I.jpg
889,The Flintstones in Viva Rock Vegas,https://image.tmdb.org/t/p/w500/hJ0BqcVItbqe92LfsUC8zcNvwuc.jpg
1370,Rambo III,https://image.tmdb.org/t/p/w500/1eSQvGuD25ezKaiaQsyDDG3e9iN.jpg
4942,Leatherheads,https://image.tmdb.org/t/p/w500/dl2yu8iuwG3dqbpjalm2odadRaH.jpg
347969,The Ridiculous 6,https://image.tmdb.org/t/p/w500/kPc80jywR5Nm2KIQjkY5i4VXSx4.jpg
24438,Did You Hear About the Morgans?,https://image.tmdb.org/t/p/w500/zNRLfwUGKaSQEDvOKlIOLGn8qRk.jpg
116741,The Internship,https://image.tmdb.org/t/p/w500/hIh3ZgsZ31nbUAGn5SKIZGKiKCX.jpg
35791,Resident Evil: Afterlife,https://image.tmdb.org/t/p/w500/nYPc4sJdCZLY7YFYUmqXXYt3luH.jpg
72431,Red Tails,https://image.tmdb.org/t/p/w500/dXmhYTdeMiuQFW4VpiWbfjtxtl9.jpg
1813,The Devil's Advocate,https://image.tmdb.org/t/p/w500/5ZzBGpxy55OQzHxKVY11IpY6a0o.jpg
87428,That's My Boy,https://image.tmdb.org/t/p/w500/oaLhdRsZ5Mq8VfZtA4Wlvjzzn0X.jpg
8840,DragonHeart,https://image.tmdb.org/t/p/w500/1J2FvxEoEKMFT9TjUdfhm0MJhZD.jpg
10589,After the Sunset,https://image.tmdb.org/t/p/w500/ldor5Ep0B01TCfwZ2vWWA8VPT6U.jpg
71676,Ghost Rider: Spirit of Vengeance,https://image.tmdb.org/t/p/w500/xEoBT6lYfQNpSpTm8gJMTrQytiw.jpg
1722,Captain Corelli's Mandolin,https://image.tmdb.org/t/p/w500/9YahF8HFypIKFTvOTiYzObA0hom.jpg
10022,The Pacifier,https://image.tmdb.org/t/p/w500/ayVLPibrtazh7U5FliWRLDMmG3d.jpg
11358,Walking Tall,https://image.tmdb.org/t/p/w500/2sdmKtRz2SlGSLxxZDePKm5zxus.jpg
13,Forrest Gump,https://image.tmdb.org/t/p/w500/Cw4hIUIAmSYfK9QfaUW5igp9La.jpg
6477,Alvin and the Chipmunks,https://image.tmdb.org/t/p/w500/3s3WvpKPXXeKAPketDDqiQTi20S.jpg
1597,Meet the Parents,https://image.tmdb.org/t/p/w500/5tXJ9ctuyEOMUFLaeqRisbXowWs.jpg
10530,Pocahontas,https://image.tmdb.org/t/p/w500/kZ1ft0QZ4e3zDUPMBftEkwI9ftd.jpg
1924,Superman,https://image.tmdb.org/t/p/w500/d7px1FQxW4tngdACVRsCSaZq0Xl.jpg
9327,The Nutty Professor,https://image.tmdb.org/t/p/w500/fMtb5aZoLRNbMnCkatFsTmPRfl5.jpg
8488,Hitch,https://image.tmdb.org/t/p/w500/x3W9H3nhGQbWSlyI8Amp2F6Z6cz.jpg
10603,George of the Jungle,https://image.tmdb.org/t/p/w500/lWp8hUqE4oLPxsYgilXoYoVThfU.jpg
8273,American Wedding,https://image.tmdb.org/t/p/w500/pCO3lJv2PzPkJty29APxCVSjyoE.jpg
109424,Captain Phillips,https://image.tmdb.org/t/p/w500/8Td0kkocW6sD3uRpzwfMfkqMWhx.jpg
35056,Date Night,https://image.tmdb.org/t/p/w500/9ftaHHJW2IrtnGbazdn5SP8V7Cf.jpg
8839,Casper,https://image.tmdb.org/t/p/w500/2ah8fNJFZVU3vcXhU5xfAYi2eym.jpg
156022,The Equalizer,https://image.tmdb.org/t/p/w500/9u4yW7yPA0BQ2pv9XwiNzItwvp8.jpg
7303,Maid in Manhattan,https://image.tmdb.org/t/p/w500/gnEuTYH3jhHxl80QyoPfZjEYd0J.jpg
8963,Crimson Tide,https://image.tmdb.org/t/p/w500/21nqRJ6ofEgVvEl68J4O9V26Xzy.jpg
1402,The Pursuit of Happyness,https://image.tmdb.org/t/p/w500/lBYOKAMcxIvuk9s9hMuecB9dPBV.jpg
9315,Flightplan,https://image.tmdb.org/t/p/w500/oNjZFzbe7PfF3TxztNHDkinOPyB.jpg
8984,Disclosure,https://image.tmdb.org/t/p/w500/9e8cp3ho2aZrHMFgitysCoJxXwP.jpg
795,City of Angels,https://image.tmdb.org/t/p/w500/iuzxpUjHsbQJXV3kB9ZAdCimM60.jpg
24,Kill Bill: Vol. 1,https://image.tmdb.org/t/p/w500/v7TaX8kXMXs5yFFGR41guUDNcnB.jpg
11353,Bowfinger,https://image.tmdb.org/t/p/w500/iGuiFYEYwFkaRPl3FgLJYEm6dWq.jpg
393,Kill Bill: Vol. 2,https://image.tmdb.org/t/p/w500/2yhg0mZQMhDyvUQ4rG1IZ4oIA8L.jpg
9618,Tango & Cash,https://image.tmdb.org/t/p/w500/jxxxjTu87OSmQYkMFF7MgOEDXRn.jpg
9374,Death Becomes Her,https://image.tmdb.org/t/p/w500/kkWxyyyWFK5KNk9WVwQuGEC9H9H.jpg
8584,Shanghai Noon,https://image.tmdb.org/t/p/w500/b0WwWRcDiDahkah5vZ0KjB4N9ZZ.jpg
2320,Executive Decision,https://image.tmdb.org/t/p/w500/hLjXkFr9fHlWzRVwu1T31QSVHRq.jpg
58224,Mr. Popper's Penguins,https://image.tmdb.org/t/p/w500/jGwZ1QI5DaL7mHQ2ZsMV1p8xvPS.jpg
1729,The Forbidden Kingdom,https://image.tmdb.org/t/p/w500/z8chF1Z7hyuSVqLYTgElkQZh2VB.jpg
175574,Free Birds,https://image.tmdb.org/t/p/w500/gnSU2wUBq2gTkBEkxY8C1d1fXAQ.jpg
8077,Alien³,https://image.tmdb.org/t/p/w500/xh5wI0UoW7DfS1IyLy3d2CgrCEP.jpg
8818,Evita,https://image.tmdb.org/t/p/w500/mVdQatilUGMtB6sV4FXA7O473UD.jpg
8195,Ronin,https://image.tmdb.org/t/p/w500/AirrhRJjHwytOV0pdLu7YZ4DEyr.jpg
10586,The Ghost and the Darkness,https://image.tmdb.org/t/p/w500/3KEPs6RKlin9pT9fqjtW7MSLC8H.jpg
116149,Paddington,https://image.tmdb.org/t/p/w500/wpchRGhRhvhtU083PfX2yixXtiw.jpg
80035,The Watch,https://image.tmdb.org/t/p/w500/gwfgYA9wGpV4QLB0LrcexwfwC19.jpg
10632,The Hunted,https://image.tmdb.org/t/p/w500/AvdBPe2XSKm3cGyTKFgbquC2jCo.jpg
12117,Instinct,https://image.tmdb.org/t/p/w500/8EKmzia6awjsqFxgBk5a82aTmb6.jpg
1792,Stuck on You,https://image.tmdb.org/t/p/w500/5TmPGPsOP4EgMo8X14pyywxB1j2.jpg
13260,Semi-Pro,https://image.tmdb.org/t/p/w500/7KJrvJf96UpkXsWVOjzCo1IbnW6.jpg
72197,The Pirates! In an Adventure with Scientists!,https://image.tmdb.org/t/p/w500/bkLeXPDP6sramrTiF5W7TzUl4t0.jpg
3580,Changeling,https://image.tmdb.org/t/p/w500/y9Qi39dL3PceGCH8afyC7QrhbhI.jpg
12123,Chain Reaction,https://image.tmdb.org/t/p/w500/4ahjVHwXXsq5zK57ds8FwWY73MS.jpg
9566,The Fan,https://image.tmdb.org/t/p/w500/lu7CjP8YES5dJMCFg5O9o9jCkjl.jpg
9833,The Phantom of the Opera,https://image.tmdb.org/t/p/w500/aTsp2VTaCBiGs8w05OTXfD97FRZ.jpg
4517,Elizabeth: The Golden Age,https://image.tmdb.org/t/p/w500/oBQ64TyPEINgVpwKWriv3QsIDJb.jpg
8202,Æon Flux,https://image.tmdb.org/t/p/w500/5958Nt4QX6aRSUdQnvNw8wqjTJQ.jpg
16072,Gods and Generals,https://image.tmdb.org/t/p/w500/cgTb9rFEgAi2hq8B5AUABZHX8I.jpg
34314,Turbulence,https://image.tmdb.org/t/p/w500/8N63NGWIErS7jUvR5NeVWDZEeZJ.jpg
19724,Imagine That,https://image.tmdb.org/t/p/w500/lyCTP5C3raH46hJNS9WfBSnWHsG.jpg
145220,Muppets Most Wanted,https://image.tmdb.org/t/p/w500/AmX19leUR5gzBZrvA2QXVxGpgHK.jpg
14623,Thunderbirds,https://image.tmdb.org/t/p/w500/1jH0vADEIvuRlkvJzLUW5nVO96d.jpg
42297,Burlesque,https://image.tmdb.org/t/p/w500/3U9zBIibERQZqYKM3N1a4MYgBsN.jpg
2841,A Very Long Engagement,https://image.tmdb.org/t/p/w500/jZ3Ir3d69dsyxif8dTVh3DjKzKH.jpg
802,Lolita,https://image.tmdb.org/t/p/w500/8Puqbeh0D95DpXFWep1rmH78btu.jpg
10375,D-Tox,https://image.tmdb.org/t/p/w500/rn2Zu7zjOfNQCqQmqO7T1PDcBCq.jpg
36586,Blade II,https://image.tmdb.org/t/p/w500/yDHwo3eWcMiy5LnnEnlGV9iLu9k.jpg
11321,Seven Pounds,https://image.tmdb.org/t/p/w500/85zUipgVy2QbvAJ6djZXYaGckMv.jpg
70074,Bullet to the Head,https://image.tmdb.org/t/p/w500/arJfxShfuZPhqfBZZU6DkPZfnjn.jpg
242,The Godfather: Part III,https://image.tmdb.org/t/p/w500/lm3pQ2QoQ16pextRsmnUbG2onES.jpg
9621,Elizabethtown,https://image.tmdb.org/t/p/w500/mOdlzAQxhMgiaazRzif1YtJzg9s.jpg
1819,"You, Me and Dupree",https://image.tmdb.org/t/p/w500/rtqbg1CKR4dFdmHxmsiM3u9n71I.jpg
8536,Superman II,https://image.tmdb.org/t/p/w500/3xk5cno9BHcnwc97XO9k21aI1Zi.jpg
8046,Gigli,https://image.tmdb.org/t/p/w500/qOhAK3WDqdeVTIE59loXvEGU7Lu.jpg
1717,All the King's Men,https://image.tmdb.org/t/p/w500/r3Yu6JdufxUSqy6PJgT887UpSMt.jpg
479,Shaft,https://image.tmdb.org/t/p/w500/5ncvnNPaN73cOqD4muE413sSOyY.jpg
9444,Anastasia,https://image.tmdb.org/t/p/w500/bppGWGA8zq1sRvTdDJnUzVW9GcH.jpg
824,Moulin Rouge!,https://image.tmdb.org/t/p/w500/2kjM5CUZRIU5yOANUowrbJcRL9L.jpg
11456,Domestic Disturbance,https://image.tmdb.org/t/p/w500/quRhjnXAuIn04VmgM84nmKzt79J.jpg
261023,Black Mass,https://image.tmdb.org/t/p/w500/zfwciv4LIJkNQsfuhYGv0Nkiweg.jpg
3683,Flags of Our Fathers,https://image.tmdb.org/t/p/w500/2nkPrhf4YIyMFelfe4zdOnGRYz5.jpg
22803,Law Abiding Citizen,https://image.tmdb.org/t/p/w500/fcEXcip7v0O1ndV4VUdFqJSqbOg.jpg
285923,Grindhouse,https://image.tmdb.org/t/p/w500/tvMBwJlmQTIQf5EBjHzzyE9tjcN.jpg
39437,Beloved,https://image.tmdb.org/t/p/w500/jIoT0J2fNXXCYZst6OkKStQIPw9.jpg
1950,Lucky You,https://image.tmdb.org/t/p/w500/23jI1zZnrLlrkeGjjkBkUF4FVTf.jpg
640,Catch Me If You Can,https://image.tmdb.org/t/p/w500/ctjEj2xM32OvBXCq8zAdK3ZrsAj.jpg
97630,Zero Dark Thirty,https://image.tmdb.org/t/p/w500/wNSdSSxowM3WIqmPJNg3RagYbwP.jpg
9767,The Break-Up,https://image.tmdb.org/t/p/w500/ghCLIPRZNAndBoIZJ8f7lN5Mlly.jpg
11631,Mamma Mia!,https://image.tmdb.org/t/p/w500/xYLiCWmAMHJubx5jNZ7HuXKjAbV.jpg
32856,Valentine's Day,https://image.tmdb.org/t/p/w500/qOTcfD2DdnOTmhH0r1TOE09VvNh.jpg
6519,The Dukes of Hazzard,https://image.tmdb.org/t/p/w500/2ZrNyYJEgE0VIqhelQPqFTR20xF.jpg
8741,The Thin Red Line,https://image.tmdb.org/t/p/w500/seMydAaoxQP6F0xbE1jOcTmn5Jr.jpg
49520,The Change-Up,https://image.tmdb.org/t/p/w500/iV6ARQZyGpjygtzFMdWH9U1Lj9x.jpg
1850,Man on the Moon,https://image.tmdb.org/t/p/w500/msOZS07xRIFnapwp3fprGbKEAfT.jpg
524,Casino,https://image.tmdb.org/t/p/w500/gziIkUSnYuj9ChCi8qOu2ZunpSC.jpg
26389,From Paris with Love,https://image.tmdb.org/t/p/w500/poVoLKLxUqsTLSntA40Po2F78dZ.jpg
11817,Bulletproof Monk,https://image.tmdb.org/t/p/w500/kHWv16c4uDmiEujICSBdQ52TH55.jpg
2123,"Me, Myself & Irene",https://image.tmdb.org/t/p/w500/rvRrcbLbpn7UJGRH1JupgHOeJFq.jpg
9907,Barnyard,https://image.tmdb.org/t/p/w500/qB9jFInwUEb2VLhMeKQX17Vdrnp.jpg
9969,Deck the Halls,https://image.tmdb.org/t/p/w500/smJDzhYGhl6j9OrucsB7IkMNy82.jpg
18239,The Twilight Saga: New Moon,https://image.tmdb.org/t/p/w500/k2qTooPlHffgNABNWxeJdGMglPK.jpg
808,Shrek,https://image.tmdb.org/t/p/w500/iB64vpL3dIObOtMZgX3RqdVdQDc.jpg
38050,The Adjustment Bureau,https://image.tmdb.org/t/p/w500/5ZzeR8iz1nEFLp94OBnbakLZawo.jpg
8367,Robin Hood: Prince of Thieves,https://image.tmdb.org/t/p/w500/hbRnWUNJkKKVN5mkcuC5ooqjE4e.jpg
9390,Jerry Maguire,https://image.tmdb.org/t/p/w500/lABvGN7fDk5ifnwZoxij6G96t2w.jpg
72105,Ted,https://image.tmdb.org/t/p/w500/1QVZXQQHCEIj8lyUhdBYd2qOYtq.jpg
2898,As Good as It Gets,https://image.tmdb.org/t/p/w500/xXxuJPNUDZ0vjsAXca0O5p3leVB.jpg
10312,Patch Adams,https://image.tmdb.org/t/p/w500/xN1aKur5ddWQSXTqvzDPJD2TCxe.jpg
109443,Anchorman 2: The Legend Continues,https://image.tmdb.org/t/p/w500/BAdmxMdCqzjs6hx3KuEtnoWP8d.jpg
2022,Mr. Deeds,https://image.tmdb.org/t/p/w500/7gGk3pkpRsNlJ4PrJgEfgY9PG43.jpg
37686,Super 8,https://image.tmdb.org/t/p/w500/pUWIjaMMYJjeBm5bJyE3mIXdQ62.jpg
462,Erin Brockovich,https://image.tmdb.org/t/p/w500/eMs20iUQyZVs05Ck7Q0LNnRsstr.jpg
9919,How to Lose a Guy in 10 Days,https://image.tmdb.org/t/p/w500/2dlftyPz7mTYbrsPvTogyFmYd7d.jpg
187017,22 Jump Street,https://image.tmdb.org/t/p/w500/850chzYHYbT3IISl6Q7dbBuFP2B.jpg
628,Interview with the Vampire,https://image.tmdb.org/t/p/w500/2162lAT2MP36MyJd2sttmj5du5T.jpg
10201,Yes Man,https://image.tmdb.org/t/p/w500/8Vk2nQF1kY34x53YnWd5zDaTht.jpg
302699,Central Intelligence,https://image.tmdb.org/t/p/w500/hXQVMbRNpf7c93e8clMY4W5DRm6.jpg
9441,Stepmom,https://image.tmdb.org/t/p/w500/wMPv2Yz6QDzv6YhSbaqM48Medl1.jpg
274167,Daddy's Home,https://image.tmdb.org/t/p/w500/fB9lALk9zKsMYWvf0bJSkJN219Z.jpg
224141,Into the Woods,https://image.tmdb.org/t/p/w500/bINGDDuvUnZyde2sIcSx41IE5b6.jpg
388,Inside Man,https://image.tmdb.org/t/p/w500/ffMUgkDZICNiyaws1Jkv8qG8uFW.jpg
2112,Payback,https://image.tmdb.org/t/p/w500/8Bqlv2kbOyZFqfiPNgzdBscqYPn.jpg
10329,Congo,https://image.tmdb.org/t/p/w500/hPNSToNIIpRO6y5Rh973leqQqNr.jpg
74465,We Bought a Zoo,https://image.tmdb.org/t/p/w500/dcOvIqdsojUdAtWt1nPT9xS76Su.jpg
13811,Knowing,https://image.tmdb.org/t/p/w500/OG0mxQt4YaNIWiz8EKJSHe9lPh.jpg
6877,Failure to Launch,https://image.tmdb.org/t/p/w500/omReuKQ8ItWYD5pOLmsKh3MF24w.jpg
10320,The Ring Two,https://image.tmdb.org/t/p/w500/bHbz7z2pecTawhkqLpuC2m0qywe.jpg
50646,"Crazy, Stupid, Love.",https://image.tmdb.org/t/p/w500/p4RafgAPk558muOjnBMHhMArjS2.jpg
8920,Garfield,https://image.tmdb.org/t/p/w500/vqwTSWNLyH55g8kBT61s2DgNYEp.jpg
13673,Christmas with the Kranks,https://image.tmdb.org/t/p/w500/q866vL3KhAjbkZH1enT7AoxmRHx.jpg
60308,Moneyball,https://image.tmdb.org/t/p/w500/4yIQq1e6iOcaZ5rLDG3lZBP3j7a.jpg
6950,Outbreak,https://image.tmdb.org/t/p/w500/4KymNvlWR0XF0sqX2BWRd9Z3yXR.jpg
225574,Non-Stop,https://image.tmdb.org/t/p/w500/Nkgaj3X0W2jHQ1TzHEgWFpN3kJ.jpg
13836,Race to Witch Mountain,https://image.tmdb.org/t/p/w500/5RBZsOKMMxnp8L6UmOiylKOw4yo.jpg
752,V for Vendetta,https://image.tmdb.org/t/p/w500/1avD1JeaRiJX5M4ahPdZPypGoGN.jpg
6038,Shanghai Knights,https://image.tmdb.org/t/p/w500/vVNQStMlZS9mn2AKBEpadRunHgt.jpg
9975,Curious George,https://image.tmdb.org/t/p/w500/7SpokDLiRHON9H36GdlF7vWKOm6.jpg
11451,Herbie Fully Loaded,https://image.tmdb.org/t/p/w500/7lTfTZ8CDfXw09eAv3OOvsbCVgs.jpg
12103,Don't Say a Word,https://image.tmdb.org/t/p/w500/mDawnZWQnePqQbiisEWZaY9e4UI.jpg
60304,Hansel & Gretel: Witch Hunters,https://image.tmdb.org/t/p/w500/j343Rpj3WeNvP0SV80zveve70io.jpg
2251,Unfaithful,https://image.tmdb.org/t/p/w500/bjiHEhuiwhIygzjczbTPAA07cGc.jpg
46529,I Am Number Four,https://image.tmdb.org/t/p/w500/2NrP3h3GEsrPXX60bmjKuYWAvl9.jpg
231,Syriana,https://image.tmdb.org/t/p/w500/mO3hWUTOxmLJxihvDU0YFkb0Mb5.jpg
300671,13 Hours: The Secret Soldiers of Benghazi,https://image.tmdb.org/t/p/w500/fZlAxZMo6BId1SiqyjLmkd7oUB7.jpg
228326,The Book of Life,https://image.tmdb.org/t/p/w500/aotTZos5KswgCryEzx2rlOjFsm1.jpg
9754,Firewall,https://image.tmdb.org/t/p/w500/v4HHAWJthAGxnvefLGSyeSInZZx.jpg
66,Absolute Power,https://image.tmdb.org/t/p/w500/izvyt3cxlilhbYwybTOteDWqf99.jpg
4421,G.I. Jane,https://image.tmdb.org/t/p/w500/6yBgZJYqaR4XkxwjsB9tS4GK1ZN.jpg
2649,The Game,https://image.tmdb.org/t/p/w500/4UOa079915QjiTA2u5hT2yKVgUu.jpg
588,Silent Hill,https://image.tmdb.org/t/p/w500/r0bEDWO2w4a43K2xTNSF284qOsc.jpg
10393,The Replacements,https://image.tmdb.org/t/p/w500/6qerI41HqkdRlio1sG0d5HLZcFN.jpg
71552,American Reunion,https://image.tmdb.org/t/p/w500/de5QBIdVR4dnkBZ4a0zjkS4lTg.jpg
9631,The Negotiator,https://image.tmdb.org/t/p/w500/dUMHEymATOGbs2K3E4dmNSVBgFQ.jpg
216282,Into the Storm,https://image.tmdb.org/t/p/w500/kBgrhrES9kMKSPxawUYV61KjlnB.jpg
306,Beverly Hills Cop III,https://image.tmdb.org/t/p/w500/7vIpCkgGEfk5LZwm78nMxswLJRH.jpg
928,Gremlins 2: The New Batch,https://image.tmdb.org/t/p/w500/35F5yD7MljvBE2AC0NHAVCoPGEi.jpg
205587,The Judge,https://image.tmdb.org/t/p/w500/3K93GWotLXe4FqpErri0xkpLaD5.jpg
6623,The Peacemaker,https://image.tmdb.org/t/p/w500/hc3p6pvIrfO4AmrVLb6qTviOwW2.jpg
1577,Resident Evil: Apocalypse,https://image.tmdb.org/t/p/w500/way9dOm4dM2sm9UMcu2PEXMTX0q.jpg
9801,Bridget Jones: The Edge of Reason,https://image.tmdb.org/t/p/w500/zDthRXkGnwFIWI0zWcJyS7h6lUl.jpg
2116,Out of Time,https://image.tmdb.org/t/p/w500/zMExJ6RdJQmRMydvozhEBlOLX1m.jpg
9624,On Deadly Ground,https://image.tmdb.org/t/p/w500/8jnO8EByAsfupWj9RjQxYAO4AUH.jpg
14199,The Adventures of Sharkboy and Lavagirl,https://image.tmdb.org/t/p/w500/xpFbHSkRgOxOoutKqXob9T8iBPA.jpg
1907,The Beach,https://image.tmdb.org/t/p/w500/4y7LxD8TSi6AtsM2xSYqUm1gu7u.jpg
4599,Raising Helen,https://image.tmdb.org/t/p/w500/ijJFJX0kSmnaWXIj9Wg86JwYJvB.jpg
22832,Ninja Assassin,https://image.tmdb.org/t/p/w500/ipJ4mgqse6uoTRsDyU3TXmva1rt.jpg
10390,For Love of the Game,https://image.tmdb.org/t/p/w500/vkeKxoSXE1qMArcFNTNBBH8TjKZ.jpg
9879,Striptease,https://image.tmdb.org/t/p/w500/4zMy6R7acotCmGoDk4sjzRtDwKn.jpg
38579,Marmaduke,https://image.tmdb.org/t/p/w500/wNNqAqvOn717AWBhBQskH2Lnzmz.jpg
44603,Hereafter,https://image.tmdb.org/t/p/w500/nOy0X8XSmSDOuwV8pqT70WoWHwT.jpg
11892,Murder by Numbers,https://image.tmdb.org/t/p/w500/plH3TujSUVttiIikToKfwdCorJI.jpg
9691,Assassins,https://image.tmdb.org/t/p/w500/wPmZYnaQpxwoHmwNwVhZ2IY0UbF.jpg
1248,Hannibal Rising,https://image.tmdb.org/t/p/w500/7FTDMQoac0uqJUquZk4KenDzLMZ.jpg
12220,The Story of Us,https://image.tmdb.org/t/p/w500/8rm0CZpHW1D7pIv8OguJNHF93LV.jpg
72710,The Host,https://image.tmdb.org/t/p/w500/1mfIZw6WgkCX310eoe0Ys14c3Fi.jpg
10782,Basic,https://image.tmdb.org/t/p/w500/jtyF4NF9fQlyGP8cgU1mK3DLUTB.jpg
9573,Blood Work,https://image.tmdb.org/t/p/w500/A6wWJkIREagRWFNu3YotID3n9aW.jpg
4959,The International,https://image.tmdb.org/t/p/w500/28TUZRU5QGoUIrhUz7xkQH3KhNB.jpg
10061,Escape from L.A.,https://image.tmdb.org/t/p/w500/3L9lL2eUsmLNNfENPwNOc82Hzpw.jpg
10386,The Iron Giant,https://image.tmdb.org/t/p/w500/ct04FCFLPImNG5thcPLRnVsZlmS.jpg
421,The Life Aquatic with Steve Zissou,https://image.tmdb.org/t/p/w500/qZoFLNBC78jzboWeDH6Ha0qavF2.jpg
316152,Free State of Jones,https://image.tmdb.org/t/p/w500/fTB6p9QwPRKIuK5LtB5CZXlkx5b.jpg
11615,The Life of David Gale,https://image.tmdb.org/t/p/w500/7tcAvE82JyxIi79cwQV5br90KVz.jpg
13498,Man of the House,https://image.tmdb.org/t/p/w500/anBhlqCABytNvybE2Xr3tvsCOTp.jpg
241554,Run All Night,https://image.tmdb.org/t/p/w500/iGvSMoPbWZWDnIhh54yiq3sW7wH.jpg
2252,Eastern Promises,https://image.tmdb.org/t/p/w500/nLwv1pxRCRZucQaqs6oPkq7HH3K.jpg
11968,Into the Blue,https://image.tmdb.org/t/p/w500/h5oXcjRu0EOiAxSxYuGq58897tu.jpg
10047,The Messenger: The Story of Joan of Arc,https://image.tmdb.org/t/p/w500/lFzOGA2LPdOfQyhEiY74uDf2WKa.jpg
38319,Your Highness,https://image.tmdb.org/t/p/w500/zw1tEKhR1ncGGtuYkkf30GYlvYQ.jpg
69668,Dream House,https://image.tmdb.org/t/p/w500/uQFbnBEYguc6EWYKG0Hgq4LVdc2.jpg
9770,Mad City,https://image.tmdb.org/t/p/w500/wXb9KGqxyrAHNygRRI1HW1BhcU.jpg
11212,Baby's Day Out,https://image.tmdb.org/t/p/w500/21U2jwl36hoTHsXB3fDuIQkcchu.jpg
10533,The Scarlet Letter,https://image.tmdb.org/t/p/w500/8gIU7O3oV6NyWUjlL6ppbpnIZLW.jpg
38363,Fair Game,https://image.tmdb.org/t/p/w500/tX2cafjaDnEOi50xnUIloAc2fp2.jpg
9923,Domino,https://image.tmdb.org/t/p/w500/pZdIfYkM5kV5BaUDYzwzgmpUxno.jpg
11863,Jade,https://image.tmdb.org/t/p/w500/8KWiZKDYpAgh8n27lanvTuDquyX.jpg
18501,Gamer,https://image.tmdb.org/t/p/w500/d5BTNmr87p7EvguTFW72vlL9l9H.jpg
109491,Beautiful Creatures,https://image.tmdb.org/t/p/w500/t7PWQHpJHb2ozALCfaPaC5aHxBs.jpg
9275,Death to Smoochy,https://image.tmdb.org/t/p/w500/wrwwuNLITsA5N5cVnA3ftvHFqHj.jpg
329833,Zoolander 2,https://image.tmdb.org/t/p/w500/n8AJzALlTPBwe9Tkv3tdxbiAr9i.jpg
12634,The Big Bounce,https://image.tmdb.org/t/p/w500/l6tzLXXGubnC6TbFgg8acfcvGRO.jpg
10416,What Planet Are You From?,https://image.tmdb.org/t/p/w500/2VtgMZPj3uDLz0zOQqZ74SUZGK4.jpg
47327,Drive Angry,https://image.tmdb.org/t/p/w500/nx2pChi41Xv4dsXsfSG3gnKcWaY.jpg
15268,Street Fighter: The Legend of Chun-Li,https://image.tmdb.org/t/p/w500/lbNemoc9bRIAIVck0e2cv1cgftN.jpg
10796,The One,https://image.tmdb.org/t/p/w500/gcr3t71KmeXINemMrhaGBGVJPwW.jpg
9548,The Adventures of Ford Fairlane,https://image.tmdb.org/t/p/w500/u6accimG7LmroR8WgNklEJS7oFq.jpg
18947,The Boat That Rocked,https://image.tmdb.org/t/p/w500/l7CBRLAXUnHi0kp2krhLtlJvtWI.jpg
1900,Traffic,https://image.tmdb.org/t/p/w500/jbccmnqE4oAPI67bApgt2JiRPz8.jpg
89,Indiana Jones and the Last Crusade,https://image.tmdb.org/t/p/w500/sizg1AU8f8JDZX4QIgE4pjUMBvx.jpg
96724,Anna Karenina,https://image.tmdb.org/t/p/w500/b9mvt1kKqDuveD1AJuGSkBEuagU.jpg
198184,Chappie,https://image.tmdb.org/t/p/w500/uuDUpzlMFomdSfNWlpEPS9nVZWV.jpg
9481,The Bone Collector,https://image.tmdb.org/t/p/w500/7atMCqRaDpAOnGsteTRm17zmvN3.jpg
4547,Panic Room,https://image.tmdb.org/t/p/w500/hANYbvfwxmkC9E4yY6YyJxYxlSJ.jpg
53953,The Tooth Fairy,https://image.tmdb.org/t/p/w500/i0dms1hH1ObbysPscPDKjgqNns0.jpg
6415,Three Kings,https://image.tmdb.org/t/p/w500/fClJQW8xn8wHOFqoA4jUn0PZh1f.jpg
181283,Child 44,https://image.tmdb.org/t/p/w500/p8uTx2xm72vXqI0H4W5kU3ku9ND.jpg
9896,Rat Race,https://image.tmdb.org/t/p/w500/8ghNCfFbCJjcNSz2K5jOC3eO6ZD.jpg
167,K-PAX,https://image.tmdb.org/t/p/w500/tafXZX0I6rso7EyoEzfygfTqxq6.jpg
11232,Kate & Leopold,https://image.tmdb.org/t/p/w500/fbWYmlGvQXmmZEr4bMeJFjWfFXZ.jpg
1636,Bedazzled,https://image.tmdb.org/t/p/w500/sBV28EVvWsJRosMsEFCbVmpAZEl.jpg
2148,The Cotton Club,https://image.tmdb.org/t/p/w500/jgCsLhIRLKlvUy1p1iImCi0nPnX.jpg
5176,3:10 to Yuma,https://image.tmdb.org/t/p/w500/voMB69AsLnPNmtfbrBl0lbeFKDH.jpg
260346,Taken 3,https://image.tmdb.org/t/p/w500/vzvMXMypMq7ieDofKThsxjHj9hn.jpg
1389,Out of Sight,https://image.tmdb.org/t/p/w500/v49q7AMR3pB4M762woWB1NYMCLF.jpg
9894,The Cable Guy,https://image.tmdb.org/t/p/w500/YJt9l3RdrRohI95btQKPXwpdii.jpg
7504,Earth,https://image.tmdb.org/t/p/w500/hQtvQYlxfEHl45TR41lNSywrq4K.jpg
8592,Dick Tracy,https://image.tmdb.org/t/p/w500/sjeP4bpgsUvAGE8oFcICy2GaHxw.jpg
913,The Thomas Crown Affair,https://image.tmdb.org/t/p/w500/5yqs1MVlqdIg1DY5adC5jFx3d7j.jpg
11091,Riding in Cars with Boys,https://image.tmdb.org/t/p/w500/1xzvRrpA9V1TxXP7kIf8d0AgJ1R.jpg
1368,First Blood,https://image.tmdb.org/t/p/w500/a9sa6ERZCpplbPEO7OMWE763CLD.jpg
593,Solaris,https://image.tmdb.org/t/p/w500/pgqj7QoBPWFLLKtLEpPmFYFRMgB.jpg
5393,Happily N'Ever After,https://image.tmdb.org/t/p/w500/geXsapJfihg78gVDvEVPoK5c07y.jpg
9095,Mary Reilly,https://image.tmdb.org/t/p/w500/cW5wTiv5fdtBOd22utmAIZBCMS3.jpg
8874,My Best Friend's Wedding,https://image.tmdb.org/t/p/w500/b5g4bp8gS5ovMyR5439AII6zQ3n.jpg
11467,America's Sweethearts,https://image.tmdb.org/t/p/w500/4TQOYs8rCWi44O1tNbIQiRqHQkA.jpg
320,Insomnia,https://image.tmdb.org/t/p/w500/riVXh3EimGO0y5dgQxEWPRy5Itg.jpg
199,Star Trek: First Contact,https://image.tmdb.org/t/p/w500/iqhHe893Vcf07jNkNQ31tu85dKG.jpg
20533,Jonah Hex,https://image.tmdb.org/t/p/w500/xwAdu0lOO2Y5sXjK87glhJg3c6r.jpg
10684,Courage Under Fire,https://image.tmdb.org/t/p/w500/vDJurMJkrx049AiXa3DJx5Zx7a4.jpg
1624,Liar Liar,https://image.tmdb.org/t/p/w500/p1habYSdC7oD3WygQ5lynU5G5rV.jpg
325789,The Infiltrator,https://image.tmdb.org/t/p/w500/758F57DxVRLe38S1Je4O1Bjx2u6.jpg
113464,Inchon,https://image.tmdb.org/t/p/w500/s0yJZQlZ6g7e3lTjSaUKWltYByA.jpg
888,The Flintstones,https://image.tmdb.org/t/p/w500/qbojLbbpSaNSerWa2moIrt0C8hy.jpg
82675,Taken 2,https://image.tmdb.org/t/p/w500/yzAlcuJhpnxRPjaj7AHBRbNPQCJ.jpg
4256,Scary Movie 3,https://image.tmdb.org/t/p/w500/8dLsax5KSwlCY5uWXETKjud5k6U.jpg
1493,Miss Congeniality,https://image.tmdb.org/t/p/w500/pat3vKaRlB70he4ghwTMydR4TvP.jpg
88751,Journey to the Center of the Earth,https://image.tmdb.org/t/p/w500/kL55wY0s2H9JdwfjoWIp9plvYnl.jpg
11130,The Princess Diaries 2: Royal Engagement,https://image.tmdb.org/t/p/w500/upJOyrxxSIxlSZC7KEqJfB1vlGl.jpg
9944,The Pelican Brief,https://image.tmdb.org/t/p/w500/7B1HS0SqfJR1jbeHS6V0ZWdzLXP.jpg
10731,The Client,https://image.tmdb.org/t/p/w500/oLdkJ4ZjxPtFSUChdjDQvHM9l75.jpg
7350,The Bucket List,https://image.tmdb.org/t/p/w500/idbNSe8zsYKQL97dJApfOrDSdya.jpg
9869,Patriot Games,https://image.tmdb.org/t/p/w500/9IT7gnszrRthduYxCLqaIkM55Un.jpg
4379,Monster-in-Law,https://image.tmdb.org/t/p/w500/iRqcGkIPdRbEaW0xMEA5kgceUF8.jpg
146233,Prisoners,https://image.tmdb.org/t/p/w500/uhviyknTT5cEQXbn6vWIqfM4vGm.jpg
2034,Training Day,https://image.tmdb.org/t/p/w500/bUeiwBQdupBLQthMCHKV7zv56uv.jpg
926,Galaxy Quest,https://image.tmdb.org/t/p/w500/fZXSwgZknp81vmciTb86rw0MejV.jpg
4248,Scary Movie 2,https://image.tmdb.org/t/p/w500/7Eb1JWK0Cb0rbfsYjwfc9g0PbQH.jpg
64328,The Muppets,https://image.tmdb.org/t/p/w500/h5N6x5gS45wAALt5fsWVn0oCYQR.jpg
36647,Blade,https://image.tmdb.org/t/p/w500/oWT70TvbsmQaqyphCZpsnQR7R32.jpg
7214,Coach Carter,https://image.tmdb.org/t/p/w500/y3HOTTyM5nLsdUzXFtFCohG28qj.jpg
1537,Changing Lanes,https://image.tmdb.org/t/p/w500/8wh9WzTKo5pJw3EgHYWA60W7Kbl.jpg
9360,Anaconda,https://image.tmdb.org/t/p/w500/33NysOnLpLZY0ewHTcfpalzAsRG.jpg
6282,Coyote Ugly,https://image.tmdb.org/t/p/w500/xYM0laKrEqjiRSQNvqRrXPXN3iL.jpg
508,Love Actually,https://image.tmdb.org/t/p/w500/7QPeVsr9rcFU9Gl90yg0gTOTpVv.jpg
9487,A Bug's Life,https://image.tmdb.org/t/p/w500/Ah3J9OJVc2CNCuH2zMydXy9fmIC.jpg
768,From Hell,https://image.tmdb.org/t/p/w500/t2WpWM8nBO4sULXr2bDfNEt4qgr.jpg
2636,The Specialist,https://image.tmdb.org/t/p/w500/9CVAjtkSaFs9FyddGfThj11ZuQq.jpg
10478,Tin Cup,https://image.tmdb.org/t/p/w500/rB7OvMmjcBFoogleORaUqrRgp8g.jpg
27983,"Yours, Mine and Ours",https://image.tmdb.org/t/p/w500/ejbrAFkAHP5W5mzI8wA0zUTcDdg.jpg
9981,Kicking & Screaming,https://image.tmdb.org/t/p/w500/4erPZ5V0yzNXRB2IcypOACMEgOA.jpg
7453,The Hitchhiker's Guide to the Galaxy,https://image.tmdb.org/t/p/w500/4fOFbNMjq708CQ7ou71by6rI6wZ.jpg
15045,Fat Albert,https://image.tmdb.org/t/p/w500/biA3teAO8xZQfdBfLIK9ATdfOkJ.jpg
7737,Resident Evil: Extinction,https://image.tmdb.org/t/p/w500/6yaLr7Ymg5cvbtSVi5hHwBKx35I.jpg
232672,Blended,https://image.tmdb.org/t/p/w500/o2YrH9jS7CAfWjETHFeL0tth79E.jpg
17379,Last Holiday,https://image.tmdb.org/t/p/w500/2SkM1AHIgCQgdOboER6euPKTxGF.jpg
8987,The River Wild,https://image.tmdb.org/t/p/w500/wVgQ2T63ThjIsY4R0qoHXjyllql.jpg
11359,The Indian in the Cupboard,https://image.tmdb.org/t/p/w500/ozQAmW85tTJu2dhRe3evzyY03Nb.jpg
82525,Savages,https://image.tmdb.org/t/p/w500/joyiyBwYY5QCpldqT1FzrTqsTJK.jpg
9759,Cellular,https://image.tmdb.org/t/p/w500/AhD3qVfVmxz5CXDxctXwK5nmrOp.jpg
9486,Johnny English,https://image.tmdb.org/t/p/w500/mmzW88tnkB2MnOV3Un2F9IUxSnZ.jpg
9906,The Ant Bully,https://image.tmdb.org/t/p/w500/oFuqX0inTvbA1XAFv2x3CQnI65m.jpg
841,Dune,https://image.tmdb.org/t/p/w500/4kJmUCE7mkVJjXa7A0g2rY4IGTm.jpg
4688,Across the Universe,https://image.tmdb.org/t/p/w500/447c8Te3DXC46rQvDEixKGO4dS6.jpg
4148,Revolutionary Road,https://image.tmdb.org/t/p/w500/cvkD3yiVXLg3as8EAG3LaTycONQ.jpg
2207,16 Blocks,https://image.tmdb.org/t/p/w500/cBLqMVfTZpuKmMQKDLKusb93dbR.jpg
9381,Babylon A.D.,https://image.tmdb.org/t/p/w500/bQqb3T0FIHOvgozzX9aygmWUbLZ.jpg
9625,The Glimmer Man,https://image.tmdb.org/t/p/w500/fMXc2nf3iZFsVbNNmJ5MCtjcwlk.jpg
9304,Multiplicity,https://image.tmdb.org/t/p/w500/rlG2vi85uSEwWigVTtqDecVFTxR.jpg
20856,Aliens in the Attic,https://image.tmdb.org/t/p/w500/bb8ym5zSRGmhNx3gyDnzSN2waS4.jpg
5955,The Pledge,https://image.tmdb.org/t/p/w500/9QOzFL3FPMAUNNPrNiKC3mEDxco.jpg
9899,The Producers,https://image.tmdb.org/t/p/w500/nG0Bix2SH2SQcbAIGhb6yqTG5UH.jpg
9826,The Phantom,https://image.tmdb.org/t/p/w500/8k8RSMkmGR9Lp6FbKtithM3KIQb.jpg
21355,All the Pretty Horses,https://image.tmdb.org/t/p/w500/6E4E7wYXw1DE2321F2hVNryLSk7.jpg
10858,Nixon,https://image.tmdb.org/t/p/w500/cz2MTGr2wpDZLirgV2rGHBdA2t3.jpg
11439,The Ghost Writer,https://image.tmdb.org/t/p/w500/rK7m2Ba0ieXa37NaAmrx4dfRvvM.jpg
9457,Deep Rising,https://image.tmdb.org/t/p/w500/A1nOnrAlG3EbOvzgZt2ya11OmjQ.jpg
12412,Miracle at St. Anna,https://image.tmdb.org/t/p/w500/7PqmgaQBuD0Zp9pDIkkEjkhCJUj.jpg
1494,Curse of the Golden Flower,https://image.tmdb.org/t/p/w500/gHkkDpfo5YnOrbVfwtDHi91BkrU.jpg
13184,Bangkok Dangerous,https://image.tmdb.org/t/p/w500/iTRftxHW8i4H7ONaOiCIwEXjNDJ.jpg
2185,Big Trouble,https://image.tmdb.org/t/p/w500/h844gBztdYMLrroUen6qbsomrGx.jpg
6639,Love in the Time of Cholera,https://image.tmdb.org/t/p/w500/lU3uvWGQlWeySxrUlJpxNaHW2Ra.jpg
38153,Shadow Conspiracy,https://image.tmdb.org/t/p/w500/m8dgxxCrpLhKjkjH2DPxkz0inoJ.jpg
58233,Johnny English Reborn,https://image.tmdb.org/t/p/w500/zDbrU0eSnRGh5gHc1iqTACTNNyT.jpg
116977,Foodfight!,https://image.tmdb.org/t/p/w500/to9ggXVyhNTCICHcHMCtFtANd8P.jpg
68734,Argo,https://image.tmdb.org/t/p/w500/m5gPWFZFIp4UJFABgWyLkbXv8GX.jpg
5503,The Fugitive,https://image.tmdb.org/t/p/w500/b3rEtLKyOnF89mcK75GXDXdmOEf.jpg
27573,The Bounty Hunter,https://image.tmdb.org/t/p/w500/fJPKar0jnAsS09l3xfP6LL8sUkX.jpg
819,Sleepers,https://image.tmdb.org/t/p/w500/yUpiEk2EojS9ZEXb3nIQonQCYYF.jpg
1369,Rambo: First Blood Part II,https://image.tmdb.org/t/p/w500/fVwRtWqEPdsCH21BVDGqgkAQcff.jpg
9623,The Juror,https://image.tmdb.org/t/p/w500/31mRYhJvaknQx8PQnR2UV7YCkLT.jpg
10895,Pinocchio,https://image.tmdb.org/t/p/w500/bnZJrLRnoQHpzEJdka1KYfsAF3N.jpg
10935,Heaven's Gate,https://image.tmdb.org/t/p/w500/kW4Vk31nhtKPKGuYMaVATq3wcHC.jpg
834,Underworld: Evolution,https://image.tmdb.org/t/p/w500/oJaQG353uOzOqffQ5K2hg03k4Vp.jpg
228066,Victor Frankenstein,https://image.tmdb.org/t/p/w500/bYUmSLPtWylFKbEBHOXT1kt9l5b.jpg
711,Finding Forrester,https://image.tmdb.org/t/p/w500/chd9bCGNYtzDoJqGw5wUHlhrkOb.jpg
10468,28 Days,https://image.tmdb.org/t/p/w500/tlgz7Shx0UavR5pyITeJ2mUHKFI.jpg
10027,Unleashed,https://image.tmdb.org/t/p/w500/gghvmS3UxtOw1UHIgYjpeZNxHil.jpg
11812,The Sweetest Thing,https://image.tmdb.org/t/p/w500/qLysz4B5YmiDq52Op0zq4eD75LC.jpg
37233,The Firm,https://image.tmdb.org/t/p/w500/kFexXCzidkm4LwlgZqxsJsDQB5v.jpg
37950,Charlie St. Cloud,https://image.tmdb.org/t/p/w500/r4XSrs6N086EU8CNm339dHRPhZg.jpg
27582,The Mechanic,https://image.tmdb.org/t/p/w500/k37axEHszFP9WOVvbozxF0r7X7g.jpg
64688,21 Jump Street,https://image.tmdb.org/t/p/w500/8v3Sqv9UcIUC4ebmpKWROqPBINZ.jpg
509,Notting Hill,https://image.tmdb.org/t/p/w500/hHRIf2XHeQMbyRb3HUx19SF5Ujw.jpg
7443,Chicken Run,https://image.tmdb.org/t/p/w500/8XgmIsbpVamdhwcNVsYzohFZTtT.jpg
5966,Along Came Polly,https://image.tmdb.org/t/p/w500/7Tp16THdpHkMrqgoiDresDz9CWL.jpg
11066,Boomerang,https://image.tmdb.org/t/p/w500/apwkBVaJqLuK6mxe6sOABCeNjRw.jpg
136795,The Heat,https://image.tmdb.org/t/p/w500/yERBa1y5zNUOTRKQPiDCPIc2fuv.jpg
8095,Cleopatra,https://image.tmdb.org/t/p/w500/bj7rUGUewofA9cpHt1h36gvDFfy.jpg
87826,Here Comes the Boom,https://image.tmdb.org/t/p/w500/g3ZjNkQP4M7Cs0clPD9q7EO2P1g.jpg
11560,High Crimes,https://image.tmdb.org/t/p/w500/hywuHoNTiDXp0M32LUa228EQ2br.jpg
25189,The Mirror Has Two Faces,https://image.tmdb.org/t/p/w500/ekk8MKMp3tlJjcMuhOgKsMCRrvR.jpg
2637,The Mothman Prophecies,https://image.tmdb.org/t/p/w500/z2PiOTyjbCOnMHY2QJdq3I4jU44.jpg
18480,Brüno,https://image.tmdb.org/t/p/w500/wcUc7TYtsb72dHVb51sYaGIvQsr.jpg
709,Licence to Kill,https://image.tmdb.org/t/p/w500/8nzJve63EXA79HGAyidZwivZrQ2.jpg
49730,Red Riding Hood,https://image.tmdb.org/t/p/w500/ixQYkLeLlTTnAoT32dukndyObB6.jpg
2749,15 Minutes,https://image.tmdb.org/t/p/w500/1qGyTDp4K4J2RjGtT5hR81ilX9r.jpg
9607,Super Mario Bros.,https://image.tmdb.org/t/p/w500/yt5bbMfKpg1nRr4k5edxs7tPK2m.jpg
1830,Lord of War,https://image.tmdb.org/t/p/w500/3MGQD4yXokufNlW1AyRXdiy7ytP.jpg
79,Hero,https://image.tmdb.org/t/p/w500/vxgZto2Cz7ILHAlmRXt50I2brB2.jpg
54054,One for the Money,https://image.tmdb.org/t/p/w500/eeltLl5jLUl9d96tpKkCAWu4JWu.jpg
228967,The Interview,https://image.tmdb.org/t/p/w500/tIDC4xT65l7a8qbgg8GvwD5g8c5.jpg
46528,The Warrior's Way,https://image.tmdb.org/t/p/w500/otjBqNDpZ3C9mzfDOI4kaiib3Qd.jpg
27936,Micmacs,https://image.tmdb.org/t/p/w500/yiqooJWNDEVsp8lbdTrTBvLAk0m.jpg
65,8 Mile,https://image.tmdb.org/t/p/w500/7BmQj8qE1FLuLTf7Xjf9sdIHzoa.jpg
280391,Why I Did (Not) Eat My Father,https://image.tmdb.org/t/p/w500/7qccdwXUMazLqkMKm4ZJ7lAnzUF.jpg
9476,A Knight's Tale,https://image.tmdb.org/t/p/w500/srb1XnrlDZHcdpjBKqUu4qAzxKU.jpg
10610,The Medallion,https://image.tmdb.org/t/p/w500/lbjFWKfe8WdS8Pj6WVPlyEKeVEo.jpg
745,The Sixth Sense,https://image.tmdb.org/t/p/w500/vOyfUXNFSnaTk7Vk5AjpsKTUWsu.jpg
49527,Man on a Ledge,https://image.tmdb.org/t/p/w500/pziTpiYy5dtVdvXctYIZv09r5Nk.jpg
73937,The Big Year,https://image.tmdb.org/t/p/w500/q6Pr8fWKh664seri2MaQeIJ6eSI.jpg
1885,The Karate Kid,https://image.tmdb.org/t/p/w500/1mp4ViklKvA0WXXsNvNx0RBuiit.jpg
168672,American Hustle,https://image.tmdb.org/t/p/w500/z6O1KDhfWDTm5ZBr6Ovr0eg8LqO.jpg
18240,The Proposal,https://image.tmdb.org/t/p/w500/6stnAm1wSek8ZrislwK4xGTyCnt.jpg
10398,Double Jeopardy,https://image.tmdb.org/t/p/w500/dPd9QvEeMQpgHO6iLB1LqALTZl.jpg
165,Back to the Future Part II,https://image.tmdb.org/t/p/w500/hQq8xZe5uLjFzSBt4LanNP7SQjl.jpg
240832,Lucy,https://image.tmdb.org/t/p/w500/kRbpUTRNm6QbLQFPFWUcNC4czEm.jpg
216015,Fifty Shades of Grey,https://image.tmdb.org/t/p/w500/63kGofUkt1Mx0SIL4XI4Z5AoSgt.jpg
12279,Spy Kids 3-D: Game Over,https://image.tmdb.org/t/p/w500/buA8dN4zLNr0dYBeKfHfMnEfdLE.jpg
1645,A Time to Kill,https://image.tmdb.org/t/p/w500/w8UCke112E9jrhjKcwG32kyhTx5.jpg
11007,Cheaper by the Dozen,https://image.tmdb.org/t/p/w500/afclGGoQslTYFTnyW1LRMtJMiBp.jpg
193756,Lone Survivor,https://image.tmdb.org/t/p/w500/zaBIrloyhGK7iNTZMb3f9SARsl8.jpg
11287,A League of Their Own,https://image.tmdb.org/t/p/w500/f9BtX6wYOwJUyfUr4vyeT3COz6m.jpg
259693,The Conjuring 2,https://image.tmdb.org/t/p/w500/zEqyD0SBt6HL7W9JQoWwtd5Do1T.jpg
37799,The Social Network,https://image.tmdb.org/t/p/w500/n0ybibhJtQ5icDqTp8eRytcIHJx.jpg
10184,He's Just Not That Into You,https://image.tmdb.org/t/p/w500/jip2ap24Y6JxEgzVRyNqyYssnyR.jpg
4257,Scary Movie 4,https://image.tmdb.org/t/p/w500/dEwlu8S0z1AibuX1weLwUyiRWFl.jpg
4234,Scream 3,https://image.tmdb.org/t/p/w500/qpH8ToZVlFD1bakL04LkEKodyDI.jpg
196,Back to the Future Part III,https://image.tmdb.org/t/p/w500/crzoVQnMzIrRfHtQw0tLBirNfVg.jpg
257091,Get Hard,https://image.tmdb.org/t/p/w500/rJPbS2cYOYhDCjT5NmW1Fm6gFl3.jpg
6114,Dracula,https://image.tmdb.org/t/p/w500/jSxCIZXudp5q8wQO8VERGX8hRAl.jpg
24803,Julie & Julia,https://image.tmdb.org/t/p/w500/1QZNWOOwfRi86ZApGvr2TtJZPBK.jpg
109410,42,https://image.tmdb.org/t/p/w500/iZ7jVGQWj3eBUdqwAPUlKk0BaS2.jpg
1213,The Talented Mr. Ripley,https://image.tmdb.org/t/p/w500/6ojHgqtIR41O2qLKa7LFUVj0cZa.jpg
100042,Dumb and Dumber To,https://image.tmdb.org/t/p/w500/cvEi0xV7TUkabJGuzulhvbMjrHi.jpg
9036,Eight Below,https://image.tmdb.org/t/p/w500/39hR806Me4wI42LCFcK2LBiCRGW.jpg
257211,The Intern,https://image.tmdb.org/t/p/w500/bTQ46fupPbjBfFBHuzfD3hxxL0Q.jpg
323675,Ride Along 2,https://image.tmdb.org/t/p/w500/qKvVUHdiwqkXdlRsW4fHO7SAZef.jpg
9361,The Last of the Mohicans,https://image.tmdb.org/t/p/w500/qzJMPWRtZveBkxXOv3ucWhoJuyj.jpg
1677,Ray,https://image.tmdb.org/t/p/w500/tSPC7sO2XYNL9QcMmK88tuUALL5.jpg
187,Sin City,https://image.tmdb.org/t/p/w500/i66G50wATMmPrvpP95f0XP6ZdVS.jpg
7461,Vantage Point,https://image.tmdb.org/t/p/w500/9xA1KaGoYQJveY3C87J41Au5Kkn.jpg
16538,"I Love You, Man",https://image.tmdb.org/t/p/w500/xr4zAYsvgTzvMMiWu6qCAP9WBer.jpg
9889,Shallow Hal,https://image.tmdb.org/t/p/w500/q4lZrHWTWuybb6pzMucj1c0ngCW.jpg
820,JFK,https://image.tmdb.org/t/p/w500/r0VWVTYlqdRCK5ZoOdNnHdqM2gt.jpg
11565,Big Momma's House 2,https://image.tmdb.org/t/p/w500/wlbov6pkgySqYZilZcO54f29Dg1.jpg
6073,The Mexican,https://image.tmdb.org/t/p/w500/5GqF6rVjUW6CVTuj7w1A2JE49AF.jpg
16996,17 Again,https://image.tmdb.org/t/p/w500/yEcfFXEWpuXcfsR9nKESVCFneqV.jpg
193610,The Other Woman,https://image.tmdb.org/t/p/w500/yHnbb6z8REuFIyBLT2Nj3MX54dY.jpg
19912,The Final Destination,https://image.tmdb.org/t/p/w500/5vxXrr1MqGsT4NNeRITpfDnl4Rq.jpg
296098,Bridge of Spies,https://image.tmdb.org/t/p/w500/fmOOjHAQzxr0c1sfcY4qkiSRBH6.jpg
8007,Behind Enemy Lines,https://image.tmdb.org/t/p/w500/fZReMWU3zszvaktDUqOoWCzHssZ.jpg
32823,Get Him to the Greek,https://image.tmdb.org/t/p/w500/6g0li87w8LIK77QRUtOkQkM6bD7.jpg
4380,Shall We Dance?,https://image.tmdb.org/t/p/w500/aGIyiQv08Gw1HO5BV1yrwCWtGHC.jpg
11551,Small Soldiers,https://image.tmdb.org/t/p/w500/2nuUjSzHsoYlRvTPmLo7m7gCQry.jpg
10336,Spawn,https://image.tmdb.org/t/p/w500/3svvunKXkhRvEKByGDua1Qu0otq.jpg
11362,The Count of Monte Cristo,https://image.tmdb.org/t/p/w500/ifMgDAUXVQLY4DeOu3VTTi55jSP.jpg
50348,The Lincoln Lawyer,https://image.tmdb.org/t/p/w500/gOn8Ve9Yi8fxjRkmLr5BZoOc7KV.jpg
48138,Unknown,https://image.tmdb.org/t/p/w500/aXBQD515okXQZmYA89ntXMvSJSd.jpg
1124,The Prestige,https://image.tmdb.org/t/p/w500/Ag2B2KHKQPukjH7WutmgnnSNurZ.jpg
227159,Horrible Bosses 2,https://image.tmdb.org/t/p/w500/boBOkwIqgrs8noxBUSDkkicKa4K.jpg
68179,Escape from Planet Earth,https://image.tmdb.org/t/p/w500/9la0CSCJqwh6io3yk4Xv3aEZxEA.jpg
1579,Apocalypto,https://image.tmdb.org/t/p/w500/cRY25Q32kDNPFDkFkxAs6bgCq3L.jpg
708,The Living Daylights,https://image.tmdb.org/t/p/w500/1oRlmWX9hewpn2B44wawBjHd7dx.jpg
34851,Predators,https://image.tmdb.org/t/p/w500/wdniP8NDaJIydi1hMxhpbJMUfr6.jpg
9930,Legal Eagles,https://image.tmdb.org/t/p/w500/RH9bXtsxy12YKXqvAwKd5XmGvq.jpg
1586,Secret Window,https://image.tmdb.org/t/p/w500/hvzw4wufKZkDCTPVeG71Z7pGfZh.jpg
2044,The Lake House,https://image.tmdb.org/t/p/w500/tHpc1118dYWLnHZleGhwZxRbpae.jpg
9913,The Skeleton Key,https://image.tmdb.org/t/p/w500/wHmubdzrVw8oq7htzrf364wsJNp.jpg
71864,The Odd Life of Timothy Green,https://image.tmdb.org/t/p/w500/24HWf4QBnEbNYDJfNFR1CmwtST5.jpg
10761,Made of Honor,https://image.tmdb.org/t/p/w500/pDg8D0jNqmz7RbCBgblWvmPswHE.jpg
209451,Jersey Boys,https://image.tmdb.org/t/p/w500/kz956Y83YtT6vTyg0Q40mzRe2UM.jpg
11975,The Rainmaker,https://image.tmdb.org/t/p/w500/twLGHXPjQtS8UyVGp5GXmhJiTM7.jpg
4970,Gothika,https://image.tmdb.org/t/p/w500/frSGNQcWx1ek8dCduFYCux1ho7n.jpg
11831,Amistad,https://image.tmdb.org/t/p/w500/6QqNyIHKow0jngiQgTNBOBrLILM.jpg
9096,Medicine Man,https://image.tmdb.org/t/p/w500/lkHqtViTG4Zzh7i9rrtHJGTnEUg.jpg
440,Aliens vs Predator: Requiem,https://image.tmdb.org/t/p/w500/5iTwPDNtvK6ZZF607BHBbU3HO0B.jpg
11011,Ri¢hie Ri¢h,https://image.tmdb.org/t/p/w500/qgGh5d0IHAZRlHIdFS3XWVygumR.jpg
10641,Autumn in New York,https://image.tmdb.org/t/p/w500/avtPZ5vGvFugnY0NK8d3Przx6P7.jpg
11172,Music and Lyrics,https://image.tmdb.org/t/p/w500/1WXVpnovC0EETbqcjVhy3hwIITK.jpg
39513,Paul,https://image.tmdb.org/t/p/w500/dKhexH8nS08lVlSmwSs00cHFxbY.jpg
82687,The Guilt Trip,https://image.tmdb.org/t/p/w500/55JqWqocsMNx5uanELDRDFqu40J.jpg
41446,Scream 4,https://image.tmdb.org/t/p/w500/3cf8p2qw9qnsaaFWc64AG6U05eT.jpg
8224,8MM,https://image.tmdb.org/t/p/w500/mhr9xRpjOBqlBjgDwtiOx6FsLvV.jpg
10537,The Doors,https://image.tmdb.org/t/p/w500/x1LM3dzGuG6xOz0aT2e71o11vhu.jpg
225886,Sex Tape,https://image.tmdb.org/t/p/w500/u2h7UnSHrbAA5WBoKhdH1rlDZfz.jpg
10385,Hanging Up,https://image.tmdb.org/t/p/w500/lnnFFGhIXi6ZDU3r29eKHKTHdq0.jpg
55779,Final Destination 5,https://image.tmdb.org/t/p/w500/Akx1Po4ZLetOWfYJhQf75tbhTtK.jpg
10154,Mickey Blue Eyes,https://image.tmdb.org/t/p/w500/gEnKsStQ27P0KCCIGtkYwvFQ0RX.jpg
10647,Pay It Forward,https://image.tmdb.org/t/p/w500/62OIokwaxFwBFWM147ijLJsaVJD.jpg
11431,Fever Pitch,https://image.tmdb.org/t/p/w500/xwJBEOM5BVElAgQIA82KBLX10fu.jpg
8457,Drillbit Taylor,https://image.tmdb.org/t/p/w500/shqO696kFnM8Z4ODa3JglcjP97u.jpg
188161,A Million Ways to Die in the West,https://image.tmdb.org/t/p/w500/n9SicwnoNGWBwE75le27sUhCLMm.jpg
8850,The Shadow,https://image.tmdb.org/t/p/w500/xAbFJH3vQYZvUyzzGAtG4OLy492.jpg
64685,Extremely Loud & Incredibly Close,https://image.tmdb.org/t/p/w500/6pszViNvKr1r31pP7gJNYDHEx5P.jpg
38357,Morning Glory,https://image.tmdb.org/t/p/w500/aFRXEoB3QkeHNHYmVGC3uzFSol8.jpg
10060,Get Rich or Die Tryin',https://image.tmdb.org/t/p/w500/aaEJu8vFKtrAoSRtw3xjCf1aM5d.jpg
11398,The Art of War,https://image.tmdb.org/t/p/w500/9fbStI2ht3gMgsVRusqoBDWeK9c.jpg
1833,Rent,https://image.tmdb.org/t/p/w500/fomBrfOHWxlaVcjPk4yCQgIwAnh.jpg
10391,Bless the Child,https://image.tmdb.org/t/p/w500/s1RGEF8xIA6ecF8W4do8CaWI0yE.jpg
8970,The Out-of-Towners,https://image.tmdb.org/t/p/w500/wOmLJYh7oOfATE236XpoDfcXhOh.jpg
9306,The Island of Dr. Moreau,https://image.tmdb.org/t/p/w500/hOJeQXve8W9rNRhdgC1WV3GQJyA.jpg
11370,The Musketeer,https://image.tmdb.org/t/p/w500/oaKp6HZQDTtCOwn4JGi2Mh7Ep95.jpg
12184,The Other Boleyn Girl,https://image.tmdb.org/t/p/w500/q2lgC8mmAltWTkbqPM8n5EYF4XL.jpg
1921,Sweet November,https://image.tmdb.org/t/p/w500/3biEHZSBSYqSkawU2sQyNbLcjgE.jpg
1683,The Reaping,https://image.tmdb.org/t/p/w500/o8Vl4Vxp5LBth9J6Aa3k6PAefxt.jpg
203,Mean Streets,https://image.tmdb.org/t/p/w500/9msfwOeGc9uL1iRRTBdEf15XonC.jpg
11858,Renaissance Man,https://image.tmdb.org/t/p/w500/iPRtaSfN8gNWFclgrcg5oD3V41i.jpg
62835,Colombiana,https://image.tmdb.org/t/p/w500/rEdGDgRB3gducezNSIyx2lbKQy4.jpg
18937,Quest for Camelot,https://image.tmdb.org/t/p/w500/pLfFEQ9HTw0HRvBkW3nI9RUze03.jpg
13536,City By The Sea,https://image.tmdb.org/t/p/w500/vpjKtnE5SGTfmdw4YtJsnrfFJs0.jpg
15556,At First Sight,https://image.tmdb.org/t/p/w500/9nylrKj8zWxTor9BCy3umv6WHZe.jpg
10718,Torque,https://image.tmdb.org/t/p/w500/pY35tW8BMAjZewl87OxjXK8ui02.jpg
11062,City Hall,https://image.tmdb.org/t/p/w500/w7EkAl4Oi8Lc6VQKaqRHrOV3CxR.jpg
10802,Showgirls,https://image.tmdb.org/t/p/w500/o4HT3Ap5c99W4FYpdXUtTvxGgPc.jpg
1887,Marie Antoinette,https://image.tmdb.org/t/p/w500/cybXGmv8Rjd5Os8Xml6YxMBQ0Zt.jpg
6071,Kiss of Death,https://image.tmdb.org/t/p/w500/2cCxEqeIy6Q8HgVjfT7obOnF5Zi.jpg
10461,Get Carter,https://image.tmdb.org/t/p/w500/xGANaRWD6638ch1qQmqgRp395R6.jpg
80278,The Impossible,https://image.tmdb.org/t/p/w500/k0DLCiDbnYywOHiISALbl2EH2NE.jpg
12704,Ishtar,https://image.tmdb.org/t/p/w500/2n6cDGd84I1KvCeYlTju7MBC9sN.jpg
10315,Fantastic Mr. Fox,https://image.tmdb.org/t/p/w500/euZyZb6iGreujYKrGyZHRddhUYh.jpg
16643,Life or Something Like It,https://image.tmdb.org/t/p/w500/b9lUSfCjv8jjNRSsmk65HEV1Pv3.jpg
2687,Memoirs of an Invisible Man,https://image.tmdb.org/t/p/w500/zSy5SyhacsgqRfuJToU6jXFZ1DD.jpg
194,Amélie,https://image.tmdb.org/t/p/w500/nSxDa3M9aMvGVLoItzWTepQ5h5d.jpg
11025,New York Minute,https://image.tmdb.org/t/p/w500/px9hV6w6XzAjGdxCRUAUasAHQsP.jpg
8849,Alfie,https://image.tmdb.org/t/p/w500/dvKvkoc2d06cOSheq5hQ7G4FJJX.jpg
78698,Big Miracle,https://image.tmdb.org/t/p/w500/hqdrgC5oHK06DDaAlulReUC7Nog.jpg
30943,The Deep End of the Ocean,https://image.tmdb.org/t/p/w500/4Q8g9CfW7EiwxRCpLSDpOmcaEZb.jpg
9544,FearDotCom,https://image.tmdb.org/t/p/w500/phcd5AJvA1S45JMKYoNLhTzFwsE.jpg
24418,Cirque du Freak: The Vampire's Assistant,https://image.tmdb.org/t/p/w500/8DSRpomxdPAsyecjDH2sgMqYBkL.jpg
7288,Duplex,https://image.tmdb.org/t/p/w500/mCQ4oO9djqcthBRD3ftTnR8qSP7.jpg
14655,Soul Men,https://image.tmdb.org/t/p/w500/ewU8w8IPlAkauFutzSwYYFILiU8.jpg
24575,Raise the Titanic,https://image.tmdb.org/t/p/w500/XvukyvRCbkYKKv1TdtlyNxvzEl.jpg
10366,Universal Soldier: The Return,https://image.tmdb.org/t/p/w500/qlcPJK0Me8aUtDPwk3TqN2RdKH4.jpg
19898,Pandorum,https://image.tmdb.org/t/p/w500/mNMfa6r3pl0EzFIKEkVcxyr6Rc7.jpg
4965,Impostor,https://image.tmdb.org/t/p/w500/7Uy4JbalP0mEyKnFW2IorQDmbBa.jpg
15074,Extreme Ops,https://image.tmdb.org/t/p/w500/984tq1bRL2uzR0wHrNzZVYTR0Al.jpg
56715,Just Visiting,https://image.tmdb.org/t/p/w500/7KqzbefXjADSUE8j2ZsrudvAArY.jpg
1272,Sunshine,https://image.tmdb.org/t/p/w500/oKGGeJ8qvm0UmClz43VJ31fzPP7.jpg
72358,A Thousand Words,https://image.tmdb.org/t/p/w500/hSxVSMHrW3epffELvi2CC5XdFXb.jpg
20542,Delgo,https://image.tmdb.org/t/p/w500/wtk430tDLZ0Ql5jCUWCja8qJJQQ.jpg
266396,The Gunman,https://image.tmdb.org/t/p/w500/lnUozDnDANTsDYEdsNsHC6b8IiS.jpg
9978,Stormbreaker,https://image.tmdb.org/t/p/w500/2KTfHVWvVLmghBabwoygdJuf6Y2.jpg
8271,Disturbia,https://image.tmdb.org/t/p/w500/3f9KwSrieczuH9nRrwfOsoMoMNd.jpg
10428,Hackers,https://image.tmdb.org/t/p/w500/qfx2EENW1sOpKNVKLzr7VOhlxkt.jpg
5353,The Hunting Party,https://image.tmdb.org/t/p/w500/kXUfQGa7BoW856hDYAFtZLtiAAQ.jpg
11934,The Hudsucker Proxy,https://image.tmdb.org/t/p/w500/xBQBr6Q1OTivouBK66oFgy86n03.jpg
14392,The Warlords,https://image.tmdb.org/t/p/w500/9sAWyaASakMW9f3LSXK8Br3RCED.jpg
19495,Nomad: The Warrior,https://image.tmdb.org/t/p/w500/vLHtz57xpPBrIl9YAhEgC29LCyk.jpg
110415,Snowpiercer,https://image.tmdb.org/t/p/w500/kw6YQudA0TMcNmGUGy5XIw7zbnV.jpg
77459,A Monster in Paris,https://image.tmdb.org/t/p/w500/wSYZR2QL58jWPIEe9TG7G9PlTya.jpg
26486,The Last Shot,https://image.tmdb.org/t/p/w500/2Rm4xsJnrZaZL0qPO2wBP5MJJpE.jpg
9495,The Crow,https://image.tmdb.org/t/p/w500/rMMB3v6jYHjsvXRNJYESacoTD7j.jpg
256040,Baahubali: The Beginning,https://image.tmdb.org/t/p/w500/9BAjt8nSSms62uOVYn1t3C3dVto.jpg
24420,The Time Traveler's Wife,https://image.tmdb.org/t/p/w500/J3ewuzQwhFro0pDpdcbZ4j7MYy.jpg
1257,Because I Said So,https://image.tmdb.org/t/p/w500/wQtGQnr5RPnmzSfV9zUcgh8R9NX.jpg
62214,Frankenweenie,https://image.tmdb.org/t/p/w500/yGjVbLVdZRBlZTTQVBsj2KUjL1s.jpg
16320,Serenity,https://image.tmdb.org/t/p/w500/4sqUOaPFoP2W81mq1UYqZqf5WzA.jpg
8842,Against the Ropes,https://image.tmdb.org/t/p/w500/9CuODYTA3vvrGluaIl0hMPsEIK8.jpg
9531,Superman III,https://image.tmdb.org/t/p/w500/c4oR6qgZW2s5foGkQi2Dd86KuAS.jpg
64807,Grudge Match,https://image.tmdb.org/t/p/w500/jTq9jYTKKo6EhQPso4xTMpPYYXW.jpg
12289,Red Cliff,https://image.tmdb.org/t/p/w500/eEelFTjUYJJDlwqd53VfSA8xMfj.jpg
11529,Sweet Home Alabama,https://image.tmdb.org/t/p/w500/698cbxq0SRwCdOPG5Bwi7JDk12d.jpg
20943,The Ugly Truth,https://image.tmdb.org/t/p/w500/2rq96Ihbqb1eU3TEBVtgFlqbeX7.jpg
9099,Sgt. Bilko,https://image.tmdb.org/t/p/w500/q4zmVdQq35ZBj8uyxsU2RCPOQxo.jpg
9488,Spy Kids 2: The Island of Lost Dreams,https://image.tmdb.org/t/p/w500/z8pfWCk6SlxxDLXXQdUHdxF5dwJ.jpg
193,Star Trek: Generations,https://image.tmdb.org/t/p/w500/gh0ZZRwSmlzEZTIZee3ZCN9Jssx.jpg
44865,The Grandmaster,https://image.tmdb.org/t/p/w500/ydBVVIscL6TsX5hYztA5YpBCwJ3.jpg
55787,Water for Elephants,https://image.tmdb.org/t/p/w500/8T7Hvb9trKvCAmbSI8cEIU0Sl2T.jpg
257932,Dragon Nest: Warriors' Dawn,https://image.tmdb.org/t/p/w500/8fklM49dK7AZ3j8jgycxbRwECGa.jpg
10400,The Hurricane,https://image.tmdb.org/t/p/w500/zhnxjsNnnpsBMF5V1H7Pzkec45Y.jpg
1957,Enough,https://image.tmdb.org/t/p/w500/yAfXnB6B69iM8KiWwzGulCXF4Mo.jpg
10833,Heartbreakers,https://image.tmdb.org/t/p/w500/bwvec0gRMSpLakcPuxe0RWScNv3.jpg
256961,Paul Blart: Mall Cop 2,https://image.tmdb.org/t/p/w500/qML63w7vgspicwLK6xXGLK17cM0.jpg
5852,Angel Eyes,https://image.tmdb.org/t/p/w500/6ZeMoynnz4pRweKKZ9c2G1absMJ.jpg
12312,Joe Somebody,https://image.tmdb.org/t/p/w500/9AJvAour6cslSMy9Q0WLd0jIJh1.jpg
622,The Ninth Gate,https://image.tmdb.org/t/p/w500/rxw9l9YNL14ODdmAavUwHLBjiDo.jpg
11306,Extreme Measures,https://image.tmdb.org/t/p/w500/uowP2Nw2mLpQni1vtbUb1LUSiP0.jpg
12508,Rock Star,https://image.tmdb.org/t/p/w500/8pRMweo9WA1MvYOLsD2hWyFpZ1V.jpg
25793,Precious,https://image.tmdb.org/t/p/w500/d4ltLIDbvZskSwbzXqi0Hfv5ma4.jpg
10534,White Squall,https://image.tmdb.org/t/p/w500/5xF4qy44Lvv68glS7eHWH7laTqt.jpg
1091,The Thing,https://image.tmdb.org/t/p/w500/tzGY49kseSE9QAKk47uuDGwnSCu.jpg
87421,Riddick,https://image.tmdb.org/t/p/w500/pUul9pGWOKT7X0smkTvsIEIQxcP.jpg
10871,Switchback,https://image.tmdb.org/t/p/w500/3v4nX475G97Vd8XCapTKQ7NTqMs.jpg
13503,Texas Rangers,https://image.tmdb.org/t/p/w500/69tMHlxiCYlYKGZm1aPH1u7hY88.jpg
13600,City of Ember,https://image.tmdb.org/t/p/w500/xHYxFNsl8KuT4tHai8d1Y5gJI0F.jpg
68722,The Master,https://image.tmdb.org/t/p/w500/rUSjbyvYWN9H4az8xt0tDtU7I6v.jpg
14324,Virgin Territory,https://image.tmdb.org/t/p/w500/zofWP7ZKhoVTh2VUltaDo4LRQXc.jpg
14325,The Express,https://image.tmdb.org/t/p/w500/l4bOPaxwx1WebQXTeqXzXwf9n3M.jpg
299687,The 5th Wave,https://image.tmdb.org/t/p/w500/ja34BV577dtjWl2S5G1tB93IjYb.jpg
312221,Creed,https://image.tmdb.org/t/p/w500/1BfTsk5VWuw8FCocAhCyqnRbEzq.jpg
23168,The Town,https://image.tmdb.org/t/p/w500/3NIzyXkfylsjflRKSz8Fts3lXzm.jpg
76494,What to Expect When You're Expecting,https://image.tmdb.org/t/p/w500/dHLN64hvTtbqVqeJI67Ali5XSBE.jpg
4944,Burn After Reading,https://image.tmdb.org/t/p/w500/jdwSkQu3XirmX18MNj8CqFWsCk.jpg
10488,Nim's Island,https://image.tmdb.org/t/p/w500/vhNoXDpc7T5OdmAuu8DMHLB39uo.jpg
96721,Rush,https://image.tmdb.org/t/p/w500/95BDrWmcfJDEa2WCfjmLgi67jhi.jpg
334,Magnolia,https://image.tmdb.org/t/p/w500/tpfC325Jk6S38VTe5dDWjWtoyxr.jpg
23742,Cop Out,https://image.tmdb.org/t/p/w500/qA31i7FPVDHezuoevx3497CvZd4.jpg
259694,How to Be Single,https://image.tmdb.org/t/p/w500/a4Ce3qHqIyHM3QfGsiVTAu3YADJ.jpg
62837,Dolphin Tale,https://image.tmdb.org/t/p/w500/af2SRFllNW26WFG84AfTv3xLT5t.jpg
8966,Twilight,https://image.tmdb.org/t/p/w500/3Gkb6jm6962ADUPaCBqzz9CTbn9.jpg
8470,John Q,https://image.tmdb.org/t/p/w500/xEE91LvXiqgs7Hmdl44LCzHtFf6.jpg
11001,Blue Streak,https://image.tmdb.org/t/p/w500/jek2osBtFhzU6Hjj7yp1egOtbqO.jpg
138832,We're the Millers,https://image.tmdb.org/t/p/w500/qF2LJ0jwWrtXSuT4AFD5OS2IqaT.jpg
16911,The Inhabited Island,https://image.tmdb.org/t/p/w500/dQ6Cox1ycTpvEgLKAHRzRerwEL8.jpg
2163,Breakdown,https://image.tmdb.org/t/p/w500/m3VB59ppr1RlpxNUYRUfZTgjgU.jpg
36670,Never Say Never Again,https://image.tmdb.org/t/p/w500/zhoAL4o1STGgLbLxJ9r1ijfyHC9.jpg
23048,Hot Tub Time Machine,https://image.tmdb.org/t/p/w500/wjzbVXAes1acbh6k4OO5xVfy5.jpg
227735,Dolphin Tale 2,https://image.tmdb.org/t/p/w500/7ujGA9YqxQ3uwtMelCEsaBKasuR.jpg
2155,Reindeer Games,https://image.tmdb.org/t/p/w500/8y1PedfYWllJVoBbkt9KWLY155v.jpg
8409,A Man Apart,https://image.tmdb.org/t/p/w500/mgcGj39KYcyPx6zDiICHsPQNAJQ.jpg
222936,Aloha,https://image.tmdb.org/t/p/w500/58Y4CjcRX8AtMNtI0AXu9H7iebP.jpg
31908,Ghosts of Mississippi,https://image.tmdb.org/t/p/w500/gu81MbuLTPbw95xWuDuM7ddcCir.jpg
10219,Snow Falling on Cedars,https://image.tmdb.org/t/p/w500/h1CujbeKvwkR6LMr4jVuMM0C94X.jpg
48171,The Rite,https://image.tmdb.org/t/p/w500/gRTxM95huMwIDfZBJWjuifMTfpx.jpg
782,Gattaca,https://image.tmdb.org/t/p/w500/eSKr5Fl1MEC7zpAXaLWBWSBjgJq.jpg
75531,Isn't She Great,https://image.tmdb.org/t/p/w500/ikmulTGVfW6jYYNz4iO5yoN7dla.jpg
11802,Space Chimps,https://image.tmdb.org/t/p/w500/ecAKgzlt78OvEVpZURYYdSz8K5v.jpg
9776,Head of State,https://image.tmdb.org/t/p/w500/5itBve85q2oXmiQ3SkgCJa5Asxq.jpg
18785,The Hangover,https://image.tmdb.org/t/p/w500/A0uS9rHR56FeBtpjVki16M5xxSW.jpg
365222,Ip Man 3,https://image.tmdb.org/t/p/w500/8PvinaGEqzf1rrfFAxiXujJnCtI.jpg
817,Austin Powers: The Spy Who Shagged Me,https://image.tmdb.org/t/p/w500/jiF7UShERJFn5RtgfBK2lIJrOTc.jpg
268,Batman,https://image.tmdb.org/t/p/w500/cij4dd21v2Rk2YtUQbV5kW69WB2.jpg
45054,There Be Dragons,https://image.tmdb.org/t/p/w500/7y6ehxTLB1ZJl3xFVFbhcnoJx1m.jpg
943,Lethal Weapon 3,https://image.tmdb.org/t/p/w500/efOCSdTquRGQFTpTsLYApfBWmJK.jpg
22881,The Blind Side,https://image.tmdb.org/t/p/w500/bMgq7VBriuBFknXEe9E9pVBYGZq.jpg
10054,Spy Kids,https://image.tmdb.org/t/p/w500/j3rUkHIAAoKr6jU30q3Db4fcIF9.jpg
51540,Horrible Bosses,https://image.tmdb.org/t/p/w500/uQkUwgyFHAm0jGQERPG6Z9o9Zbj.jpg
44264,True Grit,https://image.tmdb.org/t/p/w500/tCrB8pcjadZjsDk7rleGJaIv78k.jpg
350,The Devil Wears Prada,https://image.tmdb.org/t/p/w500/8912AsVuS7Sj915apArUFbv6F9L.jpg
152,Star Trek: The Motion Picture,https://image.tmdb.org/t/p/w500/wfiAfNwH6CMKxz4vRaW8CPTabtk.jpg
109431,Identity Thief,https://image.tmdb.org/t/p/w500/lIliJCGoWT6tEVaDivLpXEf038w.jpg
1598,Cape Fear,https://image.tmdb.org/t/p/w500/meJZAAuVcjic2ipvbOPz5UlE4P9.jpg
8065,21,https://image.tmdb.org/t/p/w500/efG8Po57alqSlhqHU1lXJ3duG6t.jpg
271718,Trainwreck,https://image.tmdb.org/t/p/w500/wrY629UTCUAKLJ4CxQXz6DCE7pr.jpg
11638,Guess Who,https://image.tmdb.org/t/p/w500/8BF6qSAANBvhEPZxQVTUiZbfiOy.jpg
409,The English Patient,https://image.tmdb.org/t/p/w500/8eHHqMg8qEYtVw8LQLygsHXSR2q.jpg
2118,L.A. Confidential,https://image.tmdb.org/t/p/w500/lWCgf5sD5FpMljjpkRhcC8pXcch.jpg
11459,Sky High,https://image.tmdb.org/t/p/w500/nBB0XNMwvYvWpo67EcxQqKMoMKf.jpg
10806,In & Out,https://image.tmdb.org/t/p/w500/jUTQp6cPgfOX4St2WfaeUvxZCts.jpg
9348,Species,https://image.tmdb.org/t/p/w500/cT5wdyo8kT7dycqjrolJ2sHWkFx.jpg
377,A Nightmare on Elm Street,https://image.tmdb.org/t/p/w500/wGTpGGRMZmyFCcrY2YoxVTIBlli.jpg
8843,The Cell,https://image.tmdb.org/t/p/w500/1LX8AOUGDSrBDzgC4KLtRvyJFgY.jpg
9313,The Man in the Iron Mask,https://image.tmdb.org/t/p/w500/zHE9yRURvA7DyhYtQxkGTfE1Ywi.jpg
39486,Secretariat,https://image.tmdb.org/t/p/w500/6YJ39NqRJ0ljUQohizHmE2hB6Wh.jpg
1273,TMNT,https://image.tmdb.org/t/p/w500/bcpVoVarN7vqwzMuIP0Gb0xYZ0N.jpg
13920,Radio,https://image.tmdb.org/t/p/w500/uQ6ci4iFHhB6TWB2f4wftR7AEly.jpg
50544,Friends with Benefits,https://image.tmdb.org/t/p/w500/nKhhDFCdzxeJ3GUunQ570LDpUkz.jpg
325133,Neighbors 2: Sorority Rising,https://image.tmdb.org/t/p/w500/eyjcLLwxuRXACbglIbwWwaXK9DN.jpg
140823,Saving Mr. Banks,https://image.tmdb.org/t/p/w500/4RkcUe5PKnYvrCwMjk8giUAoID7.jpg
1883,Malcolm X,https://image.tmdb.org/t/p/w500/o2s9ow0uRRm1BcF3teznk5twd90.jpg
89492,This Is 40,https://image.tmdb.org/t/p/w500/mzUuOIFoVkRTHACRb58vm6mkbBN.jpg
22949,Old Dogs,https://image.tmdb.org/t/p/w500/u056hk3at4ukf9DWASVjogXyZfn.jpg
12437,Underworld: Rise of the Lycans,https://image.tmdb.org/t/p/w500/yW9gF7rGn8EoV8B8rxOx1xjxVZf.jpg
2959,License to Wed,https://image.tmdb.org/t/p/w500/lJbT99nN3jEe23EfQvmlSh6EQ2b.jpg
9957,The Benchwarmers,https://image.tmdb.org/t/p/w500/5yMPCr4qhuNg6fT538xicHaMaG7.jpg
11648,Must Love Dogs,https://image.tmdb.org/t/p/w500/252PdRj3y2S05DC4oSf2qk2vva3.jpg
9366,Donnie Brasco,https://image.tmdb.org/t/p/w500/xtKLvpOfARi1XVm8u2FTdhY5Piq.jpg
1576,Resident Evil,https://image.tmdb.org/t/p/w500/1UKNef590A0ZaMnxsscIcWuK1Em.jpg
609,Poltergeist,https://image.tmdb.org/t/p/w500/4eMN3GANH5GG4kXdHkrTZEUuQ9M.jpg
5516,The Ladykillers,https://image.tmdb.org/t/p/w500/l4g9R39NCp6VaYFrw6q8JwKNW9x.jpg
13051,Max Payne,https://image.tmdb.org/t/p/w500/dxy17rpjiWVmhaGvMlScZj96i8h.jpg
49530,In Time,https://image.tmdb.org/t/p/w500/3Mwj2sIONQckOZP3YwsUXF7U5I4.jpg
34806,The Back-Up Plan,https://image.tmdb.org/t/p/w500/fB6PxwdydGzdq5jSWrxwSMEqSFs.jpg
49022,Something Borrowed,https://image.tmdb.org/t/p/w500/66VZu75VeLGc6tcAypqyGzWcPeN.jpg
11469,Black Knight,https://image.tmdb.org/t/p/w500/pVxwVH461k9u4tUfRewT29DEZ2e.jpg
23479,The Bad News Bears,https://image.tmdb.org/t/p/w500/kJNXMni0ObOXLth6v9xpUhWbtrp.jpg
11667,Street Fighter,https://image.tmdb.org/t/p/w500/6yh95dD2Y6uWAlPfWCZZygBM1ec.jpg
423,The Pianist,https://image.tmdb.org/t/p/w500/2hFvxCCWrTmCYwfy7yum0GKRi3Y.jpg
2447,The Nativity Story,https://image.tmdb.org/t/p/w500/nd0oj0lmEx1X8WraiVkYMZlDjKk.jpg
10066,House of Wax,https://image.tmdb.org/t/p/w500/aCLSgw1DaqkRvosYc3YUttBTtpT.jpg
2288,Closer,https://image.tmdb.org/t/p/w500/fGGaokx4k00S0J603VG53Qlr9jz.jpg
88794,J. Edgar,https://image.tmdb.org/t/p/w500/gltciP2dIaEQmm4JeYfB088k40n.jpg
13515,Mirrors,https://image.tmdb.org/t/p/w500/bt5a4ThyLpLTsia2e2ZTLzQjXO0.jpg
11979,Queen of the Damned,https://image.tmdb.org/t/p/w500/4MMpvQYgOz8K6lzlIVMXWjLzUPC.jpg
169,Predator 2,https://image.tmdb.org/t/p/w500/83X4VwY9sdSJykskmsplIVG0a4h.jpg
8090,Untraceable,https://image.tmdb.org/t/p/w500/ySUwDRDEn01lKIMPQorpFCMLWqE.jpg
11622,Blast from the Past,https://image.tmdb.org/t/p/w500/qVN4bbVX2tzaNbAdEJT5eOPq26c.jpg
3604,Flash Gordon,https://image.tmdb.org/t/p/w500/eTdEaRjtVnFbd5KVhxLRfbYW46e.jpg
9541,Jersey Girl,https://image.tmdb.org/t/p/w500/nMmMWoSooR6QmCjdT0AvZardof1.jpg
94348,Alex Cross,https://image.tmdb.org/t/p/w500/bQYXid9o6nunJBgmmjo6JFIQe1p.jpg
8197,Midnight in the Garden of Good and Evil,https://image.tmdb.org/t/p/w500/cXS5o6RIp8m1epBm5I7cX49bfFd.jpg
336004,Heist,https://image.tmdb.org/t/p/w500/eKdz5i9gbzJthAxUZBBj5SVbzKR.jpg
35019,Nanny McPhee and the Big Bang,https://image.tmdb.org/t/p/w500/9cgHfgBXVZmVR63AhwJ82R1kAFS.jpg
10410,Hoffa,https://image.tmdb.org/t/p/w500/aMGhaSkhkFwz33hKEsBrJ3ptx3g.jpg
8836,The X Files: I Want to Believe,https://image.tmdb.org/t/p/w500/3zQMhutUMJP6lK49x7i2YfsOHL9.jpg
14442,Ella Enchanted,https://image.tmdb.org/t/p/w500/7AyNzwSEpJEG1gBdgwRfXi1cjs8.jpg
321741,Concussion,https://image.tmdb.org/t/p/w500/uuRFr7Jhsq7bITDyyvxZrQMAr9e.jpg
59965,Abduction,https://image.tmdb.org/t/p/w500/d0TIDrwnMFVjg2EO4LsXQn1mbbc.jpg
14175,Valiant,https://image.tmdb.org/t/p/w500/tSRO8wukDlGMlrkmRpqL2nWhgPs.jpg
11004,Wonder Boys,https://image.tmdb.org/t/p/w500/5yvQe06HPNII2eZCJWTeMwqLWvR.jpg
11918,Superhero Movie,https://image.tmdb.org/t/p/w500/nAzo5OOmoE9SXOv4mHTuiu58QXA.jpg
98357,Broken City,https://image.tmdb.org/t/p/w500/hqa5FwNZC55zqSpdeGFtBDqw55y.jpg
10012,Cursed,https://image.tmdb.org/t/p/w500/em45jL4CfTMyj5V83kj7rhdorJu.jpg
49526,Premium Rush,https://image.tmdb.org/t/p/w500/gHnGhJmE0LByOd4RS2mOASmUqQu.jpg
268920,Hot Pursuit,https://image.tmdb.org/t/p/w500/lobNOBHuJQCP9ZYAf86MBMwRrmZ.jpg
9093,The Four Feathers,https://image.tmdb.org/t/p/w500/bfmpeRr9LTXzBC2dpC89FE5uavK.jpg
119283,Parker,https://image.tmdb.org/t/p/w500/u1cl4RsdqMjolVVsHwiLRPN1CT2.jpg
11823,Wimbledon,https://image.tmdb.org/t/p/w500/agiItFfsvNsjpinLGwjfpYOhLaX.jpg
35169,Furry Vengeance,https://image.tmdb.org/t/p/w500/604qqquWBgFy34jLhHLtebFPQy6.jpg
118957,Bait,https://image.tmdb.org/t/p/w500/e2OIr4y90ZZjIRWQ0XBOVzpBn4x.jpg
849,Krull,https://image.tmdb.org/t/p/w500/izDbySIrTmID0Nh6UqcWrUvOMjU.jpg
4515,Lions for Lambs,https://image.tmdb.org/t/p/w500/37L6IoLhTgLzq6XYWpWUlbbEzMj.jpg
18886,Flight of the Intruder,https://image.tmdb.org/t/p/w500/tzjCePBItSRfZxLnOd3KBGHQIJl.jpg
6575,Walk Hard: The Dewey Cox Story,https://image.tmdb.org/t/p/w500/Aa1IQ4Cuin3d7qIahvPheMmR4E5.jpg
6440,The Shipping News,https://image.tmdb.org/t/p/w500/3IdEZw4YN4NfvjLRyZVWpI0z2IH.jpg
13496,American Outlaws,https://image.tmdb.org/t/p/w500/ov9PIn56yrwvrwOfvVTKplmV0S6.jpg
18320,The Young Victoria,https://image.tmdb.org/t/p/w500/iGyuReyij3bPCtzJdSjTR8PR0pa.jpg
22787,Whiteout,https://image.tmdb.org/t/p/w500/kkXXA3353MX60B8PRSkTGRabxXu.jpg
8967,The Tree of Life,https://image.tmdb.org/t/p/w500/l8cwuB5WJSoj4uMAsnzuHBOMaSJ.jpg
37498,Knock Off,https://image.tmdb.org/t/p/w500/hK7hKDA51FCbtFCuXZNiQ6gPq3S.jpg
144336,Sabotage,https://image.tmdb.org/t/p/w500/ygG17WukZCidKm7wGM3Zzrr5WRi.jpg
9616,The Order,https://image.tmdb.org/t/p/w500/7kj4TffoKCt4gIrNupr2oqmir69.jpg
13056,Punisher: War Zone,https://image.tmdb.org/t/p/w500/oOvKJgYUIpfswGHAdW6159bPbvM.jpg
14113,Zoom,https://image.tmdb.org/t/p/w500/v4rSFmiy0v9D7qmKkaUVJn5UhZ1.jpg
285783,The Walk,https://image.tmdb.org/t/p/w500/tiESRqurrZwAC0hpERogOsBhjeg.jpg
49478,Warriors of Virtue,https://image.tmdb.org/t/p/w500/8fT8cttGyXx36P24W0tum2QxsLf.jpg
9726,A Good Year,https://image.tmdb.org/t/p/w500/10ErazhJxfL68rWg2KLfwiRuIou.jpg
20763,Radio Flyer,https://image.tmdb.org/t/p/w500/nQjCKrwWYH6ES0HrnkLkPXnOEp0.jpg
9702,Bound by Honor,https://image.tmdb.org/t/p/w500/xD0xcDkII1t5j3d6c68t1GYzP6S.jpg
9311,Smilla's Sense of Snow,https://image.tmdb.org/t/p/w500/2BwL0fKCaNRXfqMsu2uvFFS7dZX.jpg
9280,Femme Fatale,https://image.tmdb.org/t/p/w500/i2OgxmZVbIsJxaLiYMjCSewsLty.jpg
26843,Lion of the Desert,https://image.tmdb.org/t/p/w500/xm7CKN5mo09RNAcL1IP1xmJ5avT.jpg
11876,The Horseman on the Roof,https://image.tmdb.org/t/p/w500/tsmwnxi8hGXQTNVqBRCAVsfeGON.jpg
22267,Ride with the Devil,https://image.tmdb.org/t/p/w500/pH3J5IUzho4ZVaRuTuErzqHHovb.jpg
45958,Biutiful,https://image.tmdb.org/t/p/w500/4BLshBMp8INRDhvfuKwxMlHDIIt.jpg
1969,Bandidas,https://image.tmdb.org/t/p/w500/31wgXG6OxDaXbp5IzyNoUJdVS5e.jpg
310706,Black Water Transit,
198663,The Maze Runner,https://image.tmdb.org/t/p/w500/ode14q7WtDugFDp78fo9lCsmay9.jpg
239573,Unfinished Business,https://image.tmdb.org/t/p/w500/eVWVZf3fkx9eNqbHyn9xNlmC2h4.jpg
10436,The Age of Innocence,https://image.tmdb.org/t/p/w500/5Tuyt26v7qNR8Cl3m7ZRx36rduf.jpg
1381,The Fountain,https://image.tmdb.org/t/p/w500/4XTf8GuCVLWolubANaKkpk62YPq.jpg
2162,Chill Factor,https://image.tmdb.org/t/p/w500/fgPC0xS3o6J5eWFwetssfSD2SEK.jpg
127493,Stolen,https://image.tmdb.org/t/p/w500/8rTcpPiet2Lt2uZXBFIH5U7ylBY.jpg
12429,Ponyo,https://image.tmdb.org/t/p/w500/yp8vEZflGynlEylxEesbYasc06i.jpg
228205,The Longest Ride,https://image.tmdb.org/t/p/w500/qdUVfvPBvT6cetDDM7rn8y2CNZE.jpg
2900,The Astronaut's Wife,https://image.tmdb.org/t/p/w500/54RGJ6INW9ERG8IaalmMKbbDgwH.jpg
21311,I Dreamed of Africa,https://image.tmdb.org/t/p/w500/kuDIrcsUI0duLSTUgKKLKEiEdrK.jpg
77875,Playing for Keeps,https://image.tmdb.org/t/p/w500/jYv6MqOoAIpxZd6ydJ4S5S2QHDZ.jpg
192136,Mandela: Long Walk to Freedom,https://image.tmdb.org/t/p/w500/nzjwDSwLbalv7bCXnFbkAuIxXLx.jpg
18254,Reds,https://image.tmdb.org/t/p/w500/AeiKdVVM93fwfQG1m3N0cgVZgHl.jpg
881,A Few Good Men,https://image.tmdb.org/t/p/w500/rLOk4z9zL1tTukIYV56P94aZXKk.jpg
10877,Exit Wounds,https://image.tmdb.org/t/p/w500/tGIJhBejmredgUZRNdteZyiahag.jpg
9600,Big Momma's House,https://image.tmdb.org/t/p/w500/5YoSFqpTz5qIxsX61CPMGKONQIY.jpg
202575,Thunder and the House of Magic,https://image.tmdb.org/t/p/w500/3R13g2XgblynIrQGF8geFZJPNvR.jpg
71469,The Darkest Hour,https://image.tmdb.org/t/p/w500/iUrtHcc8rn7iX31Id3MYOT1rbyw.jpg
85446,Step Up Revolution,https://image.tmdb.org/t/p/w500/jMpwxmk3r7Aq36GcqMbCuP9DJYQ.jpg
326,Snakes on a Plane,https://image.tmdb.org/t/p/w500/i0ynvZ89tV1t8MAL9FmeQELfXH0.jpg
10685,The Watcher,https://image.tmdb.org/t/p/w500/hsMvndtd3KPAvJ3q7zKZuNSB1R3.jpg
7220,The Punisher,https://image.tmdb.org/t/p/w500/7rmA1HwYp2GKM85BL0cVwCaosGr.jpg
9763,Goal!: The Dream Begins,https://image.tmdb.org/t/p/w500/9YZhJGoIbJtrjDYbENGhR6f6SZE.jpg
72387,Safe,https://image.tmdb.org/t/p/w500/kOCpkoMUVae9UIf85gO71SyjLbW.jpg
12596,Pushing Tin,https://image.tmdb.org/t/p/w500/61FWajJNKeS27DO4KgvS5LUgcHh.jpg
1892,Return of the Jedi,https://image.tmdb.org/t/p/w500/jQYlydvHm3kUix1f8prMucrplhm.jpg
13460,Doomsday,https://image.tmdb.org/t/p/w500/cKUmTyXgmhv8cMRCY9RYTKcAeTn.jpg
8055,The Reader,https://image.tmdb.org/t/p/w500/r0WURbmnhgKeBpHcpDULBgRedQM.jpg
50647,Wanderlust,https://image.tmdb.org/t/p/w500/hH1Bla0W4YIn9sdd9NwODzDCcE4.jpg
10719,Elf,https://image.tmdb.org/t/p/w500/oOleziEempUPu96jkGs0Pj6tKxj.jpg
9294,Phenomenon,https://image.tmdb.org/t/p/w500/5eK1HNf0Kl2vDPOeqf1kX4SKxrw.jpg
11888,Snow Dogs,https://image.tmdb.org/t/p/w500/8DDC6z1XyLSiNLzKw1pXcYeAOJ3.jpg
9647,Scrooged,https://image.tmdb.org/t/p/w500/uO0znfB2ZzTXA1IS7jkrjNbpkYK.jpg
9353,Nacho Libre,https://image.tmdb.org/t/p/w500/kh7B91bMl2lZ0mH9WhPfaNUIEQH.jpg
55721,Bridesmaids,https://image.tmdb.org/t/p/w500/gJtA7hYsBMQ7EM3sPBMUdBfU7a0.jpg
109414,This Is the End,https://image.tmdb.org/t/p/w500/tNIW0NhX1hKvUsy6PQ80DOKUhkD.jpg
10307,Stigmata,https://image.tmdb.org/t/p/w500/sKS1Vuqj7OQpOumfs6ArC0TICTN.jpg
11978,Men of Honor,https://image.tmdb.org/t/p/w500/wNUAnXV1mzOOfvnVBIYsalkk078.jpg
22907,Takers,https://image.tmdb.org/t/p/w500/s2zx7JA87rkQcmsV40k0vbVJ6oh.jpg
87567,The Big Wedding,https://image.tmdb.org/t/p/w500/ooSGwWVJRp81ErEH7VmTmVwjoMc.jpg
38322,"Big Mommas: Like Father, Like Son",https://image.tmdb.org/t/p/w500/n1GSxFcDaZ6lMVf21M0KloPfuhu.jpg
45612,Source Code,https://image.tmdb.org/t/p/w500/nTr0lvAzeQmUjgSgDEHTJpnrxTz.jpg
7305,Alive,https://image.tmdb.org/t/p/w500/uQACcCZqd7WCTRin9xRIW5gr1bd.jpg
3594,The Number 23,https://image.tmdb.org/t/p/w500/iPJwdvgX3I5dEw9QhDOG3hxUvMp.jpg
157841,The Young and Prodigious T.S. Spivet,https://image.tmdb.org/t/p/w500/pmr4h0ZLguYsvxaVmjS0bguLcnB.jpg
11519,1941,https://image.tmdb.org/t/p/w500/52Bn5yC6IHQuVxPUza3Q6RZCZTu.jpg
12920,Dreamer: Inspired By a True Story,https://image.tmdb.org/t/p/w500/7Z5FuLTrP5myJ2Dl9VzDRa6q0CG.jpg
59,A History of Violence,https://image.tmdb.org/t/p/w500/3qnO72NHmUgs9JZXAmu4aId9QDl.jpg
9335,Transporter 2,https://image.tmdb.org/t/p/w500/cdm17vK8PxHfTi7ayZf6WKbOgUO.jpg
12106,The Quick and the Dead,https://image.tmdb.org/t/p/w500/jhEmrXJpP6F3cqwyLjvgBgxxxFA.jpg
11141,Laws of Attraction,https://image.tmdb.org/t/p/w500/6aqR0xwmK0mPOIVShDlT88Vo5W0.jpg
8649,Bringing Out the Dead,https://image.tmdb.org/t/p/w500/gE2Q8mL0m0EA6HakRyc92uzSPJn.jpg
31867,Repo Men,https://image.tmdb.org/t/p/w500/1ZA5kEKuA6HgbyzZXXlyU4piNI.jpg
10253,Dragon Wars: D-War,https://image.tmdb.org/t/p/w500/rEpvqWGu08coDLUpcpiz4sMoDYo.jpg
3587,Bogus,https://image.tmdb.org/t/p/w500/unp3wg7uzIV3HikMexGQJpO0OHc.jpg
124459,The Incredible Burt Wonderstone,https://image.tmdb.org/t/p/w500/Bl95sg5Ljo3Hu9SSL0JOvLerLh.jpg
24662,Cats Don't Dance,https://image.tmdb.org/t/p/w500/6CrgfB0dNUsanaMWHTv0Y6AFeNd.jpg
32274,Cradle Will Rock,https://image.tmdb.org/t/p/w500/d8LJWY8kaAIlfMiQLOGglL8VqVT.jpg
182,The Good German,https://image.tmdb.org/t/p/w500/3LjHC2CWDkzoiPehf3GViujws0.jpg
5494,George and the Dragon,https://image.tmdb.org/t/p/w500/50NxkQexHBoQypzfADEdlxxOlWA.jpg
28,Apocalypse Now,https://image.tmdb.org/t/p/w500/gQB8Y5RCMkv2zwzFHbUJX3kAhvA.jpg
38073,Going the Distance,https://image.tmdb.org/t/p/w500/tTllmSew3nsizpzWNWKUkOuANhm.jpg
2054,Mr. Holland's Opus,https://image.tmdb.org/t/p/w500/kBmwWeSN3ajnYHZ3dSybEobxEPI.jpg
302156,Criminal,https://image.tmdb.org/t/p/w500/hn6HmGTopbbxv4Myy2IwGWxViFP.jpg
606,Out of Africa,https://image.tmdb.org/t/p/w500/6oMKqh08TfxmvnoFR4mm1wZB67P.jpg
87502,Flight,https://image.tmdb.org/t/p/w500/tFsHDNclXoCKy2xMxskzXXMaFJS.jpg
698,Moonraker,https://image.tmdb.org/t/p/w500/6LrJdXNmu5uHOVALZxVYd44Lva0.jpg
120467,The Grand Budapest Hotel,https://image.tmdb.org/t/p/w500/eWdyYQreja6JGCzqHWXpWHDrrPo.jpg
11313,Hearts in Atlantis,https://image.tmdb.org/t/p/w500/qPTEh8vutS5FSCDoR16MWVGHqTm.jpg
6488,Arachnophobia,https://image.tmdb.org/t/p/w500/lHjpwv1Yv2RcGcTQb4Lc1cKw1y9.jpg
10559,Frequency,https://image.tmdb.org/t/p/w500/eu3Hrjj271dnBdNAF0HqfmwWASt.jpg
296099,Vacation,https://image.tmdb.org/t/p/w500/fYDALvoCt3DBlSWN6pSAnGQ9ld7.jpg
8012,Get Shorty,https://image.tmdb.org/t/p/w500/r82SdPhg4fnIcLt0ogIjQxqjdcO.jpg
1574,Chicago,https://image.tmdb.org/t/p/w500/3ED8cWCXY9zkx77Sd0N5qMbsdDP.jpg
9032,Big Daddy,https://image.tmdb.org/t/p/w500/lEYg1X8RjqNB5NWEtodcbK7vm1G.jpg
2770,American Pie 2,https://image.tmdb.org/t/p/w500/854ZZxXdeabAs90mrV72NqShJqR.jpg
862,Toy Story,https://image.tmdb.org/t/p/w500/uXDfjJbdP4ijW5hWSBrPrlKpxab.jpg
1637,Speed,https://image.tmdb.org/t/p/w500/82PkCE4R95KhHICUDF7G4Ly2z3l.jpg
72570,The Vow,https://image.tmdb.org/t/p/w500/y5GUXzTvt7kSQbdQrSvbYNoa8HB.jpg
27569,Extraordinary Measures,https://image.tmdb.org/t/p/w500/bmBCMoCc6OdINBOC7P6pOIs1MuO.jpg
10637,Remember the Titans,https://image.tmdb.org/t/p/w500/825ohvC4wZ3gCuncCaqkWeQnK8h.jpg
1669,The Hunt for Red October,https://image.tmdb.org/t/p/w500/yVl7zidse4KiWtGMqHFtZCx4X3N.jpg
132363,The Butler,https://image.tmdb.org/t/p/w500/pAi8Bl3ZKX6pANPVhNwbhbQANop.jpg
9472,DodgeBall: A True Underdog Story,https://image.tmdb.org/t/p/w500/r8KbNHkkwFXLjV1suGwm0Qjure5.jpg
2907,The Addams Family,https://image.tmdb.org/t/p/w500/qFf8anju5f2epI0my8RdwwIXFIP.jpg
9273,Ace Ventura: When Nature Calls,https://image.tmdb.org/t/p/w500/wcinCf1ov2D6M3P7BBZkzQFOiIb.jpg
9880,The Princess Diaries,https://image.tmdb.org/t/p/w500/7axhsbEzFan6HQQ1aMOy7w3CFRx.jpg
2925,The First Wives Club,https://image.tmdb.org/t/p/w500/2ApifgYnfdJUSmCKzTBrWOYYWsn.jpg
807,Se7en,https://image.tmdb.org/t/p/w500/191nKfP0ehp3uIvWqgPbFmI4lv9.jpg
17654,District 9,https://image.tmdb.org/t/p/w500/tuGlQkqLxnodDSk6mp5c2wvxUEd.jpg
11836,The SpongeBob SquarePants Movie,https://image.tmdb.org/t/p/w500/1rvzKV1d18EbDVaEd4VDzK3cgnY.jpg
322,Mystic River,https://image.tmdb.org/t/p/w500/hCHVDbo6XJGj3r2i4hVjKhE0GKF.jpg
70,Million Dollar Baby,https://image.tmdb.org/t/p/w500/jcfEqKdWF1zeyvECPqp3mkWLct2.jpg
9535,Analyze This,https://image.tmdb.org/t/p/w500/gN8o7Ke1lUF2K8tzcLRb5bfEKbD.jpg
11036,The Notebook,https://image.tmdb.org/t/p/w500/rNzQyW4f8B8cQeg7Dgj3n6eT5k9.jpg
6557,27 Dresses,https://image.tmdb.org/t/p/w500/rEfourJfgEyKiewwH8ZkUYt9AqE.jpg
18126,Hannah Montana: The Movie,https://image.tmdb.org/t/p/w500/nZUKhfpUCFfTy24LGBHdDlK5RLx.jpg
16340,Rugrats in Paris: The Movie,https://image.tmdb.org/t/p/w500/grIL8mvfLznaWsv7EEEPhCpkH81.jpg
10333,The Prince of Tides,https://image.tmdb.org/t/p/w500/1AyeW3YlwfhRwLDeUCW686obceb.jpg
4476,Legends of the Fall,https://image.tmdb.org/t/p/w500/89DRDb6mmNkIekqSeAzz13faQDt.jpg
22947,Up in the Air,https://image.tmdb.org/t/p/w500/useGH8nfwlaHK44IWEZdUYJOE2N.jpg
2755,About Schmidt,https://image.tmdb.org/t/p/w500/tstvsrJHY57hc951lb190alXRQm.jpg
82654,Warm Bodies,https://image.tmdb.org/t/p/w500/pvVpl38YOBDOANb0pWbXFb8X3iZ.jpg
59967,Looper,https://image.tmdb.org/t/p/w500/sNjL6SqErDBE8OUZlrDLkexfsCj.jpg
16300,Down to Earth,https://image.tmdb.org/t/p/w500/w2XM4YCfBOOWEL4a0abQji7QxwI.jpg
9598,Babe,https://image.tmdb.org/t/p/w500/zKuQMtnbVTz9DsOnOJmlW71v4qH.jpg
82696,Hope Springs,https://image.tmdb.org/t/p/w500/mHEca5NntVHtUPfBiQ3ZVFBRixe.jpg
9870,Forgetting Sarah Marshall,https://image.tmdb.org/t/p/w500/d4elOzyhNWVlxpG7BwigrumkFTe.jpg
8292,Four Brothers,https://image.tmdb.org/t/p/w500/8cO39cnWSZQi2ncPG5TxL3YRzKc.jpg
8780,Baby Mama,https://image.tmdb.org/t/p/w500/xZOwucsL5NInPyFcmqJzytHkaJR.jpg
9715,Hope Floats,https://image.tmdb.org/t/p/w500/6PRFM09xjGSWpXObW87CT5JELGJ.jpg
10521,Bride Wars,https://image.tmdb.org/t/p/w500/eyXT8tmUoyHrg7YX1UVjmecHCWP.jpg
10762,Without a Paddle,https://image.tmdb.org/t/p/w500/bSQBfHDzyfzxrCLepjegVb5F8j8.jpg
10096,13 Going on 30,https://image.tmdb.org/t/p/w500/iNZdSIfhSCMtRILDNyhLn8UKeSG.jpg
59436,Midnight in Paris,https://image.tmdb.org/t/p/w500/4wBG5kbfagTQclETblPRRGihk0I.jpg
227783,The Nut Job,https://image.tmdb.org/t/p/w500/4iHnGlmOjAj2k5zUftYDIzSITCf.jpg
4133,Blow,https://image.tmdb.org/t/p/w500/yYZFVfk8aeMP4GxBSU9MTvqs9mJ.jpg
10207,Message in a Bottle,https://image.tmdb.org/t/p/w500/ulUjszY6YJFsDUd0E3WolJg6sOp.jpg
172,Star Trek V: The Final Frontier,https://image.tmdb.org/t/p/w500/uiXr41VLYsuug3CZbFrKLSNahuZ.jpg
21972,Like Mike,https://image.tmdb.org/t/p/w500/9HSaQmu1QwzvUE7R97RGoDqjTv5.jpg
36593,The Naked Gun 33⅓: The Final Insult,https://image.tmdb.org/t/p/w500/p0AYsdgkudR9P5fNV5AjzbwQt8W.jpg
707,A View to a Kill,https://image.tmdb.org/t/p/w500/arJF829RP9cYvh0NU70dC5TtXSa.jpg
533,The Curse of the Were-Rabbit,https://image.tmdb.org/t/p/w500/cMQ2lNd7sBe6PCf6zF5QxrKzbRG.jpg
6023,P.S. I Love You,https://image.tmdb.org/t/p/w500/x6M9nlTpgpI4AOw0tMkOAVbhL5z.jpg
6439,Racing Stripes,https://image.tmdb.org/t/p/w500/epDsuf5oUdzTFYHqV2IRcyy8Rwc.jpg
4347,Atonement,https://image.tmdb.org/t/p/w500/hMRIyBjPzxaSXWM06se3OcNjIQa.jpg
37056,Letters to Juliet,https://image.tmdb.org/t/p/w500/y9DdvY1IRNS2hWLq161hmP2gXn.jpg
4105,Black Rain,https://image.tmdb.org/t/p/w500/funhGWt9ee3Uwb6Ar8SGCCvbJdV.jpg
76489,The Three Stooges,https://image.tmdb.org/t/p/w500/b0nNQCL90RGTwjxLEFsFFLQZKNe.jpg
3933,Corpse Bride,https://image.tmdb.org/t/p/w500/3RAoVTxUk1OzZClscAsynuu670p.jpg
9918,Glory Road,https://image.tmdb.org/t/p/w500/bGRSV5tStxDNPRLCewnOeeiZzrY.jpg
273481,Sicario,https://image.tmdb.org/t/p/w500/lz8vNyXeidqqOdJW9ZjnDAMb5Vr.jpg
307081,Southpaw,https://image.tmdb.org/t/p/w500/kSQ49Fi3NVTqGGXILmxV2T2pdkG.jpg
16871,Drag Me to Hell,https://image.tmdb.org/t/p/w500/fdyejM5Zd6dsa0YyWa02ZAKwQzK.jpg
293863,The Age of Adaline,https://image.tmdb.org/t/p/w500/3XFuCS6wBfpSnUQboLd1JtkJqe0.jpg
13156,Secondhand Lions,https://image.tmdb.org/t/p/w500/mYIMMAma7DCACRfiGhHAybPAdKa.jpg
41233,Step Up 3D,https://image.tmdb.org/t/p/w500/rPcqa5TZ7S63RNmCuY45ZizFBen.jpg
9266,Blue Crush,https://image.tmdb.org/t/p/w500/iZSw0JVG0cIFuZoTHuQU3nmGT4k.jpg
1262,Stranger Than Fiction,https://image.tmdb.org/t/p/w500/nCzcepubwShvZ4vbCsygQNgF2Z1.jpg
4513,30 Days of Night,https://image.tmdb.org/t/p/w500/7LwSrvFA0gz1KAlcrGcinoQPene.jpg
22970,The Cabin in the Woods,https://image.tmdb.org/t/p/w500/zZZe5wn0udlhMtdlDjN4NB72R6e.jpg
7278,Meet the Spartans,https://image.tmdb.org/t/p/w500/DWQOjAPvM8Kk1Qp3Xq0zae0Z6w.jpg
9013,Midnight Run,https://image.tmdb.org/t/p/w500/yx0touyDQ9enWDsFgS4MbBwCSNd.jpg
865,The Running Man,https://image.tmdb.org/t/p/w500/GTAUOhO4BN0peJVvxGEQydJvUO.jpg
10776,Little Shop of Horrors,https://image.tmdb.org/t/p/w500/iKkbN17OmFosaW6asCNZTTsyvpu.jpg
50456,Hanna,https://image.tmdb.org/t/p/w500/6QDeHwBXDHbCbuzStgUpuUAqnap.jpg
9823,Mortal Kombat: Annihilation,https://image.tmdb.org/t/p/w500/ttryglcY2osWZE3sRYBf3ewTZsW.jpg
59861,Larry Crowne,https://image.tmdb.org/t/p/w500/8GDM7RqM6J1vNUdlU94rmtlNa3e.jpg
133805,Carrie,https://image.tmdb.org/t/p/w500/kloXz9qwO23z9Kbt3z3MgnjF4xO.jpg
12763,Take the Lead,https://image.tmdb.org/t/p/w500/vkGSs0eeOOISEe9jddBZnRSkn46.jpg
9766,Gridiron Gang,https://image.tmdb.org/t/p/w500/tTjDApg546wt8OWazvPbEhygu83.jpg
14034,What's the Worst That Could Happen?,https://image.tmdb.org/t/p/w500/dF9vz1LB6078ULfweT2vxdWZzos.jpg
12244,9,https://image.tmdb.org/t/p/w500/3uqXGOH4BQ2CLJWkDJZ0PzbUzOn.jpg
109421,Side Effects,https://image.tmdb.org/t/p/w500/dk10bwGyj8aRdOTl3EkgATEefh2.jpg
11137,The Prince & Me,https://image.tmdb.org/t/p/w500/1rdb6Cr5VuLzW9ha2INswhpgmln.jpg
51162,Winnie the Pooh,https://image.tmdb.org/t/p/w500/xlFs85nq62jeR4a9iHNGB113m6x.jpg
10152,Dumb and Dumberer: When Harry Met Lloyd,https://image.tmdb.org/t/p/w500/qxD6P3UXASFCdbrVavceZzgOfI9.jpg
9452,Bulworth,https://image.tmdb.org/t/p/w500/gR9jZ7W2d28aSa2Yimz797VNXRh.jpg
239566,Get on Up,https://image.tmdb.org/t/p/w500/dVbGeU5agxFGcJnL5hk4uO8W7i2.jpg
53113,One True Thing,https://image.tmdb.org/t/p/w500/hOYQIMtrqVeHUBe999V1KIqO7Gf.jpg
9271,Virtuosity,https://image.tmdb.org/t/p/w500/5emgnXYrXjqyiup2JsvtuENseiV.jpg
4474,My Super Ex-Girlfriend,https://image.tmdb.org/t/p/w500/j4NCuEfLHzIjaWDns5fz6nGH2FD.jpg
184346,Deliver Us from Evil,https://image.tmdb.org/t/p/w500/Uz32ERsyCmGwV8Eg2wmT2ooWpo.jpg
48340,Sanctum,https://image.tmdb.org/t/p/w500/zRUNv1CbeVtmTCNr6RLHnxV2QYm.jpg
14846,Little Black Book,https://image.tmdb.org/t/p/w500/c6TD54dLIryqhQAOdGExy8Lie1l.jpg
72207,The Five-Year Engagement,https://image.tmdb.org/t/p/w500/4Bj6pw3ZCo1f2DXP4k7AUDwMTFX.jpg
16232,Mr. 3000,https://image.tmdb.org/t/p/w500/g7CNkytZsZzQ8ZEr8F4SmrhjI5y.jpg
43539,The Next Three Days,https://image.tmdb.org/t/p/w500/wBaRZ3aHa7qoYTSY0ONbXrXYk4B.jpg
9920,Ultraviolet,https://image.tmdb.org/t/p/w500/27OzQ2BBahQHYPiPEAXRXMbhnPQ.jpg
8978,Assault on Precinct 13,https://image.tmdb.org/t/p/w500/oBpsRvMN1ONl8oFHuWt1rasDYFJ.jpg
11702,The Replacement Killers,https://image.tmdb.org/t/p/w500/6q96xjyGTQllKAKgmwyBsk5JSe5.jpg
18550,Fled,https://image.tmdb.org/t/p/w500/5oGdTgWXCOKerrfdBxJrOlFyifL.jpg
8869,Eight Legged Freaks,https://image.tmdb.org/t/p/w500/5blAumPPS6vX6zcUlt9oIhOEheK.jpg
43347,Love & Other Drugs,https://image.tmdb.org/t/p/w500/wZLM2uKJRYNchLmiCIjosX0rXy8.jpg
3489,88 Minutes,https://image.tmdb.org/t/p/w500/bSrmBJ2Png69Qnb5L1KHYZMsDP7.jpg
9701,North Country,https://image.tmdb.org/t/p/w500/upxUN4zmX79o49mBW9htKZDeNq7.jpg
2122,The Whole Ten Yards,https://image.tmdb.org/t/p/w500/4fbglyCpPqK1u40fhncLXKAF74A.jpg
37707,Splice,https://image.tmdb.org/t/p/w500/4oqaWnO3dKYAt3vZWAD4oLfOXOC.jpg
10658,Howard the Duck,https://image.tmdb.org/t/p/w500/eU0dWo8PJgsSAZFbcyHiUpuLSyW.jpg
13150,Pride and Glory,https://image.tmdb.org/t/p/w500/8VZ1ABbtXqwPcc06yXbf3gj3anG.jpg
9042,The Cave,https://image.tmdb.org/t/p/w500/gMfJo22XulGLA8h8yAjiLhdQusv.jpg
17813,Alex & Emma,https://image.tmdb.org/t/p/w500/1CVw4MMqeBdkUs3DfCDWkaP6O3U.jpg
11208,Wicker Park,https://image.tmdb.org/t/p/w500/gRKEluSpV1wBrZVTvLLaCSkzqcf.jpg
58151,Fright Night,https://image.tmdb.org/t/p/w500/ySQ3v4Fzpy3fePs86eoLiDzwLYM.jpg
11400,The New World,https://image.tmdb.org/t/p/w500/dPyWMlQd54r3pK17GKG3iqjvNZ7.jpg
10350,Wing Commander,https://image.tmdb.org/t/p/w500/e3p2vkA4mnFaBlyAIntkZWkzOJW.jpg
28902,In Dreams,https://image.tmdb.org/t/p/w500/q3Q00fCgeZGjAYaiwbfTMuIrUb0.jpg
14164,Dragonball Evolution,https://image.tmdb.org/t/p/w500/sunS9xhPnFNP5wlOWrvbpBteAB.jpg
76640,The Last Stand,https://image.tmdb.org/t/p/w500/3tP4r47v8v6mEj5X5RuG9y8Frbh.jpg
11058,Godsend,https://image.tmdb.org/t/p/w500/lLncs8FEzKupj19wCqZ3sPmg3eU.jpg
14844,Chasing Liberty,https://image.tmdb.org/t/p/w500/aGh5zpJSuxcx4lzFFbZ2QyY8wQP.jpg
57089,Hoodwinked Too! Hood VS. Evil,https://image.tmdb.org/t/p/w500/3ofAJDO8A7ulJwgMGKcwEOPNWV3.jpg
1947,An Unfinished Life,https://image.tmdb.org/t/p/w500/7ugLG1yF1l8HWYhmdmHHSC3kJ8b.jpg
8054,The Imaginarium of Doctor Parnassus,https://image.tmdb.org/t/p/w500/DtrqQHa0wT9AWrk2WA9beROJJx.jpg
46829,Barney's Version,https://image.tmdb.org/t/p/w500/vdsSaFbBWl8N6RV2XJuPBFyKeV8.jpg
146238,Runner Runner,https://image.tmdb.org/t/p/w500/ck5jZjv7WVoCBBgTH1gJlhyCLPy.jpg
9989,Antitrust,https://image.tmdb.org/t/p/w500/9PXyfcJe53A9qFkcj5dkTJwIWoS.jpg
9665,Glory,https://image.tmdb.org/t/p/w500/pGDzBjZvzmSCIEduQBfESLMiwtp.jpg
311,Once Upon a Time in America,https://image.tmdb.org/t/p/w500/i0enkzsL5dPeneWnjl1fCWm6L7k.jpg
102362,Dead Man Down,https://image.tmdb.org/t/p/w500/8xWo2WE36JdBwlCmwvXM4bb5rBg.jpg
11162,The Merchant of Venice,https://image.tmdb.org/t/p/w500/bvpPg5oTD1qT7hjY3BOsoniYdHG.jpg
6016,The Good Thief,https://image.tmdb.org/t/p/w500/TMlSiPuj9LymfwPiKFiRRnhkRq.jpg
17186,Supercross,https://image.tmdb.org/t/p/w500/82dbqeFOA2iPhwWuciZItw1ELew.jpg
13967,Miss Potter,https://image.tmdb.org/t/p/w500/fecGKwGABfZdMbiH1WQN9zMcOkS.jpg
2008,The Promise,https://image.tmdb.org/t/p/w500/tdm4mlc27S1d72ub4Y4xcU2OlDD.jpg
9053,DOA: Dead or Alive,https://image.tmdb.org/t/p/w500/hRcYqTWgbPF3TtpSDfwqRDAJjlv.jpg
4512,The Assassination of Jesse James by the Coward Robert Ford,https://image.tmdb.org/t/p/w500/xMKn6EQS7eR5ubhPJbw5pQSBZMw.jpg
76349,1911,https://image.tmdb.org/t/p/w500/k93DWz849jCsHW7rIbeUAIxewpr.jpg
31203,Little Nicholas,https://image.tmdb.org/t/p/w500/zOsPAIRyknuPhYpFV0nTzbVLlgM.jpg
265208,Wild Card,https://image.tmdb.org/t/p/w500/zN80Tlly8oMpKbVJv2TfRIj8dHG.jpg
45610,Machine Gun Preacher,https://image.tmdb.org/t/p/w500/534yDalJ8rybnSn8VZ9XPWU3egc.jpg
50135,Animals United,https://image.tmdb.org/t/p/w500/gUCLetZNa3rZknSmLc2gGUdxWH7.jpg
1874,Goodbye Bafana,https://image.tmdb.org/t/p/w500/omL85DnSNaZLLnF0KzqSZihuWAr.jpg
271331,United Passions,https://image.tmdb.org/t/p/w500/oQhVvz3N86DdHnYGsZ9Y2420II5.jpg
215211,Grace of Monaco,https://image.tmdb.org/t/p/w500/kHiiS7rG7VMTp5a5fbH0WCKs9mS.jpg
367961,Savva. Heart of the Warrior,https://image.tmdb.org/t/p/w500/rNF4FPFOEDsh91HoBoKvzz4ARCK.jpg
10955,Ripley's Game,https://image.tmdb.org/t/p/w500/eVhycD9GBWPwnttygKYDi9hllAy.jpg
223702,Sausage Party,https://image.tmdb.org/t/p/w500/vNgdPJQ5CI60oEiiHLKRNrsDhMy.jpg
254470,Pitch Perfect 2,https://image.tmdb.org/t/p/w500/fQaEGzFmvTYu3G641WV0Tg9auAt.jpg
69,Walk the Line,https://image.tmdb.org/t/p/w500/iIXy2T3fIxfKCBCJqkAnVBFPO8o.jpg
4967,Keeping the Faith,https://image.tmdb.org/t/p/w500/9NF199FTvHr9ggqdBTVbPhF1MGk.jpg
9449,The Borrowers,https://image.tmdb.org/t/p/w500/kgaocWyuxihDe5aNqok6fORIHnY.jpg
11499,Frost/Nixon,https://image.tmdb.org/t/p/w500/nLrRrHZQ40tWqLTY3kxgS4x7GUw.jpg
4912,Confessions of a Dangerous Mind,https://image.tmdb.org/t/p/w500/mM58ABMRzwn5zVx6BS7IiNK0j3F.jpg
12771,Serving Sara,https://image.tmdb.org/t/p/w500/zi8uGxsyhxo0Uzg09ImxLzBDSK3.jpg
323676,The Boss,https://image.tmdb.org/t/p/w500/f43EUrZvE9bV0EmuqgtPgWVXnUc.jpg
12506,Cry Freedom,https://image.tmdb.org/t/p/w500/zEONV1NAzzoQGFFgSIEs7vJzDrN.jpg
24071,Mumford,https://image.tmdb.org/t/p/w500/a2uqenG3BZICDrcrr49IZwoHA8Y.jpg
11249,Seed of Chucky,https://image.tmdb.org/t/p/w500/vd9K93gQ9whMKjXzADZanxWpIXM.jpg
9667,The Jacket,https://image.tmdb.org/t/p/w500/bt89UfRhjAvJDAO9CWJnRFXAN3p.jpg
812,Aladdin,https://image.tmdb.org/t/p/w500/eLFfl7vS8dkeG1hKp5mwbm37V83.jpg
277216,Straight Outta Compton,https://image.tmdb.org/t/p/w500/1CiLJx8Xtv3TbbFj6k7BboSmKgC.jpg
87,Indiana Jones and the Temple of Doom,https://image.tmdb.org/t/p/w500/gpdVNUaa4LhRMLfJOPj1AZdhAZ3.jpg
14444,The Rugrats Movie,https://image.tmdb.org/t/p/w500/uZejGKCSd6nwfMx8U0Td37U2fTc.jpg
2043,Along Came a Spider,https://image.tmdb.org/t/p/w500/vipRsbIpwUNf1gjfOcVNizQ1o3c.jpg
315664,Florence Foster Jenkins,https://image.tmdb.org/t/p/w500/1HAdtUchzWEo0LMFHrgD2UBIBS3.jpg
1428,Once Upon a Time in Mexico,https://image.tmdb.org/t/p/w500/ETUpGxmLocsfER8GT8w5sOkRG0.jpg
562,Die Hard,https://image.tmdb.org/t/p/w500/7Bjd8kfmDSOzpmhySpEhkUyK2oH.jpg
15373,Role Models,https://image.tmdb.org/t/p/w500/ki79dSjh6Rr51xrsz4dT04UGxSU.jpg
318846,The Big Short,https://image.tmdb.org/t/p/w500/scVEaJEwP8zUix8vgmMoJJ9Nq0w.jpg
26320,Taking Woodstock,https://image.tmdb.org/t/p/w500/wIdyAJCvIj3QUoNmmDdnhXpCMpp.jpg
14292,Miracle,https://image.tmdb.org/t/p/w500/mxtej2th8t8x0ufVBTyhsO6Htxj.jpg
924,Dawn of the Dead,https://image.tmdb.org/t/p/w500/ttquyxStEEctzghtA2f4PUGprDr.jpg
2018,The Wedding Planner,https://image.tmdb.org/t/p/w500/meq4bLUPcBlOG3Z5YdiWuBMlpO.jpg
192577,Space Pirate Captain Harlock,https://image.tmdb.org/t/p/w500/mlHoTQLYsuzJJArO2fHS5rqnLqe.jpg
9428,The Royal Tenenbaums,https://image.tmdb.org/t/p/w500/nG7hZJn7wQTSDCQT39Gy3s3tbrp.jpg
2832,Identity,https://image.tmdb.org/t/p/w500/sYgimsiBywqVwJI8H4sETke8m7v.jpg
137093,Last Vegas,https://image.tmdb.org/t/p/w500/9Aht200Eu2jYiE9cEQdFfNDtHl6.jpg
699,For Your Eyes Only,https://image.tmdb.org/t/p/w500/xV4Nnr6DjjERlqNikqDQX8LUgua.jpg
9778,Serendipity,https://image.tmdb.org/t/p/w500/4jS66Qmq2Ru5S2YzHVknGd4xJyT.jpg
8831,Timecop,https://image.tmdb.org/t/p/w500/bgxP6ws8ErBiarnb4S93vv0lkf4.jpg
9398,Zoolander,https://image.tmdb.org/t/p/w500/qdrbSneHZjJG2Dj0hhBxzzAo4HB.jpg
112949,Safe Haven,https://image.tmdb.org/t/p/w500/2CbJ3HTb6SFbMeguYH52UQSHOwY.jpg
10439,Hocus Pocus,https://image.tmdb.org/t/p/w500/by4D4Q9NlUjFSEUA1yrxq6ksXmk.jpg
3638,No Reservations,https://image.tmdb.org/t/p/w500/eKqfRSf0DZ0Qey1f9ZHuZfsmXVR.jpg
23483,Kick-Ass,https://image.tmdb.org/t/p/w500/iHMbrTHJwocsNvo5murCBw0CwTo.jpg
62206,30 Minutes or Less,https://image.tmdb.org/t/p/w500/12VgS5G6OG7ANKrSbhtUD2POHb8.jpg
10577,Dracula 2000,https://image.tmdb.org/t/p/w500/jnAfl6GSZbBMigL98RJGbOSk4V1.jpg
218778,"Alexander and the Terrible, Horrible, No Good, Very Bad Day",https://image.tmdb.org/t/p/w500/pxbAepXQjsGFDHaR3dPndFSxDU0.jpg
4348,Pride & Prejudice,https://image.tmdb.org/t/p/w500/o8UhmEbWPHmTUxP0lMuCoqNkbB3.jpg
78,Blade Runner,https://image.tmdb.org/t/p/w500/63N9uy8nd9j7Eog2axPQ8lbr3Wj.jpg
11780,Rob Roy,https://image.tmdb.org/t/p/w500/kWI2rF6RAnRtEjfBlZgsXumgOm5.jpg
192102,3 Days to Kill,https://image.tmdb.org/t/p/w500/paDgMlfQIrK6PCG5g7UYv9YOdmK.jpg
2001,We Own the Night,https://image.tmdb.org/t/p/w500/fcb2c9BcRc21iiWih23FQfT39uB.jpg
10383,Lost Souls,https://image.tmdb.org/t/p/w500/9DOq3KqGrNbqa3z5M8iDJ2wuaxJ.jpg
11516,Winged Migration,https://image.tmdb.org/t/p/w500/qjv7cYLSufwf03So0SuRFU7sRxB.jpg
10025,Just My Luck,https://image.tmdb.org/t/p/w500/wWpqG3zrrPZhvNLflYJdbW1NgY3.jpg
15198,"Mystery, Alaska",https://image.tmdb.org/t/p/w500/bmg4sjOQswcrP5mPL9YzNom9cXx.jpg
23172,The Spy Next Door,https://image.tmdb.org/t/p/w500/nJJrceb2xHGIA0irADX0JvWSIHT.jpg
17834,A Simple Wish,https://image.tmdb.org/t/p/w500/cfyJ7yIvNTlz2ooH8iU6r0pxAMj.jpg
10016,Ghosts of Mars,https://image.tmdb.org/t/p/w500/i2zztssCIbahGES1fdfWFmDXian.jpg
10317,Our Brand Is Crisis,https://image.tmdb.org/t/p/w500/tE7oaFegUgfBC0FMZbHdwB9I1lC.jpg
58431,Pride and Prejudice and Zombies,https://image.tmdb.org/t/p/w500/jsJlOhVHiz1xXr36616EI8tJ4b2.jpg
9746,Kundun,https://image.tmdb.org/t/p/w500/yvdFRDoQIQ5PBk4u8x8gJT8NJAw.jpg
13092,How to Lose Friends & Alienate People,https://image.tmdb.org/t/p/w500/8Xd1mO861aK2OirTbxZrODNhihW.jpg
59859,Kick-Ass 2,https://image.tmdb.org/t/p/w500/1go2A3gdQjaMuHWquybgoJlQRcX.jpg
13495,Alatriste,https://image.tmdb.org/t/p/w500/hQ4b8dXp0uCqslHm0jOvjw4BNUe.jpg
254473,Brick Mansions,https://image.tmdb.org/t/p/w500/6OopiNRk7lWP0hPsY0eYqq2kQTi.jpg
700,Octopussy,https://image.tmdb.org/t/p/w500/yoosZitM9igSk3Sd0sBXIhKlAh1.jpg
4964,Knocked Up,https://image.tmdb.org/t/p/w500/b4OaXw2MW97VvIiZE0Sbn1NfxSh.jpg
10024,My Sister's Keeper,https://image.tmdb.org/t/p/w500/atRGqnG7pe0hZP97RWDLrT2hRGZ.jpg
13490,Welcome Home Roscoe Jenkins,https://image.tmdb.org/t/p/w500/1VzS2bkQHVcIxSeBJifOx65oxHK.jpg
15927,A Passage to India,https://image.tmdb.org/t/p/w500/rvBWlGRKte2U6qElHV13h6JvmSe.jpg
1259,Notes on a Scandal,https://image.tmdb.org/t/p/w500/ieX6ZO2Kf2qjoIBXbQW5awivbhY.jpg
5125,Rendition,https://image.tmdb.org/t/p/w500/uW8gNhIJkNabd0AIafWqFRxB8Os.jpg
174,Star Trek VI: The Undiscovered Country,https://image.tmdb.org/t/p/w500/tvTOJD7Gz668GLy2nNdLRQvpPsv.jpg
9583,Divine Secrets of the Ya-Ya Sisterhood,https://image.tmdb.org/t/p/w500/hI05FJ8wgPROHQgLtfJ4ZuH3l4b.jpg
9437,Kiss the Girls,https://image.tmdb.org/t/p/w500/25h5I3E3ydhazsPDnscWHivq5pn.jpg
525,The Blues Brothers,https://image.tmdb.org/t/p/w500/b0hq1d2d7FIvRGNLewKLm79JNTK.jpg
10188,The Sisterhood of the Traveling Pants 2,https://image.tmdb.org/t/p/w500/LCzsRo4RTxtWeBYMHnWAmk33U3.jpg
63574,Joyful Noise,https://image.tmdb.org/t/p/w500/pIgrIGFMZ7CslGPCWI7JHV3R96H.jpg
245,About a Boy,https://image.tmdb.org/t/p/w500/qoZ1bD0q9EFqcNiEYbEigsRcNCt.jpg
9825,Lake Placid,https://image.tmdb.org/t/p/w500/pEszakCP8j9E9S0UPLfEa3Cad3O.jpg
186,Lucky Number Slevin,https://image.tmdb.org/t/p/w500/x21s3p5wPww534nYj1cWakTcqz4.jpg
9549,The Right Stuff,https://image.tmdb.org/t/p/w500/btqTjNRxecYgQ1FGfVlLqSSNjz.jpg
61891,Anonymous,https://image.tmdb.org/t/p/w500/mRjdFP0kqCPaDKeXgQtsb7how6e.jpg
34584,The NeverEnding Story,https://image.tmdb.org/t/p/w500/ddYCa91iDXfJCxaqSYzwi2fjfnl.jpg
2666,Dark City,https://image.tmdb.org/t/p/w500/tNPEGju4DpTdbhBphNmZoEi9Bd3.jpg
12783,The Duchess,https://image.tmdb.org/t/p/w500/77ckyYrWmR12kl3qToqmDySnuwv.jpg
13155,Return to Oz,https://image.tmdb.org/t/p/w500/dyMwaXA9nVhPiA5wYHsvfUAnbaB.jpg
42807,The Newton Boys,https://image.tmdb.org/t/p/w500/v3VuDClmFZNjfI6YLTkeinae9HK.jpg
28355,Case 39,https://image.tmdb.org/t/p/w500/b16EjFeHd2AwoYXWUne7DA346pU.jpg
8080,Suspect Zero,https://image.tmdb.org/t/p/w500/sIIahTE5sfOJtieytf252kB9RcS.jpg
5126,Martian Child,https://image.tmdb.org/t/p/w500/amRUHHflkZsbcvRnfJN9ZKxv8R3.jpg
56288,Spy Kids: All the Time in the World,https://image.tmdb.org/t/p/w500/9pUVarhiXfCu8amjmyadzJJJITi.jpg
303858,Money Monster,https://image.tmdb.org/t/p/w500/DlgdAkAKirD01R1mBejhFjS6nQ.jpg
1613,The 51st State,https://image.tmdb.org/t/p/w500/aYlrGirWrRCTU1PF6Svghn1EMAc.jpg
31582,Flawless,https://image.tmdb.org/t/p/w500/fkwkkUnaTmhaWt2OGBRepYr7yB5.jpg
16617,Mindhunters,https://image.tmdb.org/t/p/w500/uTTGRvnqCI9ZC7WkyP9u7XRiOaA.jpg
8944,What Just Happened,https://image.tmdb.org/t/p/w500/o88aPDDMtdwQsPyXqSKhu98jjru.jpg
41488,The Statement,https://image.tmdb.org/t/p/w500/a7IvoBJ70dp6U1fjRlvB04ZtxvF.jpg
37028,The Magic Flute,https://image.tmdb.org/t/p/w500/qjUjatQEMIHtCngnyTib943x7TU.jpg
14560,Paul Blart: Mall Cop,https://image.tmdb.org/t/p/w500/A4zZv0Q1VKURFZFEl2vwjaE2q0g.jpg
10330,Freaky Friday,https://image.tmdb.org/t/p/w500/ipKcZ4Up7dp18XpsfYUc9NKZy3g.jpg
6957,The 40 Year Old Virgin,https://image.tmdb.org/t/p/w500/mVeoqL37gzhMXQVpONi9DGOQ3tZ.jpg
1934,Shakespeare in Love,https://image.tmdb.org/t/p/w500/zdW7jdzPi4J9KZR3TyY2jn3Xh5e.jpg
169917,A Walk Among the Tombstones,https://image.tmdb.org/t/p/w500/euPgyPsiNFp6gOBB7nUFxvN5ZaY.jpg
951,Kindergarten Cop,https://image.tmdb.org/t/p/w500/nKnHWwkXyvhzCYWm3FyRAv3qBrl.jpg
10189,Pineapple Express,https://image.tmdb.org/t/p/w500/6E50WjeOYjDZg9HXgPjYdGtY2jG.jpg
9454,Ever After: A Cinderella Story,https://image.tmdb.org/t/p/w500/9TspO5dThMBioF0DFrvy6YqrngH.jpg
2055,Open Range,https://image.tmdb.org/t/p/w500/1mrNc88NrUEGtMtat4FD7sfpFrW.jpg
1551,Flatliners,https://image.tmdb.org/t/p/w500/wda3j7p7YHXKpFIlSzoTCtP7myF.jpg
5902,A Bridge Too Far,https://image.tmdb.org/t/p/w500/lszOk3Xmh7qpLaM9J4K9E6ADLk1.jpg
11460,Red Eye,https://image.tmdb.org/t/p/w500/osLMnQIjDMmzLvXmOlIOlou9olp.jpg
9358,Final Destination 2,https://image.tmdb.org/t/p/w500/vnFgxRlLTA9fDNcGXLiHmgwmIEo.jpg
134,"O Brother, Where Art Thou?",https://image.tmdb.org/t/p/w500/2YztYilviFCYcEtDAnrOstUWGie.jpg
22894,Legion,https://image.tmdb.org/t/p/w500/ykocDqwg5PRUopnBVb1x1DWnEJF.jpg
134374,Pain & Gain,https://image.tmdb.org/t/p/w500/9WqA0Ry9wmTzFvom8mNbcyKZQgP.jpg
1901,In Good Company,https://image.tmdb.org/t/p/w500/5H3fbU4NlHPbLf3MUFZwPdmD3nS.jpg
15028,Clockstoppers,https://image.tmdb.org/t/p/w500/6XZJ58gStdLZV8uJyTRcA5bGNyi.jpg
11509,Silverado,https://image.tmdb.org/t/p/w500/k6zurzegRKsNGMICXZ57VJDUzXO.jpg
7445,Brothers,https://image.tmdb.org/t/p/w500/skHqceAFYee0JZuYd9MVk2IQggi.jpg
17047,Agent Cody Banks 2: Destination London,https://image.tmdb.org/t/p/w500/zlAltvp84rYVTYs3kdemqHBaiat.jpg
62838,New Year's Eve,https://image.tmdb.org/t/p/w500/TroWD1BdcLEL7Ycqv4kkCRw7KJ.jpg
2057,Original Sin,https://image.tmdb.org/t/p/w500/xvTtsdvvVr1NYlVJxWZibzhaEt5.jpg
70436,The Raven,https://image.tmdb.org/t/p/w500/boE0JFhZRpWLLrKOQE6bCBZGerP.jpg
16784,Welcome to Mooseport,https://image.tmdb.org/t/p/w500/xesXaNCtdGUO5FsMDYooPQAMHxQ.jpg
8011,Highlander: The Final Dimension,https://image.tmdb.org/t/p/w500/o4GKLReSGRR0rulOBS9SrfFAXOz.jpg
31640,Blood and Wine,https://image.tmdb.org/t/p/w500/diFSUAvHZE6rkKqfP3J3qf19Z2X.jpg
9092,Snow White: A Tale of Terror,https://image.tmdb.org/t/p/w500/rpOd7AHqRuKA8Da3WcE1U4ACmp2.jpg
2779,The Curse of the Jade Scorpion,https://image.tmdb.org/t/p/w500/mfvWefUp09oaLLxb8KhsvUYi7mX.jpg
316002,Accidental Love,https://image.tmdb.org/t/p/w500/znPsDmQVKW0BuBnaErIAPo49X3i.jpg
36355,Flipper,https://image.tmdb.org/t/p/w500/c3KEzecZ5oE6CpSrWX6wCLrBJbf.jpg
238615,Self/less,https://image.tmdb.org/t/p/w500/hCqXcAMeBiPVnLUU8PNsKUYi6Gn.jpg
1985,The Constant Gardener,https://image.tmdb.org/t/p/w500/nkXq7V7mmJVbvwZGr3nxkHo7HkS.jpg
615,The Passion of the Christ,https://image.tmdb.org/t/p/w500/rBM5o2HpmCfDejuIPybI09tkY3V.jpg
788,Mrs. Doubtfire,https://image.tmdb.org/t/p/w500/shHrSmXS5140o6sQzgzXxn3KqSm.jpg
380,Rain Man,https://image.tmdb.org/t/p/w500/iTNHwO896WKkaoPtpMMS74d8VNi.jpg
13223,Gran Torino,https://image.tmdb.org/t/p/w500/zUybYvxWdAJy5hhYovsXtHSWI1l.jpg
10523,W.,https://image.tmdb.org/t/p/w500/nJm8UF4zbUYEoku9seEtz1PTJGS.jpg
8681,Taken,https://image.tmdb.org/t/p/w500/ognkaUSNgJe1a2pjB4UNdzEo5jT.jpg
239571,The Best of Me,https://image.tmdb.org/t/p/w500/g11FuvrR8EH5ui16A8juKoavhb3.jpg
619,The Bodyguard,https://image.tmdb.org/t/p/w500/ihWF0uY1xnKqw9YK7ZHNLUZOhcO.jpg
424,Schindler's List,https://image.tmdb.org/t/p/w500/sF1U4EUQS8YHUYjNl3pMGNIQyr0.jpg
50014,The Help,https://image.tmdb.org/t/p/w500/3kmfoWWEc9Vtyuaf9v5VipRgdjx.jpg
162903,The Fifth Estate,https://image.tmdb.org/t/p/w500/pUrL2eacUjAxkOS403DaOyXpgAG.jpg
11024,Scooby-Doo 2: Monsters Unleashed,https://image.tmdb.org/t/p/w500/5BrXCJrs22bR5KR6mLHluYo6y4m.jpg
208763,Forbidden Kingdom,https://image.tmdb.org/t/p/w500/q0o9JQDp6PHY4zK0Aw1NHpyQyeo.jpg
6466,Freddy vs. Jason,https://image.tmdb.org/t/p/w500/f9ZASRUfl8Jlco7rgRx3ujPR0P7.jpg
254024,The Face of an Angel,https://image.tmdb.org/t/p/w500/100pHE252kgwxwVNbiflYV9j1yi.jpg
12589,Jimmy Neutron: Boy Genius,https://image.tmdb.org/t/p/w500/pUwdquA6Bf3Gq8yT5iQL1Yq0jkl.jpg
7191,Cloverfield,https://image.tmdb.org/t/p/w500/qIegUGJqyMMCRjkKV1s7A9MqdJ8.jpg
1497,Teenage Mutant Ninja Turtles II: The Secret of the Ooze,https://image.tmdb.org/t/p/w500/Hyvvz9Z3le1is8a0EeFJQm0aSC.jpg
117,The Untouchables,https://image.tmdb.org/t/p/w500/tPq0R4jTO4Ey8ZspFaWK9wGA4Ls.jpg
6977,No Country for Old Men,https://image.tmdb.org/t/p/w500/6d5XOczc226jECq0LIX0siKtgHR.jpg
168530,Ride Along,https://image.tmdb.org/t/p/w500/qrt65VVaP5DEEBZgB5XYctA82Qv.jpg
634,Bridget Jones's Diary,https://image.tmdb.org/t/p/w500/olMTi7uCaec9Yr3Ar07D2SIja1G.jpg
392,Chocolat,https://image.tmdb.org/t/p/w500/lnwPvyj8UR7MetG2pQ92453IIoR.jpg
10327,"Legally Blonde 2: Red, White & Blonde",https://image.tmdb.org/t/p/w500/4kC0UGTuJgFnlZq2ZM6OiY7nuY8.jpg
88042,Parental Guidance,https://image.tmdb.org/t/p/w500/815zxi87kTUvleFHjnE5SNzWmVZ.jpg
41630,No Strings Attached,https://image.tmdb.org/t/p/w500/9C09L1U9S13J4Ut029Qhu0oLcTQ.jpg
11969,Tombstone,https://image.tmdb.org/t/p/w500/wGFCvylul8iEQhJOKfwZGGvXMzA.jpg
2085,Romeo Must Die,https://image.tmdb.org/t/p/w500/zKrnaTWW63y4Q1XLrdZQyQmcRWd.jpg
794,The Omen,https://image.tmdb.org/t/p/w500/mDcjjEu1fMNmsXi4l4D8IftlTix.jpg
9286,Final Destination 3,https://image.tmdb.org/t/p/w500/p7ARuNKUGPGvkBiDtIDvAzYzonX.jpg
77877,The Lucky One,https://image.tmdb.org/t/p/w500/vF1ZuIkF9Z71VzVvG265xJUawb0.jpg
1265,Bridge to Terabithia,https://image.tmdb.org/t/p/w500/3xFxGodKPMFLheS8rujFSmLfcq4.jpg
866,Finding Neverland,https://image.tmdb.org/t/p/w500/A9jgLICNCEb3lvWdNaIKAG9pRdp.jpg
175555,A Madea Christmas,https://image.tmdb.org/t/p/w500/tbwm8GptynNoxbkC5AhjYMYfnn7.jpg
75174,The Grey,https://image.tmdb.org/t/p/w500/a0Vt3wx8ciKmPt4iXPx9sH4HBVU.jpg
11096,Hide and Seek,https://image.tmdb.org/t/p/w500/orY4PX3TNFdCbdVwhKY32UKMvoA.jpg
8699,Anchorman: The Legend of Ron Burgundy,https://image.tmdb.org/t/p/w500/mhZIcRePT7U8viFQVjt1ZjYIsR4.jpg
769,GoodFellas,https://image.tmdb.org/t/p/w500/9OkCLM73MIU2CrKZbqiT8Ln1wY2.jpg
10923,Agent Cody Banks,https://image.tmdb.org/t/p/w500/fhK0mqqirPsckxkNisvi32A4lf6.jpg
11283,Nanny McPhee,https://image.tmdb.org/t/p/w500/8tommndfI0W62teXwSmXdmVZ7gz.jpg
111,Scarface,https://image.tmdb.org/t/p/w500/iQ5ztdjvteGeboxtmRdXEChJOHh.jpg
11676,Nothing to Lose,https://image.tmdb.org/t/p/w500/umbzQyRMeB1oHTKiymTlH591xNB.jpg
746,The Last Emperor,https://image.tmdb.org/t/p/w500/7TILJhdeJAaEyDiwvJZMo9SQBoe.jpg
77866,Contraband,https://image.tmdb.org/t/p/w500/c9NQDANheSz887myHeMocUKQ5Je.jpg
9416,Money Talks,https://image.tmdb.org/t/p/w500/bN57Rl003E9pYred5kw9Rp8h9Np.jpg
7345,There Will Be Blood,https://image.tmdb.org/t/p/w500/fa0RDkAlCec0STeMNAhPaF89q6U.jpg
14317,The Wild Thornberrys Movie,https://image.tmdb.org/t/p/w500/nmWpcUQtWHC4kjVCygiFEDR1wCY.jpg
20694,Rugrats Go Wild,https://image.tmdb.org/t/p/w500/hpVpXRNY2IsU0xvfXtYOxu0QDwc.jpg
12277,Undercover Brother,https://image.tmdb.org/t/p/w500/vkPm29sqtEjoekOhXbqxTcgpJ4y.jpg
9779,The Sisterhood of the Traveling Pants,https://image.tmdb.org/t/p/w500/wNshlUT6IZEz2AF3iZrlb2mX0pR.jpg
2140,Kiss of the Dragon,https://image.tmdb.org/t/p/w500/1ubtSyagwfNF9Bn9s2CKITRtx1d.jpg
12620,The House Bunny,https://image.tmdb.org/t/p/w500/4oGGJ824vqIqDtyMvMuK44pDEmx.jpg
14177,Beauty Shop,https://image.tmdb.org/t/p/w500/3y5I9WKlfeNnSQbOvS4l3mVPqri.jpg
198185,Million Dollar Arm,https://image.tmdb.org/t/p/w500/6OgA9x6jvwBIj8e7x8LANTbVvR2.jpg
227156,The Giver,https://image.tmdb.org/t/p/w500/dul62Av4pgi5x8LP7ELHzNyka9Z.jpg
10735,What a Girl Wants,https://image.tmdb.org/t/p/w500/gGpMruX59KWNuAXgHpiAm8hiChw.jpg
11351,Jeepers Creepers 2,https://image.tmdb.org/t/p/w500/u2ghDfjcs3y5c8ata3COc4pWiAN.jpg
10030,Good Luck Chuck,https://image.tmdb.org/t/p/w500/b2VgUoXR9iAtAf8nA0mvdTr7cOt.jpg
10623,Cradle 2 the Grave,https://image.tmdb.org/t/p/w500/8iXpVITXenqPG8gQ0lCFpUMtZIx.jpg
590,The Hours,https://image.tmdb.org/t/p/w500/4myDtowDJQPQnkEDB1IWGtJR1Fo.jpg
9655,She's the Man,https://image.tmdb.org/t/p/w500/xRElqFcUVuGf0s2rAQSSNAn1IS9.jpg
1268,Mr. Bean's Holiday,https://image.tmdb.org/t/p/w500/bSSx9Sq6irWwN9NTQmoT9KE8kXn.jpg
11237,Anacondas: The Hunt for the Blood Orchid,https://image.tmdb.org/t/p/w500/apAZ6o1SyYgcC8R2LqTCYnBe1lK.jpg
190955,Blood Ties,https://image.tmdb.org/t/p/w500/7tMuywiZUoaAihEIkCu3BAL1xPC.jpg
5123,August Rush,https://image.tmdb.org/t/p/w500/oA6ZeICPINiS6YtD5WZeBaGVmuT.jpg
4518,Elizabeth,https://image.tmdb.org/t/p/w500/qEk48VLOdibXFVIEzE9ETZUBcCs.jpg
11932,Bride of Chucky,https://image.tmdb.org/t/p/w500/yaIPNOcC7ZRuwH3maNwP9qzIo5G.jpg
11165,Tora! Tora! Tora!,https://image.tmdb.org/t/p/w500/c311sN931DixuZRer0JGYCwpx9N.jpg
6116,Spice World,https://image.tmdb.org/t/p/w500/vKiAnV1QAGIJP38vatwCZp4dCrH.jpg
57431,The Sitter,https://image.tmdb.org/t/p/w500/jlGzZ8McDp73PAaWMeYCHWeHiM4.jpg
21724,Dance Flick,https://image.tmdb.org/t/p/w500/qqaM8jQhALhULwvm3eEepkBTQHJ.jpg
278,The Shawshank Redemption,https://image.tmdb.org/t/p/w500/9cqNxx0GxF0bflZmeSMuL5tnGzr.jpg
9290,Crocodile Dundee in Los Angeles,https://image.tmdb.org/t/p/w500/hwt6iJjPuXRDKJON5s9G9pdfPbu.jpg
11543,Kingpin,https://image.tmdb.org/t/p/w500/lVpejjxzBujSjLpxQ7hGe1s0wP2.jpg
284536,The Gambler,https://image.tmdb.org/t/p/w500/hIgU3cxn7Y87joQGM3srofnXOm5.jpg
152737,August: Osage County,https://image.tmdb.org/t/p/w500/fvjxr77dfxdIOY3lvj0bHP4B5xT.jpg
13374,Ice Princess,https://image.tmdb.org/t/p/w500/oLWeyvu0ZJrpxDsRrzsMeaGzyZp.jpg
8976,A Lot Like Love,https://image.tmdb.org/t/p/w500/6xrF9zwEbYiYBOalMO14RAWBLLj.jpg
319888,Eddie the Eagle,https://image.tmdb.org/t/p/w500/r562gvTRVHnDSvG7MrKHEECSn1V.jpg
9469,He Got Game,https://image.tmdb.org/t/p/w500/kd8hRaysUQOz7AvSorZDJHuihcJ.jpg
1909,Don Juan DeMarco,https://image.tmdb.org/t/p/w500/fe0TuYz9jCKUba2Omj48K8bWJ8z.jpg
22971,Dear John,https://image.tmdb.org/t/p/w500/2lAPv2jQ5eh54l4EttA9wjDljED.jpg
34813,The Losers,https://image.tmdb.org/t/p/w500/b9dVH0n7YnBqLmW2c5AzftxhhpH.jpg
46261,Don't Be Afraid of the Dark,https://image.tmdb.org/t/p/w500/jMBMm1jwqvILV8p1K44brBnmwLK.jpg
10431,War,https://image.tmdb.org/t/p/w500/scFc8RD4sFxB2x0eIOaymphMnYh.jpg
8051,Punch-Drunk Love,https://image.tmdb.org/t/p/w500/htYp4yqFu4rzBEIa6j9jP8miDm3.jpg
9352,EuroTrip,https://image.tmdb.org/t/p/w500/iLdO4PwbZCCQSa9rchZMwuJm9xe.jpg
10167,Half Past Dead,https://image.tmdb.org/t/p/w500/fJhudecoqyoZLoCwAZvqNPd7MK5.jpg
18147,Unaccompanied Minors,https://image.tmdb.org/t/p/w500/7yhaXxwxs1fIOyuPv3YuE2fea0t.jpg
17170,"Bright Lights, Big City",https://image.tmdb.org/t/p/w500/pimtITTxB2cJftgRhso2Xm195Co.jpg
18975,The Adventures of Pinocchio,https://image.tmdb.org/t/p/w500/rGPFPkUmPam6arT22ey8jWpKzL2.jpg
15487,The Greatest Game Ever Played,https://image.tmdb.org/t/p/w500/kh4vd6wKa6j9xVFzxhQrsT0p2YN.jpg
22825,The Box,https://image.tmdb.org/t/p/w500/xMAmOu6xl4CsstixcuecBle9krd.jpg
11152,The Ruins,https://image.tmdb.org/t/p/w500/6HpicbiT7xmlMjQXOSCeNoLZGpf.jpg
1831,The Next Best Thing,https://image.tmdb.org/t/p/w500/iYK1ZUtY4etcn91glUmrGuZRH6M.jpg
43931,My Soul to Take,https://image.tmdb.org/t/p/w500/3dOFUWCue0ovlGpUhuEDmOikTPk.jpg
10591,The Girl Next Door,https://image.tmdb.org/t/p/w500/5mVyFHSY2rSsNgD4NfEwV82HigU.jpg
10861,Maximum Risk,https://image.tmdb.org/t/p/w500/18HVWwyLihWJPzGpSVl3omRRMyL.jpg
12770,Stealing Harvard,https://image.tmdb.org/t/p/w500/iCHAn0eVAXwybuzoQO598aKMVJD.jpg
276907,Legend,https://image.tmdb.org/t/p/w500/4shf5Alq4KWCKqrAAQe0JGJHYp5.jpg
10074,Hot Rod,https://image.tmdb.org/t/p/w500/jRkt03dXCVKnbvcQm3ygU1cjg9Y.jpg
65055,Shark Night,https://image.tmdb.org/t/p/w500/cjfRqUXtNc2iJHfP60HTq9nFs0.jpg
10397,Angela's Ashes,https://image.tmdb.org/t/p/w500/3Zzcys11nAPP14sKW9l97fIHhkK.jpg
200505,Draft Day,https://image.tmdb.org/t/p/w500/bnl2ocjS1io4UCPhjoFuPKmJ9bf.jpg
11954,Lifeforce,https://image.tmdb.org/t/p/w500/AeLmyhJNQd2BMFGER36ctAeDhIp.jpg
60309,The Conspirator,https://image.tmdb.org/t/p/w500/a2ubkGUjGYeKRN1C2Tib0rmjuWf.jpg
9787,Lords of Dogtown,https://image.tmdb.org/t/p/w500/k2NiPfydLSwmk28C6qpvpJPuqtq.jpg
293646,The 33,https://image.tmdb.org/t/p/w500/hpXkIuAlIlcNYACRE2MssxnHvZQ.jpg
6978,Big Trouble in Little China,https://image.tmdb.org/t/p/w500/gI2Qs1yTTj3NcESJyttCkbmJ4k9.jpg
133698,Fly Me to the Moon,https://image.tmdb.org/t/p/w500/iPFBW4KaLyCdXwEsa2TXRBW0Jxe.jpg
59440,Warrior,https://image.tmdb.org/t/p/w500/iM8n4nZJPR2abpnyZ36FUgHiRjr.jpg
1770,Michael Collins,https://image.tmdb.org/t/p/w500/brIBbU6t9glEGAKRTJ4PMj9OiDC.jpg
10655,Gettysburg,https://image.tmdb.org/t/p/w500/k0XKdT3QbycMB8f2H7CEZVx2t4m.jpg
8988,Stop-Loss,https://image.tmdb.org/t/p/w500/5lR2o3EQ6keYI7R2NtO40fHpvGZ.jpg
15992,Abandon,https://image.tmdb.org/t/p/w500/7zRmopB7pnveyhFaCRSMZMiGO0v.jpg
17707,Brokedown Palace,https://image.tmdb.org/t/p/w500/pWxoggA0KCS5oMPDOjIDYZYzryE.jpg
77883,The Possession,https://image.tmdb.org/t/p/w500/4VxIbGO5A9HRlkAPMi70zimosDY.jpg
40001,Mrs. Winterbourne,https://image.tmdb.org/t/p/w500/ppHqVo9uAFZYMvRm9x0XUtnyQPR.jpg
64639,Straw Dogs,https://image.tmdb.org/t/p/w500/hSW5Msz5Cr6vUQxChPSPdxufnss.jpg
9903,The Hoax,https://image.tmdb.org/t/p/w500/u5KESAGmNa5NLsSbpHVUDWT4ENR.jpg
21338,Stone Cold,https://image.tmdb.org/t/p/w500/4nW7wZKKjzZ5zriDfIjpJcZIyZS.jpg
20766,The Road,https://image.tmdb.org/t/p/w500/qLaXnLzqleBWQtjvZ6JGVSaKoC3.jpg
24264,Sheena,https://image.tmdb.org/t/p/w500/g3MC1eYoW1Se9fQzCOZ5tfyMatl.jpg
19803,Underclassman,https://image.tmdb.org/t/p/w500/kOpQ5doAbDaxKyGq91PugsCTOYO.jpg
20309,Say It Isn't So,https://image.tmdb.org/t/p/w500/gHEI41EWj9dEscfEiKgw6a2uUez.jpg
9912,The World's Fastest Indian,https://image.tmdb.org/t/p/w500/vUIwPFAAXeCUuS040uGC0xSatcG.jpg
9067,Tank Girl,https://image.tmdb.org/t/p/w500/dpX63vJd6k5fMTudLaEOw9ffX8h.jpg
27360,King's Ransom,https://image.tmdb.org/t/p/w500/lH8Nugl7DnMaMHfOChEFNXXQ3zX.jpg
8338,Blindness,https://image.tmdb.org/t/p/w500/deBsx5IxyqCC217j3VY24TkkE0Z.jpg
168705,BloodRayne,https://image.tmdb.org/t/p/w500/1Xy9uu5INNMnyF7W6BTEQkkGOZC.jpg
72113,Carnage,https://image.tmdb.org/t/p/w500/3Imx53XV3T02ADlMxYazYXVNysZ.jpg
9729,Where the Truth Lies,https://image.tmdb.org/t/p/w500/4gWQoxAmSeBaugpccnWdlg5Ov6f.jpg
94352,Cirque du Soleil: Worlds Away,https://image.tmdb.org/t/p/w500/jAt4ugebhXKmAnirHAWe5P6gnMi.jpg
22256,Without Limits,https://image.tmdb.org/t/p/w500/2HoKVqCzVOez7DEwHApc73bKobg.jpg
12404,Me and Orson Welles,https://image.tmdb.org/t/p/w500/jU7KFn4O1HLgzj9WkkmBkzJNPlN.jpg
152742,The Best Offer,https://image.tmdb.org/t/p/w500/ibDGPgUZn6vxHiSgt2xeQyFp8Np.jpg
11699,The Bad Lieutenant: Port of Call - New Orleans,https://image.tmdb.org/t/p/w500/zRULXsd0rb1lVfnSyQkYPi2nLcB.jpg
49953,A Turtle's Tale: Sammy's Adventures,https://image.tmdb.org/t/p/w500/jYz1FQjspxQCUCMXuB4ihnH9Y03.jpg
48034,Little White Lies,https://image.tmdb.org/t/p/w500/djypJtQfUxeEMh6kc0aRzIoN9UR.jpg
39845,Love Ranch,https://image.tmdb.org/t/p/w500/INezZQ0bkYMRHUl0AHX699NJak.jpg
25353,The True Story of Puss 'n Boots,https://image.tmdb.org/t/p/w500/va4tC2RBC0uwpmq0cctruJmZgFs.jpg
36696,Space Dogs,https://image.tmdb.org/t/p/w500/zufutvJv0KjMmuw8ldWpPLzkomT.jpg
109091,The Counselor,https://image.tmdb.org/t/p/w500/aNiLkGnzVb5CorZHKk16w9S4COt.jpg
38543,Ironclad,https://image.tmdb.org/t/p/w500/h7CP12wAThhw2WSOA1uIAqxg1fS.jpg
33157,Waterloo,https://image.tmdb.org/t/p/w500/zd4SV3qs5Xg7Yl8kqshU2fxTT0D.jpg
290864,Kung Fu Jungle,https://image.tmdb.org/t/p/w500/myZQ4WocOQQCXNGVJkHeeJ1jTEj.jpg
242166,Red Sky,https://image.tmdb.org/t/p/w500/h5wrpVvjeq8kgClO0CtX2aNOcxU.jpg
859,Dangerous Liaisons,https://image.tmdb.org/t/p/w500/hFem30C3uJUd9smNy7rFLGVhKys.jpg
83770,On the Road,https://image.tmdb.org/t/p/w500/k7LQteD02p3VHixbS6NXHkFdFwT.jpg
168,Star Trek IV: The Voyage Home,https://image.tmdb.org/t/p/w500/xY5TzGXJOB3L9rhZ1MbbPyVlW5J.jpg
1246,Rocky Balboa,https://image.tmdb.org/t/p/w500/byBlJvZwCqgtIwrZNv0pyE974jC.jpg
4233,Scream 2,https://image.tmdb.org/t/p/w500/dORlVasiaDkJXTqt9bdH7nFNs6C.jpg
174751,Jane Got a Gun,https://image.tmdb.org/t/p/w500/hmfZZ7QeD2RTqkCQX09OC2ehawz.jpg
184098,Think Like a Man Too,https://image.tmdb.org/t/p/w500/yKI9Nof9MH3dNHM469hEfCjCbjJ.jpg
2069,The Whole Nine Yards,https://image.tmdb.org/t/p/w500/rDV7ntPLY0ZDBT722Odsi80nFrn.jpg
1788,Footloose,https://image.tmdb.org/t/p/w500/9JEDjBCXCx3eKTSkXwispf0UN3O.jpg
11635,Old School,https://image.tmdb.org/t/p/w500/nYtuwNHpEoIbTgS3aFPSEwZNN6l.jpg
177,The Fisher King,https://image.tmdb.org/t/p/w500/hwIYw22HmAUMobV4zsX69MgfVUz.jpg
3600,I Still Know What You Did Last Summer,https://image.tmdb.org/t/p/w500/eg3d6hvTaOmW3lNErFfutBmWmAR.jpg
2621,Return to Me,https://image.tmdb.org/t/p/w500/mtYZyZh7hSiTq3gAU0C8FlcMC5.jpg
10358,Zack and Miri Make a Porno,https://image.tmdb.org/t/p/w500/ipePhKf87FixwfAVJ8MMWK53caI.jpg
10480,Nurse Betty,https://image.tmdb.org/t/p/w500/1OCHR9z9k7go669AsShOkTj4CFb.jpg
10313,The Men Who Stare at Goats,https://image.tmdb.org/t/p/w500/5boJKypPQmgABssbKOk2RvsCnSv.jpg
18828,Double Take,https://image.tmdb.org/t/p/w500/gNyudcF4Z8LVJn4IxauOptG6dcb.jpg
3558,"Girl, Interrupted",https://image.tmdb.org/t/p/w500/dOBdatHIVppvmRFw2z7bf9VKJr9.jpg
13476,Win a Date with Tad Hamilton!,https://image.tmdb.org/t/p/w500/5kXxbKlIEgMv0t8hLtZ3hfKLmG7.jpg
10208,Muppets from Space,https://image.tmdb.org/t/p/w500/Aww9cF4uMsbald9ddhCYFoP4gBi.jpg
24961,The Wiz,https://image.tmdb.org/t/p/w500/rgfB8hBRSwbEb0SK7pt9mW9jsyP.jpg
20697,Ready to Rumble,https://image.tmdb.org/t/p/w500/fRJNUXbeTte3MmpCqCRs53W7HIR.jpg
20761,Play It to the Bone,https://image.tmdb.org/t/p/w500/qSJl8pD17doJsAkou5mPvDogBQT.jpg
70868,I Don't Know How She Does It,https://image.tmdb.org/t/p/w500/eUQfE21WB0qKfUx6yUAhmsCWTmX.jpg
43593,Piranha 3D,https://image.tmdb.org/t/p/w500/lMLS2OFBbNYMSB1ZbVp4q2S4zTU.jpg
6478,Beyond the Sea,https://image.tmdb.org/t/p/w500/wIewPJNyyTIMI5rQzcElc23jenW.jpg
40688,Meet the Deedles,https://image.tmdb.org/t/p/w500/7hSCyqtYZ2ICMiV2rI5ZtZQTUnF.jpg
26672,The Thief and the Cobbler,https://image.tmdb.org/t/p/w500/3OKtFuTxahr7hokPB9aO38qgOfc.jpg
45881,The Bridge of San Luis Rey,https://image.tmdb.org/t/p/w500/jp26f92Z28eFVmwZ90Q09bnrBEB.jpg
41283,Faster,https://image.tmdb.org/t/p/w500/AsUeaXrhw4oscCSjUZ6heh1pVvd.jpg
4935,Howl's Moving Castle,https://image.tmdb.org/t/p/w500/13kOl2v0nD2OLbVSHnHk8GUFEhO.jpg
19908,Zombieland,https://image.tmdb.org/t/p/w500/dUkAmAyPVqubSBNRjRqCgHggZcK.jpg
10663,The Waterboy,https://image.tmdb.org/t/p/w500/miT42qWYC4D0n2mXNzJ9VfhheWW.jpg
1891,The Empire Strikes Back,https://image.tmdb.org/t/p/w500/nNAeTmF4CtdSgMDplXTDPOpYzsX.jpg
9737,Bad Boys,https://image.tmdb.org/t/p/w500/x1ygBecKHfXX4M2kRhmFKWfWbJc.jpg
37137,The Naked Gun 2½: The Smell of Fear,https://image.tmdb.org/t/p/w500/v9niLQWVzVPB1cP1ThNdEaLZG1Q.jpg
9532,Final Destination,https://image.tmdb.org/t/p/w500/1mXhlQMnlfvJ2frxTjZSQNnA9Vp.jpg
10316,The Ides of March,https://image.tmdb.org/t/p/w500/w8t4UnJnC24S9ygoaFgmMzRbErd.jpg
2787,Pitch Black,https://image.tmdb.org/t/p/w500/3AnlxZ5CZnhKKzjgFyY6EHxmOyl.jpg
12658,Someone Like You...,https://image.tmdb.org/t/p/w500/9cMkJSl2TI4xe8lKNFduinafKpe.jpg
152601,Her,https://image.tmdb.org/t/p/w500/eCOtqtfvn7mxGl6nfmq4b1exJRc.jpg
10866,Joy Ride,https://image.tmdb.org/t/p/w500/1LVGjf1QWgkNNPQssZtuT1GYKoP.jpg
227707,The Adventurer: The Curse of the Midas Box,https://image.tmdb.org/t/p/w500/31ykUoOS2RNdARk3B8z3y25gD8b.jpg
21349,Anywhere But Here,https://image.tmdb.org/t/p/w500/2DNtxmXkotuaJexU57geTLIPnQf.jpg
19150,The Crew,https://image.tmdb.org/t/p/w500/kdQOz5enVVz113zZQcuoqh3oACy.jpg
70435,Haywire,https://image.tmdb.org/t/p/w500/c9fJ0dYC30NnE9k2p61c0dqlZqW.jpg
580,Jaws: The Revenge,https://image.tmdb.org/t/p/w500/ebYw9tR0iqBzDGA6HVBhtd2xJM3.jpg
9819,Marvin's Room,https://image.tmdb.org/t/p/w500/lTHq1K5Y6EDRjxTBvReXHY6AKQ3.jpg
13579,The Longshots,https://image.tmdb.org/t/p/w500/mrejNUR8giaAYIJkaLztELRrVXe.jpg
20024,The End of the Affair,https://image.tmdb.org/t/p/w500/xTp5cyp6qG0YTdI4AEz4ytjODOQ.jpg
2453,Harley Davidson and the Marlboro Man,https://image.tmdb.org/t/p/w500/4WRdrjHyLuHRwep2UJWBoIn6KTW.jpg
6973,In the Valley of Elah,https://image.tmdb.org/t/p/w500/ufCkeypovY01Dm123I2aPvGUA5H.jpg
11156,Coco Before Chanel,https://image.tmdb.org/t/p/w500/nNpP1P2EufA6TN7fQOBeHUIVmeH.jpg
354110,Forsaken,https://image.tmdb.org/t/p/w500/fbTpSiqGn6ImqSAyawHlLf7goat.jpg
22215,Cheri,https://image.tmdb.org/t/p/w500/b35rv11ebJdqCe5chVmSUZ0RIlX.jpg
11632,Vanity Fair,https://image.tmdb.org/t/p/w500/6GCjrrd1XIl8VSwjKo8c94LTwtd.jpg
30596,Bodyguards and Assassins,https://image.tmdb.org/t/p/w500/hEqqA5pSm62IcJ4YJAuMByme3zr.jpg
3021,1408,https://image.tmdb.org/t/p/w500/yE9MCW7ZNxSw5SC1TMqm51pMBIV.jpg
957,Spaceballs,https://image.tmdb.org/t/p/w500/kNbaxEsnCyWBTfANVPHayujBsxp.jpg
256917,The Water Diviner,https://image.tmdb.org/t/p/w500/kIlVtC22BDNiiAiCvSZoOS7FhY9.jpg
251,Ghost,https://image.tmdb.org/t/p/w500/w9RaPHov8oM5cnzeE27isnFMsvS.jpg
544,There's Something About Mary,https://image.tmdb.org/t/p/w500/slJD1Dvnsf15LoeqhERsyzisAdn.jpg
11395,The Santa Clause,https://image.tmdb.org/t/p/w500/hvV2rI60qOYELT7tHHLpxtafnBZ.jpg
14635,The Rookie,https://image.tmdb.org/t/p/w500/gNmLsseIs6thkBKne91iQZDGyBT.jpg
13680,The Game Plan,https://image.tmdb.org/t/p/w500/fcLFvIqCUrhY96mkSmr3okxaMEw.jpg
688,The Bridges of Madison County,https://image.tmdb.org/t/p/w500/aCBrhOQjhG397GLkEZ49zReQEKX.jpg
11090,The Animal,https://image.tmdb.org/t/p/w500/oNxEXmKTZtECHs0bQbI6dQoXYMV.jpg
783,Gandhi,https://image.tmdb.org/t/p/w500/rOXftt7SluxskrFrvU7qFJa5zeN.jpg
228194,The Hundred-Foot Journey,https://image.tmdb.org/t/p/w500/1vFhSr7INoulu18smHqicft05i8.jpg
1642,The Net,https://image.tmdb.org/t/p/w500/dtupntUFMD5iXBo8HLfALt2ET4R.jpg
10950,I Am Sam,https://image.tmdb.org/t/p/w500/3MUXRSyx9gnA2lLSSTGLN8cQQ42.jpg
235260,Son of God,https://image.tmdb.org/t/p/w500/ayqHV0rHuAdMv8PS497W2OByGWk.jpg
277,Underworld,https://image.tmdb.org/t/p/w500/zsnQ41UZ3jo1wEeemF0eA9cAIU0.jpg
8999,Derailed,https://image.tmdb.org/t/p/w500/bcCoOkwEBHUS5Y7Rm1u1oTLUHdb.jpg
11323,The Informant!,https://image.tmdb.org/t/p/w500/eV8u5crNe4QYWcu0zjKxFVq2Qem.jpg
10445,Shadowlands,https://image.tmdb.org/t/p/w500/5jTWY1M2O4Zhid4rLOpftzazRGn.jpg
11453,Deuce Bigalow: European Gigolo,https://image.tmdb.org/t/p/w500/yXdQ4UGDFCsPrynJOdIk20AYLus.jpg
146239,Delivery Man,https://image.tmdb.org/t/p/w500/huXHYDclKT4RM1OvS3O7SXYRAU0.jpg
205588,Our Kind of Traitor,https://image.tmdb.org/t/p/w500/sYKzETDzreQKKazVj11J4Oy5Wgt.jpg
10878,Saving Silverman,https://image.tmdb.org/t/p/w500/5mq8J11266ZL7HCOwDGXoaU6eIO.jpg
82650,Diary of a Wimpy Kid: Dog Days,https://image.tmdb.org/t/p/w500/7pTvjELxw0f0E6sUPGtPEl4WD0S.jpg
10279,Summer of Sam,https://image.tmdb.org/t/p/w500/yvGGA2CbT6xyFVTZUA9f2ok0q5V.jpg
2294,Jay and Silent Bob Strike Back,https://image.tmdb.org/t/p/w500/aEsAdMAhwKYFgnHHxMOknktQYKK.jpg
2176,The Glass House,https://image.tmdb.org/t/p/w500/16obDcmphjfq17zwWKJlur53fCh.jpg
270487,"Hail, Caesar!",https://image.tmdb.org/t/p/w500/qvecZ7WyemhGW8fuJ8190p472jQ.jpg
19366,Josie and the Pussycats,https://image.tmdb.org/t/p/w500/mHOix87RdBO3YQuyvFFZAZxpt5P.jpg
204082,Homefront,https://image.tmdb.org/t/p/w500/xcFLM44jgl015wLe7lWC1C1bEEM.jpg
24100,The Little Vampire,https://image.tmdb.org/t/p/w500/zBGfZGKX3KJnljxsX6r24lzRe0i.jpg
1599,I Heart Huckabees,https://image.tmdb.org/t/p/w500/h27ytqXyOrAB6KmRx2abOp8p2W.jpg
5550,RoboCop 3,https://image.tmdb.org/t/p/w500/ppLSSwCuC5ERRWbu9H3R8SPL9AM.jpg
30379,Megiddo: The Omega Code 2,https://image.tmdb.org/t/p/w500/gBFh6xxEManI9YJ5acKBfhqT9Nu.jpg
42586,Darling Lili,https://image.tmdb.org/t/p/w500/ugypriAtGu3LdUrp5bLkeIcg5Jf.jpg
17709,Dudley Do-Right,https://image.tmdb.org/t/p/w500/4LP5BieqdFNlCFjxsvaA3d6hGGd.jpg
287948,The Transporter Refueled,https://image.tmdb.org/t/p/w500/71kaQfdrMy0LHSeLRADsvlDGCgb.jpg
7548,The Libertine,https://image.tmdb.org/t/p/w500/11bd8chDHTPWUaUwIYIVIfwS99u.jpg
9075,Black Book,https://image.tmdb.org/t/p/w500/vZaYDWa3IqTNKsHCsUr72J4zTJ6.jpg
11661,Joyeux Noël,https://image.tmdb.org/t/p/w500/9Ka8lKCIiWjnZiMslPQeakS5UhW.jpg
109513,Hit & Run,https://image.tmdb.org/t/p/w500/2n3FTpj2AmucfvgZ5tunZxZ2Jvf.jpg
12085,Mad Money,https://image.tmdb.org/t/p/w500/z6b6rQ1ZFEkM4tSt84yPtdAioCO.jpg
204922,Before I Go to Sleep,https://image.tmdb.org/t/p/w500/1sSWpTupVixOanIpZdLGzsKvcZS.jpg
38985,Sorcerer,https://image.tmdb.org/t/p/w500/2b7oexm173SF1FSEq0DdgxZZNRH.jpg
44113,Stone,https://image.tmdb.org/t/p/w500/mcdN6DntOAOtKNQKcRKnfFayFis.jpg
21494,Moliere,https://image.tmdb.org/t/p/w500/3nfp9JCCzt1QlRhEzQfz5EkjLYn.jpg
164457,Out of the Furnace,https://image.tmdb.org/t/p/w500/cOuQQ4eRpSBxb0G9OXzWE1pHPeq.jpg
4566,Michael Clayton,https://image.tmdb.org/t/p/w500/hhkW4yVIGo8Bee3UITKvqOvhNMG.jpg
17795,My Fellow Americans,https://image.tmdb.org/t/p/w500/AkZUWdXXuOSat3J9HaHXm7HPtqA.jpg
1073,Arlington Road,https://image.tmdb.org/t/p/w500/4yYHyZuyTTQaEZuHKS7561jXjtR.jpg
153158,Underdogs,https://image.tmdb.org/t/p/w500/tJL0oyVmrwSpULCAGaTqs9VMTdM.jpg
81836,To Rome with Love,https://image.tmdb.org/t/p/w500/sMmYRgvFRk5Ginhytx7ciU7UwVs.jpg
10724,Firefox,https://image.tmdb.org/t/p/w500/xP6VaKdFEriMzPXe3j5YyDF3ryS.jpg
9473,"South Park: Bigger, Longer & Uncut",https://image.tmdb.org/t/p/w500/tS0PedvA2mFO9VCHYwQpaU1K36U.jpg
2196,Death at a Funeral,https://image.tmdb.org/t/p/w500/xyTxrJnjbSJQzcbKIP6S1uqLuxy.jpg
1499,Teenage Mutant Ninja Turtles III,https://image.tmdb.org/t/p/w500/fwX5RdPDBFsbEAXc46DrvRz5Bca.jpg
20857,Hardball,https://image.tmdb.org/t/p/w500/9RMcwwnK8a9WCt8dVlwmtNsFCg3.jpg
82693,Silver Linings Playbook,https://image.tmdb.org/t/p/w500/fhHB1uvfFKKFbj6bTKE8xdtsjKi.jpg
1646,Freedom Writers,https://image.tmdb.org/t/p/w500/81AdeUQT99N0xPg3j6RVh0YGOTk.jpg
44944,For Colored Girls,https://image.tmdb.org/t/p/w500/lj7SFMEUL0BRi41TDdVTVcq70Gt.jpg
4108,The Transporter,https://image.tmdb.org/t/p/w500/dncJ81z1BahrT3ogLvlxOUC5n4u.jpg
8456,Never Back Down,https://image.tmdb.org/t/p/w500/8oRUTyP1QAtGDMvRpKZyuyFPG0U.jpg
7341,The Rage: Carrie 2,https://image.tmdb.org/t/p/w500/jJmIf22gwwQPAFJfZ6Tr1MwSpRg.jpg
19255,Away We Go,https://image.tmdb.org/t/p/w500/zWxjopWXpnC1vSbnO7mw2URna22.jpg
10187,Swing Vote,https://image.tmdb.org/t/p/w500/aa5pWY2IVObKS7JZpfEw7Fe4FJk.jpg
31005,Moonlight Mile,https://image.tmdb.org/t/p/w500/jKDnCPUkL4QsgeqKCtyNMPL2XUU.jpg
49517,Tinker Tailor Soldier Spy,https://image.tmdb.org/t/p/w500/e0dZ7TapGY9HtJ9xk1TUHPEOccl.jpg
44857,Molly,https://image.tmdb.org/t/p/w500/bKyRoZ8uutxdCMMmrVoivZJ0Mc7.jpg
50780,The Beaver,https://image.tmdb.org/t/p/w500/nlaWgS7iIb6MG3t0FitV1xdPqIV.jpg
16363,The Best Little Whorehouse in Texas,https://image.tmdb.org/t/p/w500/yw3PNR3NVeKKfLWv8SgFQnXoHZh.jpg
1946,eXistenZ,https://image.tmdb.org/t/p/w500/kETKF0JhdTPn1knci8CAdYL0d79.jpg
85,Raiders of the Lost Ark,https://image.tmdb.org/t/p/w500/ceG9VzoRAVGwivFU403Wc3AHRys.jpg
772,Home Alone 2: Lost in New York,https://image.tmdb.org/t/p/w500/uuitWHpJwxD1wruFl2nZHIb4UGN.jpg
840,Close Encounters of the Third Kind,https://image.tmdb.org/t/p/w500/yaPx3cK9zGFX3SbcKwxWM1QIbUh.jpg
9682,Pulse,https://image.tmdb.org/t/p/w500/9ePdNzKVvGHsMMphfS3HeoMvuEX.jpg
96,Beverly Hills Cop II,https://image.tmdb.org/t/p/w500/egDakU8O5yUwpUJP9IMAUVtIDll.jpg
10678,Bringing Down the House,https://image.tmdb.org/t/p/w500/jic0ULHTcqQQaCSIEw6SAhHhIPA.jpg
274,The Silence of the Lambs,https://image.tmdb.org/t/p/w500/uS9m8OBk1A8eM9I042bx8XXpqAq.jpg
8872,Wayne's World,https://image.tmdb.org/t/p/w500/fHwZnFNWR7PaS9t5EBwTvGPeoYQ.jpg
16290,Jackass 3D,https://image.tmdb.org/t/p/w500/uPirN07su7LFixyZyLrNMMQ9u1E.jpg
579,Jaws 2,https://image.tmdb.org/t/p/w500/cN3ijEwsn4kBaRuHfcJpAQJbeWe.jpg
14405,Beverly Hills Chihuahua,https://image.tmdb.org/t/p/w500/2aRvqtLoE06hTjG93lASvO7r1as.jpg
138843,The Conjuring,https://image.tmdb.org/t/p/w500/wVYREutTvI2tmxr6ujrHT704wGF.jpg
11637,Are We There Yet?,https://image.tmdb.org/t/p/w500/guDkMD4wrZ1BGUO7DFFBVzaiGij.jpg
226486,Tammy,https://image.tmdb.org/t/p/w500/efsVMziwE9BNTDX5fNmYVA5oAzJ.jpg
1584,School of Rock,https://image.tmdb.org/t/p/w500/zXLXaepIBvFVLU25DH3wv4IPSbe.jpg
9312,Mortal Kombat,https://image.tmdb.org/t/p/w500/9YhpvhhvLrtL1wlwEfpVL16GI9d.jpg
12153,White Chicks,https://image.tmdb.org/t/p/w500/aHTUpo45qy9QYIOnVITGGqLoVcA.jpg
65057,The Descendants,https://image.tmdb.org/t/p/w500/8cDq5UlOPYeKm39okALCEOsZPxk.jpg
8326,Holes,https://image.tmdb.org/t/p/w500/o2Dm2mcE1qW8vT0bpsJO5OMBbqa.jpg
35690,The Last Song,https://image.tmdb.org/t/p/w500/76twEOHXAM2oKnvZYBI5bP6GeDu.jpg
76203,12 Years a Slave,https://image.tmdb.org/t/p/w500/xdANQijuNrJaw1HA61rDccME4Tm.jpg
13497,Drumline,https://image.tmdb.org/t/p/w500/zl7gdxYqKdFCioPT3DAkZR5DDUP.jpg
35688,Why Did I Get Married Too?,https://image.tmdb.org/t/p/w500/ctWuunKnm8bcG8cz40wndtdvV0W.jpg
162,Edward Scissorhands,https://image.tmdb.org/t/p/w500/e0FqKFvGPdQNWG8tF9cZBtev9Em.jpg
296096,Me Before You,https://image.tmdb.org/t/p/w500/Ia3dzj5LnCj1ZBdlVeJrbKJQxG.jpg
103370,Madea's Witness Protection,https://image.tmdb.org/t/p/w500/4P6d7kVDB60Ydmk9WAhrPCWrARI.jpg
1051,The French Connection,https://image.tmdb.org/t/p/w500/pH4saPwMjhnVGwmSH6RkMaHrt3s.jpg
376659,Bad Moms,https://image.tmdb.org/t/p/w500/u9q10ljhkLj0tNCjlVqe3DCjoU4.jpg
10073,Date Movie,https://image.tmdb.org/t/p/w500/xjLK0EmD0MAM7B049SRCUQaqkdL.jpg
16690,Return to Never Land,https://image.tmdb.org/t/p/w500/wB3r2b8sxUZspqNyr8copMlt7se.jpg
273895,Selma,https://image.tmdb.org/t/p/w500/2QyUcitU0hrxy6B2zkyJ0EhNlqm.jpg
14873,The Jungle Book 2,https://image.tmdb.org/t/p/w500/21GanxizOIL1CN0HLx7j3je8k87.jpg
8968,Boogeyman,https://image.tmdb.org/t/p/w500/5KffN0UcuAKJdUAcOvZ21OrqXc8.jpg
9963,Premonition,https://image.tmdb.org/t/p/w500/vKW1XIYrIqVrbCaYj9FQDHKXR8R.jpg
15655,The Tigger Movie,https://image.tmdb.org/t/p/w500/9OdZKUdGfaBAUwRLbtWpFWKbILO.jpg
21208,Orphan,https://image.tmdb.org/t/p/w500/lCGpOgoTOGLtZnBiGY9HRg5Xnjd.jpg
272878,Max,https://image.tmdb.org/t/p/w500/d3ACos3t4YwXML8keTA0wKN8e36.jpg
9760,Epic Movie,https://image.tmdb.org/t/p/w500/l0lGJiTzU2Ce6T31DIRWv7I0kaC.jpg
314365,Spotlight,https://image.tmdb.org/t/p/w500/8DPGG400FgaFWaqcv11n8mRd2NG.jpg
13279,Lakeview Terrace,https://image.tmdb.org/t/p/w500/A1kqp2hALf8Gd03vDACnR0EtFWo.jpg
1975,The Grudge 2,https://image.tmdb.org/t/p/w500/oHLeYXqA8P0jVIY2C8kQFyQTzkr.jpg
33644,How Stella Got Her Groove Back,https://image.tmdb.org/t/p/w500/ygmuaJDLYxWJo8eNhq0A63hagrQ.jpg
1649,Bill & Ted's Bogus Journey,https://image.tmdb.org/t/p/w500/tldtDfLnPFOtTWp758EmIP2Hbz5.jpg
9895,Man of the Year,https://image.tmdb.org/t/p/w500/s1etp9ZqcRqZVfonrdFJbQ6mgk9.jpg
9570,The Black Hole,https://image.tmdb.org/t/p/w500/gCqOJWvOK5UPospyrLANKfwRBlG.jpg
27579,The American,https://image.tmdb.org/t/p/w500/5OEOsRaBsSxD0qBtAhus0iKDzr.jpg
16052,Selena,https://image.tmdb.org/t/p/w500/j8xX3yBAFOayfSaImgLZPnAcdWz.jpg
40264,Vampires Suck,https://image.tmdb.org/t/p/w500/ksPKfoXovAiFnBktkCBefsRQ8a1.jpg
1164,Babel,https://image.tmdb.org/t/p/w500/bZByZbvU7u14WjoUJERqCRW9saN.jpg
239678,This Is Where I Leave You,https://image.tmdb.org/t/p/w500/rVUI2267FdetVWz9UBQbqTmRVhQ.jpg
14359,Doubt,https://image.tmdb.org/t/p/w500/9lypT2ghNuUPYVJf66oe4fKvUqI.jpg
3989,Team America: World Police,https://image.tmdb.org/t/p/w500/m1Q2VFe1DVVbjfu1LDZe7tlp9yb.jpg
76617,Texas Chainsaw 3D,https://image.tmdb.org/t/p/w500/dwIQ7WDCSiIcNdbferTcU7uI0KV.jpg
1710,Copycat,https://image.tmdb.org/t/p/w500/oMgwJb016znNZcpDR20eXxZoW8A.jpg
4258,Scary Movie 5,https://image.tmdb.org/t/p/w500/vBqLLxE6GaAPhO6v9EFvFbLZ7Ap.jpg
20391,Paint Your Wagon,https://image.tmdb.org/t/p/w500/fwnYGuba3ZSM2bXwBZZs4DqqKTl.jpg
10139,Milk,https://image.tmdb.org/t/p/w500/ot4ImF4b7QbS6XsTdMH3pWxNmX2.jpg
335778,Risen,https://image.tmdb.org/t/p/w500/6hGh4z503k8wA8mLlmvwhTSGja.jpg
9645,Ghost Ship,https://image.tmdb.org/t/p/w500/qT9jhRnf67dmMNpX2FmNPMeuW57.jpg
55465,A Very Harold & Kumar Christmas,https://image.tmdb.org/t/p/w500/cncxLilRHKayn8VKhzjAMHkbN4f.jpg
617,Wild Things,https://image.tmdb.org/t/p/w500/wrcTDD9T7Ga5c9MW7kaOo2qwIvW.jpg
19904,The Stepfather,https://image.tmdb.org/t/p/w500/bTolBUgHeU4Tcq8HjBxL92f9wLm.jpg
48289,The Debt,https://image.tmdb.org/t/p/w500/zlavkPAIzIIQppcU9vcQrKZjfmb.jpg
243,High Fidelity,https://image.tmdb.org/t/p/w500/e2LZGB62GMhv3Fo8tDZjY87I81a.jpg
6933,One Missed Call,https://image.tmdb.org/t/p/w500/9pIvQaQV0sMHx7d3Ys9qTK9YqTZ.jpg
17182,Eye for an Eye,https://image.tmdb.org/t/p/w500/y2lZSdJ1o0VvLegTw3ad6KFtxra.jpg
8848,The Bank Job,https://image.tmdb.org/t/p/w500/bfXjFTytfFTdo9WeO7lYqzkHG7g.jpg
38,Eternal Sunshine of the Spotless Mind,https://image.tmdb.org/t/p/w500/5MwkWH9tYHv3mV9OdYTMR5qreIz.jpg
38303,You Again,https://image.tmdb.org/t/p/w500/9qI5JE6yjmtakTankuDOMZ1vgEx.jpg
1266,Street Kings,https://image.tmdb.org/t/p/w500/iTO7sBfVTr7LUqiFtGeFW7g2Ncf.jpg
107985,The World's End,https://image.tmdb.org/t/p/w500/kpglnOBYmKn0AkkWDzGxzKHDbds.jpg
14043,Nancy Drew,https://image.tmdb.org/t/p/w500/a1aAZolyLFRwKhs0IWhFyTa8Z2Z.jpg
19901,Daybreakers,https://image.tmdb.org/t/p/w500/xFZH2l9UOyIclk2ZFWNHQ38B2RP.jpg
34016,She's Out of My League,https://image.tmdb.org/t/p/w500/mpYHjyPX0DAxbsnWKmSK5jZ1s4T.jpg
59860,Monte Carlo,https://image.tmdb.org/t/p/w500/dcbqyycrWA56HXq5lm41HYuED8Y.jpg
10069,Stay Alive,https://image.tmdb.org/t/p/w500/hsSJwroE7jugEROB8tmyxJP91Ho.jpg
9588,Quigley Down Under,https://image.tmdb.org/t/p/w500/93HWOYFsjLsCJC8RawGLv1ANZwS.jpg
12819,Alpha and Omega,https://image.tmdb.org/t/p/w500/7YVyH5sS6kLQRsSDF5dhhR0BWeh.jpg
9954,The Covenant,https://image.tmdb.org/t/p/w500/r6jbhgqKao3K3in4eftu7gqgMNH.jpg
10115,Stick It,https://image.tmdb.org/t/p/w500/uMcylxIC7nBpBd8Uf6Apr4MJ1pf.jpg
25132,Shorts,https://image.tmdb.org/t/p/w500/mgVuriiCXK1cGoXzZD7kO9w28DF.jpg
577,To Die For,https://image.tmdb.org/t/p/w500/whz4bwvqE1OmQHIyqHdZD8jU9CO.jpg
328387,Nerve,https://image.tmdb.org/t/p/w500/qmSpHC0CSNyNll9WhlwWYuwoQ28.jpg
12690,Appaloosa,https://image.tmdb.org/t/p/w500/kQB0uxR3RDS2tGTZtBuFow9SF1T.jpg
9945,Vampires,https://image.tmdb.org/t/p/w500/4JhaFBPwyC5IM1rKaRR07Gzutse.jpg
539,Psycho,https://image.tmdb.org/t/p/w500/yz4QVqPx3h1hD1DfqqQkCq3rmxW.jpg
13596,My Best Friend's Girl,https://image.tmdb.org/t/p/w500/4Zn149rIsfIwBZZwIwuryRzVbon.jpg
226857,Endless Love,https://image.tmdb.org/t/p/w500/7WDqvNmy4p6IJx8JjvzOtaV2IRr.jpg
13159,Georgia Rule,https://image.tmdb.org/t/p/w500/9C7VaTib40dBaBrefxFesQ7pbKW.jpg
47941,Under the Rainbow,https://image.tmdb.org/t/p/w500/mCdXzpghn4tPz6hbQcvS2UwOh1C.jpg
526,Ladyhawke,https://image.tmdb.org/t/p/w500/l3nRJ9Cs7C1AZ7das8S76QqwqjI.jpg
22796,Simon Birch,https://image.tmdb.org/t/p/w500/vRJcV9l3tLFoUWZel9RikS3nfJ6.jpg
2355,Reign Over Me,https://image.tmdb.org/t/p/w500/b5EtDvwj2gdG1qMBLijamlLfJLB.jpg
5915,Into the Wild,https://image.tmdb.org/t/p/w500/jnLnLYP5pGDfri04gxtAqAvkHMw.jpg
9842,School for Scoundrels,https://image.tmdb.org/t/p/w500/ffudFsgDUBfxbesYELDIrNtKdkz.jpg
61012,Silent Hill: Revelation 3D,https://image.tmdb.org/t/p/w500/rkAh9cPkb5PoTzEGWfBkhdFNIsf.jpg
755,From Dusk Till Dawn,https://image.tmdb.org/t/p/w500/sV3kIAmvJ9tPz4Lq5fuf9LLMxte.jpg
13682,Pooh's Heffalump Movie,https://image.tmdb.org/t/p/w500/5kd5JqccroxOnC9sVMP5NtLrbkr.jpg
9089,Home for the Holidays,https://image.tmdb.org/t/p/w500/3zqlKdOttWyExzopVxglz50Vjxq.jpg
9470,Kung Fu Hustle,https://image.tmdb.org/t/p/w500/exbyTbrvRUDKN2mcNEuVor4VFQW.jpg
18357,The Country Bears,https://image.tmdb.org/t/p/w500/h6mm3z7Wf4y1rJGHxqjVTTHl217.jpg
7979,The Kite Runner,https://image.tmdb.org/t/p/w500/dom2esWWW8C9jS2v7dOhW48LwHh.jpg
470,21 Grams,https://image.tmdb.org/t/p/w500/wZ0l6or5juuVWqDkLEgaghs4f9l.jpg
15644,Paparazzi,https://image.tmdb.org/t/p/w500/m9swmQKxrbRTYY3wN2bWmRiebM4.jpg
9582,A Guy Thing,https://image.tmdb.org/t/p/w500/wWiPuP1wMW32pjX8Q9TEj69TxWI.jpg
10642,Loser,https://image.tmdb.org/t/p/w500/nOqWmYfgvpUA6gZjvdB0Cg24kA4.jpg
22074,Capitalism: A Love Story,https://image.tmdb.org/t/p/w500/zJBkIPakBXdu3cEgGqKCPHUNXVE.jpg
2428,The Greatest Story Ever Told,https://image.tmdb.org/t/p/w500/c21ON7BZn0jwdNl6ibZ1vhXJmpy.jpg
290751,Secret in Their Eyes,https://image.tmdb.org/t/p/w500/gJl4iTxQlazkPCplGmSLGBUwqg9.jpg
13805,Disaster Movie,https://image.tmdb.org/t/p/w500/3J8XKUfhJiNzwobUZVtizXYPe8b.jpg
4597,Armored,https://image.tmdb.org/t/p/w500/oQrAXGkBy84FyGpWrY71ptqs7zD.jpg
9414,The Man Who Knew Too Little,https://image.tmdb.org/t/p/w500/yVlIZa0u6CTN5LudxGX77Fk46iz.jpg
63492,What's Your Number?,https://image.tmdb.org/t/p/w500/eqn3UeXMY9W1Ow3jIZ6COqbjUWX.jpg
81796,Lockout,https://image.tmdb.org/t/p/w500/i5QfNIcg6hc327IWUerea0EczP4.jpg
10710,Envy,https://image.tmdb.org/t/p/w500/vrsZUr8R041YzINcy9SFe5iSM1m.jpg
15092,Crank: High Voltage,https://image.tmdb.org/t/p/w500/tzTC4EEvF0OPL63frEiogxL2T8M.jpg
11382,Bullets Over Broadway,https://image.tmdb.org/t/p/w500/mY9D1oCLeDKNMdUO8EV7MoCZ3up.jpg
15005,One Night with the King,https://image.tmdb.org/t/p/w500/9ejzABqu2bqjuqSSUk5OwPAnedZ.jpg
8198,The Quiet American,https://image.tmdb.org/t/p/w500/nLooNNrvzpf49G7HsB9siQT4036.jpg
6963,The Weather Man,https://image.tmdb.org/t/p/w500/oQilVzOxLPxvBn9hAuvGpKTpONM.jpg
15070,Undisputed,https://image.tmdb.org/t/p/w500/q8smM97IBBEWmkaUCmkPqysh7k7.jpg
12797,Ghost Town,https://image.tmdb.org/t/p/w500/b8VS14DwpLlugTxVWSllYU0Gjn5.jpg
17134,12 Rounds,https://image.tmdb.org/t/p/w500/7k7qhrO57sVoBLrNo5HYoTp24sT.jpg
41402,Let Me In,https://image.tmdb.org/t/p/w500/rgNb9nwPKwV45c5PTvFqFmpzGt0.jpg
18885,3 Ninjas Kick Back,https://image.tmdb.org/t/p/w500/kXuh3c0DyvqSGo0DBatoemBwEtz.jpg
4953,Be Kind Rewind,https://image.tmdb.org/t/p/w500/f0oX20YrQEiVPDH9InCQ1d3Cm66.jpg
10773,Mrs Henderson Presents,https://image.tmdb.org/t/p/w500/rFmx0ajncGacM8Ono9vpXiHt7Vy.jpg
146198,Triple 9,https://image.tmdb.org/t/p/w500/q2kIq9yzEkOVhl1aeo0alJHtdfz.jpg
2639,Deconstructing Harry,https://image.tmdb.org/t/p/w500/i7Z5DdznqANJUjqWISEFu9bw6J7.jpg
10563,Three to Tango,https://image.tmdb.org/t/p/w500/z2EhRgWvzNa2NgoX0uModV6mEb2.jpg
295964,Burnt,https://image.tmdb.org/t/p/w500/iptu4zfvbeULkeuoVkTl2mOqTPS.jpg
5971,We're No Angels,https://image.tmdb.org/t/p/w500/5XBVURkON7jyzxr0cONWeTbgAov.jpg
9716,Everyone Says I Love You,https://image.tmdb.org/t/p/w500/cFOZ4bNbWtnIIboc43M86yhwPBX.jpg
11835,Death Sentence,https://image.tmdb.org/t/p/w500/3rdEAMh4a3pc7GO6fSkJwpt7BWX.jpg
26171,Everybody's Fine,https://image.tmdb.org/t/p/w500/qnC4ypkpviWgp4aHsXvWym38v56.jpg
31117,Superbabies: Baby Geniuses 2,https://image.tmdb.org/t/p/w500/7viULokoVzqrgVj0EljfXDzEKMk.jpg
9074,The Man,https://image.tmdb.org/t/p/w500/bnofwLKvg2g7Ky9sSpyTHaan37n.jpg
14396,Code Name: The Cleaner,https://image.tmdb.org/t/p/w500/wSQkv51ygnds56lylNavYJzLmNZ.jpg
15673,Connie and Carla,https://image.tmdb.org/t/p/w500/mR0K8S5s2c5uxpcevnVam17HFrh.jpg
42618,Sweet Charity,https://image.tmdb.org/t/p/w500/brwDwtckSCp2t4Hz3JU3vwCv83h.jpg
171274,Inherent Vice,https://image.tmdb.org/t/p/w500/pfVua7TzzttOh3RTOuBqT7xN0oY.jpg
24432,Doogal,https://image.tmdb.org/t/p/w500/4Z7h8xDBxQADSPFGj7vmMN76ynX.jpg
109417,Battle of the Year,https://image.tmdb.org/t/p/w500/dB4L9yt9eFbVhx8tSuDUHoMeN4x.jpg
13948,An American Carol,https://image.tmdb.org/t/p/w500/uEDdzt1ZTB1BRo95gMkBytl0NqM.jpg
106747,Machete Kills,https://image.tmdb.org/t/p/w500/uAl0YzUf2NHm7PqjsilmeCDbQNb.jpg
10929,Willard,https://image.tmdb.org/t/p/w500/hRVP8Ud9ehv7tp5WWQ4CHk2XNus.jpg
14220,Strange Wilderness,https://image.tmdb.org/t/p/w500/6tamhOw4dSgn4lonjZyhEhIt9Wm.jpg
46435,Topsy-Turvy,https://image.tmdb.org/t/p/w500/nxHjVAVOFgWbD2RptBBCLVO6SIR.jpg
256962,Little Boy,https://image.tmdb.org/t/p/w500/lAU9pgq3niI6sFemcKm4FGGmrnW.jpg
48231,A Dangerous Method,https://image.tmdb.org/t/p/w500/7TPYtzq9ABkfED1JB0tRASamL4z.jpg
3509,A Scanner Darkly,https://image.tmdb.org/t/p/w500/lUKudOpHICDj6A6SO7DdaZM4W48.jpg
82684,Chasing Mavericks,https://image.tmdb.org/t/p/w500/7wxJmFqTMcdE05sfWedB6458US1.jpg
12142,Alone in the Dark,https://image.tmdb.org/t/p/w500/bSxrbVCyWW077zhtpuYlo3zgyug.jpg
23367,Bandslam,https://image.tmdb.org/t/p/w500/z654TmQygFasbyi52vwHv8fWxoi.jpg
10740,Birth,https://image.tmdb.org/t/p/w500/z70iQ61WqhxETAz8ar2oD8pkIM.jpg
241239,A Most Violent Year,https://image.tmdb.org/t/p/w500/gYTUNxLcFomCdXe3D4Hq8OLwgv0.jpg
14582,Passchendaele,https://image.tmdb.org/t/p/w500/2FMtSxzF2fR5dx5was9Kftjag0U.jpg
14914,Flash of Genius,https://image.tmdb.org/t/p/w500/14gyR9JMVfngQlolzD2N365ZeRz.jpg
3902,I'm Not There.,https://image.tmdb.org/t/p/w500/bucgvB7gQqcl1m71efHkenfIMTj.jpg
77948,The Cold Light of Day,https://image.tmdb.org/t/p/w500/jLmKMhibZjHUYtsHQLIa5UBwqcc.jpg
21755,The Brothers Bloom,https://image.tmdb.org/t/p/w500/xIz8iwzyjgWGzcIwHKpqhBs77ML.jpg
4960,"Synecdoche, New York",https://image.tmdb.org/t/p/w500/5UwdhrjXhUgsiDhe1dpS9z4yj7q.jpg
128,Princess Mononoke,https://image.tmdb.org/t/p/w500/cMYCDADoLKLbB83g4WnJegaZimC.jpg
14652,Bon voyage,https://image.tmdb.org/t/p/w500/2pP1STSvXOv6jITKQnaZfI1xXB6.jpg
40932,Can't Stop the Music,https://image.tmdb.org/t/p/w500/j4Qu0WPS04bYOLwV3d9vSSsvYQb.jpg
16608,The Proposition,https://image.tmdb.org/t/p/w500/bbSHSJuO5XjrIKMh6QXXLTg3Yzr.jpg
334531,My All American,https://image.tmdb.org/t/p/w500/yFVCCtA5f07vyc9IYscmSJpvoPB.jpg
32316,Marci X,https://image.tmdb.org/t/p/w500/8gDhnXFVARqa5F2sCZdelDhiVjc.jpg
7299,Equilibrium,https://image.tmdb.org/t/p/w500/q6VzUsHs4Z3myBHkrPAA3avfGwn.jpg
13405,The Children of Huang Shi,https://image.tmdb.org/t/p/w500/qjmo26BnSimVjhCE97cH8VCtEUV.jpg
19457,The Yards,https://image.tmdb.org/t/p/w500/AtwXtU8CDWvVADgOwRkOSRZFPWI.jpg
112937,The Oogieloves in the Big Balloon Adventure,https://image.tmdb.org/t/p/w500/qb6KVMsqljMnqYNLtOUfOIJrS6A.jpg
314385,By the Sea,https://image.tmdb.org/t/p/w500/oEyeG4UyAQvYIJiFpUV57Q3PTDp.jpg
8953,Steamboy,https://image.tmdb.org/t/p/w500/he3fyAy1OUruuwhiv2xvup8H3pc.jpg
29078,The Game of Their Lives,https://image.tmdb.org/t/p/w500/iZkVLxvWfx9PzuixNnlVz1Y9fa6.jpg
46503,All Good Things,https://image.tmdb.org/t/p/w500/3RM8SyB0yHanJbYeHdgi5eLv21C.jpg
10448,Rapa Nui,https://image.tmdb.org/t/p/w500/7SGV2gjYWKQezXOLGdbzPuaYxo2.jpg
13688,CJ7,https://image.tmdb.org/t/p/w500/sRzSfpSb3wYYshbaiMRIuFCJJGU.jpg
10353,The Visitors II: The Corridors of Time,https://image.tmdb.org/t/p/w500/c1xMb4GfTuyKSRUoeewBF27dtKa.jpg
43935,Dylan Dog: Dead of Night,https://image.tmdb.org/t/p/w500/nZdYn5IktnGVg7pRA2JHD1rdZDH.jpg
11458,People I Know,https://image.tmdb.org/t/p/w500/7FsbWJq43lQGCIPxe8z3zBwEIkh.jpg
44638,The Tempest,https://image.tmdb.org/t/p/w500/9xnDtCsEoaooYYwmqrB2PBFVPag.jpg
241257,Regression,https://image.tmdb.org/t/p/w500/luHpMTmU1ygtEgdOTSSj0i9nd8E.jpg
14538,Three Kingdoms: Resurrection of the Dragon,https://image.tmdb.org/t/p/w500/wOouWlgSMxlAQow8YdxyssywPJN.jpg
13250,Butterfly on a Wheel,https://image.tmdb.org/t/p/w500/qcjjYcMaaSKD2C8xn0hy6o6yj2L.jpg
133931,Zambezia,https://image.tmdb.org/t/p/w500/7aJl440TlbyqthklVrvCnSbjKYe.jpg
280871,Ramanujan,https://image.tmdb.org/t/p/w500/43d0IzrPaapqrYRHkfKfnpSNEKm.jpg
239897,Dwegons,https://image.tmdb.org/t/p/w500/eCWjbEI7v3ThQ32gM3aiID568P4.jpg
184341,Hands of Stone,https://image.tmdb.org/t/p/w500/rpAYkkc7ltnxnMXOZLPuI9A6cuB.jpg
334074,Survivor,https://image.tmdb.org/t/p/w500/npyCpfYyYknFoY2iJPyfqp70FVX.jpg
199373,The Frozen Ground,https://image.tmdb.org/t/p/w500/hHDj1h3lJvYd9Cervoswz9crhWg.jpg
14202,The Painted Veil,https://image.tmdb.org/t/p/w500/k41IvHDLgZO2ae7RuU77wQjScIj.jpg
6968,The Baader Meinhof Complex,https://image.tmdb.org/t/p/w500/36Y0UT6bXnkHBGmmVFWGEnEh8nI.jpg
581,Dances with Wolves,https://image.tmdb.org/t/p/w500/hw0ZEHAaTqTxSXGVwUFX7uvanSA.jpg
52449,Bad Teacher,https://image.tmdb.org/t/p/w500/zpIY4qUSX91J9XpPgr0hFrk1eKr.jpg
12150,Sea of Love,https://image.tmdb.org/t/p/w500/vJ88WmJ12eAK9CRb3cggn9CJthH.jpg
11247,A Cinderella Story,https://image.tmdb.org/t/p/w500/ukwP7gDPWxj1R1dW5iN3mnxkL3D.jpg
4232,Scream,https://image.tmdb.org/t/p/w500/3O3klyyYpAZBBE4n7IngzTomRDp.jpg
9378,Thir13en Ghosts,https://image.tmdb.org/t/p/w500/6yrrddjIjx0ElCRZp5pTZeqrj3k.jpg
694,The Shining,https://image.tmdb.org/t/p/w500/uAR0AWqhQL1hQa69UDEbb2rE5Wx.jpg
105,Back to the Future,https://image.tmdb.org/t/p/w500/vN5B5WgYscRGcQpVhHl6p9DDTP0.jpg
11377,House on Haunted Hill,https://image.tmdb.org/t/p/w500/weiGTsZqBglKxkIn5xj1nEjxn81.jpg
26367,I Can Do Bad All By Myself,https://image.tmdb.org/t/p/w500/kl8RNyG7jokw2pTLJNwkPhsBAL9.jpg
385383,Fight Valley,https://image.tmdb.org/t/p/w500/jIPWkzF9srlU8eZTldLM6JYZwkO.jpg
41210,The Switch,https://image.tmdb.org/t/p/w500/oJdMT6RGtbvQ26Tk7EHGfG8xZ6.jpg
12090,Just Married,https://image.tmdb.org/t/p/w500/FRqnYDjbstsCgLSJJ3SifOh2ca.jpg
62630,The Devil's Double,https://image.tmdb.org/t/p/w500/sDnnV0QbfvXthf8K4cYod4HVlug.jpg
16110,Thomas and the Magic Railroad,https://image.tmdb.org/t/p/w500/aPEJ36e8a7gLu28KVfsGDQdmruk.jpg
29427,The Crazies,https://image.tmdb.org/t/p/w500/ggtG9DZELyTtM2Y0DRJDOJa5iP8.jpg
129,Spirited Away,https://image.tmdb.org/t/p/w500/39wmItIWsg5sZMyRUHLkWBcuVCM.jpg
244114,Firestorm,https://image.tmdb.org/t/p/w500/zKdycnWFGNIALAxEZcTWRtrfWNW.jpg
2669,The Bounty,https://image.tmdb.org/t/p/w500/hXFXIc6F4NXI5emWCKcUwqEPjIZ.jpg
203833,The Book Thief,https://image.tmdb.org/t/p/w500/wj4U5sMLcJMa3WR9CpRR9e2sdgZ.jpg
13523,Sex Drive,https://image.tmdb.org/t/p/w500/aO4swvDjqW635lesjYbytrEhBsn.jpg
25195,Leap Year,https://image.tmdb.org/t/p/w500/i86hMi5iEF3WnYLCaGHdT5FPdYg.jpg
17277,The Fall of the Roman Empire,https://image.tmdb.org/t/p/w500/ggrPUKNYFZ6ogs896ZiT0lQG9Tr.jpg
50725,Take Me Home Tonight,https://image.tmdb.org/t/p/w500/nInduPOusI1alDIC0UttFjDIKsO.jpg
82631,Won't Back Down,https://image.tmdb.org/t/p/w500/7Repugxu8BQXMYSGpzqRrBjFRna.jpg
73191,The Nutcracker,https://image.tmdb.org/t/p/w500/mKGGzL6o27cOurOO0gCUopDCxts.jpg
22479,Kansas City,https://image.tmdb.org/t/p/w500/deD8SAbQYGvzcpRr50HUb9uj8xJ.jpg
340611,Indignation,https://image.tmdb.org/t/p/w500/lh3tx877oO0z88L8NZRMJrLXu1z.jpg
10065,The Amityville Horror,https://image.tmdb.org/t/p/w500/4D246dpe7yy2GvHI2IbpeqkUXry.jpg
2757,Adaptation.,https://image.tmdb.org/t/p/w500/ffEmHQAiD0m5dEQ6rlsuA9vlllW.jpg
11683,Land of the Dead,https://image.tmdb.org/t/p/w500/xxp0qcZ3n2YA53SIzWilDSfIaA4.jpg
244339,Out of Inferno,https://image.tmdb.org/t/p/w500/xiXP1HoGKxwo8gu7g2hlQPWNBkV.jpg
1878,Fear and Loathing in Las Vegas,https://image.tmdb.org/t/p/w500/tisNLcMkxryU2zxhi0PiyDFqhm0.jpg
23082,The Invention of Lying,https://image.tmdb.org/t/p/w500/clP8tDZeM9jgnqmu4VBClBDpLtS.jpg
195589,Neighbors,https://image.tmdb.org/t/p/w500/sN1RU08CMi8xkRIibremh3AOdgw.jpg
854,The Mask,https://image.tmdb.org/t/p/w500/jPC2eYub74zwf2tPGVtzSlBW6Oy.jpg
2280,Big,https://image.tmdb.org/t/p/w500/eWhCDJiwxvx3YXkAFRiHjimnF0j.jpg
496,Borat: Cultural Learnings of America for Make Benefit Glorious Nation of Kazakhstan,https://image.tmdb.org/t/p/w500/7g9kBHMN2KTr5KUf8aen187Mdn.jpg
8835,Legally Blonde,https://image.tmdb.org/t/p/w500/9ohlMrJHQqKhfUKh7Zr3JQqHNLZ.jpg
157,Star Trek III: The Search for Spock,https://image.tmdb.org/t/p/w500/yqEj0oPfKBMCz7YcCARHDgH7VFm.jpg
8643,The Exorcism of Emily Rose,https://image.tmdb.org/t/p/w500/qMN0HIP34f736kkQcfvTfmL9TP3.jpg
10402,Deuce Bigalow: Male Gigolo,https://image.tmdb.org/t/p/w500/w0UKAcY4fAPuQW2GhAoIMwutIA5.jpg
218043,Left Behind,https://image.tmdb.org/t/p/w500/b9Q2WR62yB5Aq0hd6kyRFS9cc3Y.jpg
9043,The Family Stone,https://image.tmdb.org/t/p/w500/nlqw53HmTP7o3b2NDttYNOtsK4V.jpg
21301,Barbershop 2:  Back in Business,https://image.tmdb.org/t/p/w500/n4sOe401udZJWJEOvKvSs3peZcB.jpg
10147,Bad Santa,https://image.tmdb.org/t/p/w500/rfClLIyeHqpMofmrPY8DaLe4z9x.jpg
816,Austin Powers: International Man of Mystery,https://image.tmdb.org/t/p/w500/5uD4dxNX8JKFjWKYMHyOsqhi5pN.jpg
302688,My Big Fat Greek Wedding 2,https://image.tmdb.org/t/p/w500/lfPqApnLVPsYfdbpSHNnHIxTdmd.jpg
60307,Diary of a Wimpy Kid: Rodrick Rules,https://image.tmdb.org/t/p/w500/w77ZoDmHNf6lnk8NWsXqWYOQqnp.jpg
106,Predator,https://image.tmdb.org/t/p/w500/k3mW4qfJo6SKqe6laRyNGnbB9n5.jpg
279,Amadeus,https://image.tmdb.org/t/p/w500/gQRfiyfGvr1az0quaYyMram3Aqt.jpg
8617,Prom Night,https://image.tmdb.org/t/p/w500/pKSeyN02R5khphImEIpAdBjQgEP.jpg
10625,Mean Girls,https://image.tmdb.org/t/p/w500/2ZkuQXvVhh45uSvkBej4S7Ix1NJ.jpg
10934,Under the Tuscan Sun,https://image.tmdb.org/t/p/w500/3vQUQwdtfPt1Sl2GZrIECWWA0dk.jpg
5279,Gosford Park,https://image.tmdb.org/t/p/w500/7r8DeZuaaHCiOEbkqZC6MFmwJ69.jpg
10013,Peggy Sue Got Married,https://image.tmdb.org/t/p/w500/tfuQcvQmURiMqB2VPwytU3cPpEm.jpg
194662,Birdman,https://image.tmdb.org/t/p/w500/rHUg2AuIuLSIYMYFgavVwqt1jtc.jpg
160588,Blue Jasmine,https://image.tmdb.org/t/p/w500/nsj0RLRI10351uYMoAKPur6Derd.jpg
9829,United 93,https://image.tmdb.org/t/p/w500/r3mdSgsnpoi4UiUufdybhjha68t.jpg
10028,Honey,https://image.tmdb.org/t/p/w500/gnY6d7BoddAAQ8s42fxCJK8lL1A.jpg
10535,Spy Hard,https://image.tmdb.org/t/p/w500/yoegp9XEG4YCbJJKR0wvm0BGYpG.jpg
790,The Fog,https://image.tmdb.org/t/p/w500/12EeSboRofP3CI4SPmMFNNXCbtY.jpg
43959,Soul Surfer,https://image.tmdb.org/t/p/w500/cvgRxrEupUFeJ0xzUExJo4dMXbL.jpg
10364,Catch-22,https://image.tmdb.org/t/p/w500/eSB3i3vvFiRTszmZVawWqROzM6p.jpg
16991,Observe and Report,https://image.tmdb.org/t/p/w500/zHuouWUKlRK0SeIjzTlmtoPLrFA.jpg
9610,Conan the Destroyer,https://image.tmdb.org/t/p/w500/m5i7S46DT1ESy7URkh2l92awGRr.jpg
1578,Raging Bull,https://image.tmdb.org/t/p/w500/1WV7WlTS8LI1L5NkCgjWT9GSW3O.jpg
25643,Love Happens,https://image.tmdb.org/t/p/w500/ijRJlhAZ7QMkTIVAUkIY8stWfk1.jpg
11904,Young Sherlock Holmes,https://image.tmdb.org/t/p/w500/aOxVYvQoAfNSns4hW5Ah55GBzgq.jpg
28665,Fame,https://image.tmdb.org/t/p/w500/8IsNOp075DktqwraN4OHUBhjGrD.jpg
44115,127 Hours,https://image.tmdb.org/t/p/w500/h0RMdn0rfl9l5hWXz3tUh6QVkhi.jpg
10569,Small Time Crooks,https://image.tmdb.org/t/p/w500/eIJRFZFDmh0xXPlKt3WwN5fiSLe.jpg
10560,Center Stage,https://image.tmdb.org/t/p/w500/95Et0t08Nv6S8FD593HpXyvcRt8.jpg
333348,Love the Coopers,https://image.tmdb.org/t/p/w500/fPW1BHZhUEViOmDAHFfyLezoQdI.jpg
20483,Catch That Kid,https://image.tmdb.org/t/p/w500/vNZTtrzrIsIAHzqH3143oWIzFjG.jpg
11457,Life as a House,https://image.tmdb.org/t/p/w500/qNFlcei9vWh5NCRTVrs52qDvUmq.jpg
321697,Steve Jobs,https://image.tmdb.org/t/p/w500/ljiRO29Y9khEERRqMluptUYunJ9.jpg
19840,"I Love You, Beth Cooper",https://image.tmdb.org/t/p/w500/mUi6nEbo04DR1YwflbZX1RR7UwS.jpg
22327,Youth in Revolt,https://image.tmdb.org/t/p/w500/3J48x7Utjx0sdYIvjsMWnlEbxpV.jpg
38665,The Legend of the Lone Ranger,https://image.tmdb.org/t/p/w500/6AgJFQsZm3JHry8ek13X0xKGWt6.jpg
2575,The Tailor of Panama,https://image.tmdb.org/t/p/w500/na80ysnoCvoxwGTMWCWYvnmaDlz.jpg
11644,Blow Out,https://image.tmdb.org/t/p/w500/uFzMscVLDrTaYd6KXOXlr6dly7w.jpg
146227,Getaway,https://image.tmdb.org/t/p/w500/z4sEWm1ykf9WX5WJU4XMD4oI5sI.jpg
68924,The Ice Storm,https://image.tmdb.org/t/p/w500/3a6uLta7K8Dzojps4RoJAPHD0km.jpg
253235,And So It Goes,https://image.tmdb.org/t/p/w500/bJoWtA8OAIqavlb5mbx3EzvxFUA.jpg
22102,Troop Beverly Hills,https://image.tmdb.org/t/p/w500/2HOzh7t2THdZ3r9BaDucEjfzLlL.jpg
18701,Being Julia,https://image.tmdb.org/t/p/w500/wiJp4pN2bYgtWQqZYZhGNLeFmx8.jpg
10068,Nine 1/2 Weeks,https://image.tmdb.org/t/p/w500/aE1iunrgO8UHfoXKJcjCy4Ih17n.jpg
848,Dragonslayer,https://image.tmdb.org/t/p/w500/92VXAEwbjebYqTeUa7uX5bBtDuD.jpg
36811,The Last Station,https://image.tmdb.org/t/p/w500/nf9cYwKcvxTbSsCz4o6eRJ8P0IH.jpg
522,Ed Wood,https://image.tmdb.org/t/p/w500/n8SrO3WbyuY2b6KazogqbQF348C.jpg
130150,Labor Day,https://image.tmdb.org/t/p/w500/iQdbCtk1Q3TdZRBKSLU1Vh870l7.jpg
12246,Mongol: The Rise of Genghis Khan,https://image.tmdb.org/t/p/w500/8hlyJVMKFJNJb8QRtdfjage2tGF.jpg
13809,RockNRolla,https://image.tmdb.org/t/p/w500/6mLXG2f7LBRpbZZgxsOFO5scgzd.jpg
27380,Megaforce,https://image.tmdb.org/t/p/w500/hX5p2thHjpARwAs6MvBlrrvwutL.jpg
10549,Hamlet,https://image.tmdb.org/t/p/w500/ilurgUOp6SCl4cuhfjctj1qxlfZ.jpg
33870,Mao's Last Dancer,https://image.tmdb.org/t/p/w500/mvHW6UTlrn60RhyYsoqxXxTPIFn.jpg
245703,Midnight Special,https://image.tmdb.org/t/p/w500/hgDRq1l4ATxwufWjILKsYtglbI6.jpg
10739,Anything Else,https://image.tmdb.org/t/p/w500/bvyoWDh60R31ZE5L8TjZ8Qpv5xM.jpg
127560,The Railway Man,https://image.tmdb.org/t/p/w500/yuADLCxGCA5rFWk2QDXvX5plBrD.jpg
37903,The White Ribbon,https://image.tmdb.org/t/p/w500/54dlnGDexrwAFlDb8HWKfmmX4LB.jpg
396152,Restoration,https://image.tmdb.org/t/p/w500/bSFXkIFwPVanwLCI0DQfMMfVBMN.jpg
10017,The Wraith,https://image.tmdb.org/t/p/w500/vHrNnqqRYWzkkrJV8MtmUGgC4Kk.jpg
11468,Salton Sea,https://image.tmdb.org/t/p/w500/i3InMSlLUNBEdQTKazMdyVP1ryX.jpg
193613,Metallica: Through the Never,https://image.tmdb.org/t/p/w500/6szqjCuVRZQbL1otckVPDCfRgiI.jpg
17436,The Informers,https://image.tmdb.org/t/p/w500/yiXkvghbkYMQ3iMyhiI08GgtonC.jpg
43434,Carlos,https://image.tmdb.org/t/p/w500/ee6EiUOXdvr7DvnBBEG691TNSKh.jpg
31166,I Come with the Rain,https://image.tmdb.org/t/p/w500/wOJZ3XvHjcGfLBh0GLJU3HhsJKE.jpg
69848,One Man's Hero,https://image.tmdb.org/t/p/w500/6QbunsUllQT0aQWWgMBnSlqwrfF.jpg
8408,Day of the Dead,https://image.tmdb.org/t/p/w500/bi7SO5F4VyyGQTlxQirbH1dwKzW.jpg
332411,I Am Wrath,https://image.tmdb.org/t/p/w500/6NvLA3BP5ktLaZ1qdLY0oHsaqwD.jpg
9389,Renaissance,https://image.tmdb.org/t/p/w500/fTdbmjAegzFQOCPTAckPcmTpJvp.jpg
9626,Red Sonja,https://image.tmdb.org/t/p/w500/83v0W5cCSFsWpI0cAj8DRlihySN.jpg
75638,Red Lights,https://image.tmdb.org/t/p/w500/ljA72KOasp3GsdkIPxF9pDHA9Hn.jpg
8363,Superbad,https://image.tmdb.org/t/p/w500/ek8e8txUyUwd2BNqj6lFEerJfbq.jpg
15670,Madea Goes to Jail,https://image.tmdb.org/t/p/w500/qiXNNmSFXsfUdKDkylBF2LfX0DR.jpg
290555,Wolves,https://image.tmdb.org/t/p/w500/2Q5sTH90MSvguFlb9UfcpeA2P5a.jpg
8328,Step Up 2: The Streets,https://image.tmdb.org/t/p/w500/vYdlRTvA5fneB88NchV3sirzCE1.jpg
10982,Hoodwinked!,https://image.tmdb.org/t/p/w500/kwPl1AKX4BLxrh5PCkrwYWeEV5I.jpg
205,Hotel Rwanda,https://image.tmdb.org/t/p/w500/p3pHw85UMZPegfMZBA6dZ06yarm.jpg
1620,Hitman,https://image.tmdb.org/t/p/w500/h69UJOOKlrHcvhl5H2LY74N61DQ.jpg
175541,Black Nativity,https://image.tmdb.org/t/p/w500/dIOk8uCYZMP69D6WhiRCZAGX9kE.jpg
241254,The Prince,https://image.tmdb.org/t/p/w500/22b2fmxhZveWSyWkgUz2y94fp3w.jpg
31932,City of Ghosts,https://image.tmdb.org/t/p/w500/1nZbFdgEjJELfbZeXWLjXx5evHa.jpg
1933,The Others,https://image.tmdb.org/t/p/w500/p8g1vlTvpM6nr2hMMiZ1fUlKF0D.jpg
679,Aliens,https://image.tmdb.org/t/p/w500/r1x5JGpyqZU8PYhbs4UcrO1Xb6x.jpg
11113,My Fair Lady,https://image.tmdb.org/t/p/w500/bTXVc29lGSNclf94VIZ49W4gGKl.jpg
3597,I Know What You Did Last Summer,https://image.tmdb.org/t/p/w500/dQyaJx0SptDqvQcAewAr8FAtLB2.jpg
193893,Let's Be Cops,https://image.tmdb.org/t/p/w500/pf4FoUr2phn5WyZjU7rLXSiW1Ve.jpg
9675,Sideways,https://image.tmdb.org/t/p/w500/zOsaxYLgvZVU7cJBpPn8CuE0MrP.jpg
9988,Beerfest,https://image.tmdb.org/t/p/w500/5srGbSv3zhEUjXFOZR9qHkgJO6l.jpg
948,Halloween,https://image.tmdb.org/t/p/w500/wijlZ3HaYMvlDTPqJoTCWKFkCPU.jpg
21765,Good Boy!,https://image.tmdb.org/t/p/w500/kZDXSPfeKNtai6l8yE4J5LwVQMY.jpg
146304,The Best Man Holiday,https://image.tmdb.org/t/p/w500/i4ecMHJQpclIEr4mh5uzjWr38GC.jpg
7516,Smokin' Aces,https://image.tmdb.org/t/p/w500/nrdnN8WqvyOt8Bnl3hgWcZD6ZyM.jpg
41439,Saw: The Final Chapter,https://image.tmdb.org/t/p/w500/qHCZ6LjtmqWDfXXN28TlIC9OppK.jpg
2752,40 Days and 40 Nights,https://image.tmdb.org/t/p/w500/pQTZX4gOEEkkMVFIRWtIrCpozeu.jpg
9429,A Night at the Roxbury,https://image.tmdb.org/t/p/w500/7oZ5xE4AL4D5EbeQUaoRxahgzJX.jpg
38117,Beastly,https://image.tmdb.org/t/p/w500/uSAXWZsSD0pE4HYVUiDgusnEyyl.jpg
9792,The Hills Have Eyes,https://image.tmdb.org/t/p/w500/2eJL1Ccr1FN3dm9OSDwyd8uaX1b.jpg
13778,Dickie Roberts: Former Child Star,https://image.tmdb.org/t/p/w500/eyn1WbZmUUIXU8QoorKWJTQ1iLg.jpg
228203,"McFarland, USA",https://image.tmdb.org/t/p/w500/yyhniD8A7Mv6SOn8oo1Ba2K0mKc.jpg
41382,Lottery Ticket,https://image.tmdb.org/t/p/w500/6Eg93S0cMHLMFkeunqpmMkzs10A.jpg
13960,ATL,https://image.tmdb.org/t/p/w500/wi9VRukGburXfDwDKqcQQdgFK5S.jpg
114150,Pitch Perfect,https://image.tmdb.org/t/p/w500/gsFoJk9g8W3zgaipRrrURk7LbiF.jpg
26602,Summer Catch,https://image.tmdb.org/t/p/w500/hMp5Iev56BUu3xJGpAeCCPC1ZwY.jpg
10223,A Simple Plan,https://image.tmdb.org/t/p/w500/wO2gH7DMqpMeHlj5QmDhW4IkgAr.jpg
16028,They,https://image.tmdb.org/t/p/w500/6i3ixJTacgdEAypVes6uUmsJr64.jpg
15639,Larry the Cable Guy: Health Inspector,https://image.tmdb.org/t/p/w500/vlPadYpBkSvgTbGFhYTDgacAOEM.jpg
16112,The Adventures of Elmo in Grouchland,https://image.tmdb.org/t/p/w500/u9i4frT1XPaTqJxRYLJ8j2r8LYO.jpg
26390,Brooklyn's Finest,https://image.tmdb.org/t/p/w500/9ZyJJpMsc3bF8gduDaxo0zo1gwK.jpg
27759,55 Days at Peking,https://image.tmdb.org/t/p/w500/uR0xaqmqlbhatf9014mHuwV1Uly.jpg
109428,Evil Dead,https://image.tmdb.org/t/p/w500/1gDV0Lm9y8ufIKzyf0h0GBgb9Zj.jpg
23049,My Life in Ruins,https://image.tmdb.org/t/p/w500/f695mVyU0LyBb99rx7zkrtFcpxR.jpg
9310,American Dreamz,https://image.tmdb.org/t/p/w500/qwRbRvfJR7jjsaGfS741Tl3DRr7.jpg
11411,Superman IV: The Quest for Peace,https://image.tmdb.org/t/p/w500/nJFBeU1oKIaIoLVyQYUeB36DW55.jpg
16988,How She Move,https://image.tmdb.org/t/p/w500/xbQnpPZZXfuYcYs4n1AgH0Tjgi6.jpg
7304,Running Scared,https://image.tmdb.org/t/p/w500/f2LU6M8wFmt6G1fzv9JFWbIkRd9.jpg
24747,Bobby Jones: Stroke of Genius,https://image.tmdb.org/t/p/w500/wzbV4jsCWZqOEAmyjjGemLNZbK7.jpg
58048,Shanghai Surprise,https://image.tmdb.org/t/p/w500/8zsU3Vq9FG9Q0kTEYrl0CWDlvX2.jpg
1491,The Illusionist,https://image.tmdb.org/t/p/w500/1O9jUvqkHaGBMVRyOJz1AlkmALW.jpg
2989,Roar,https://image.tmdb.org/t/p/w500/7AoDfoRDQ0hfoyasvl0J2PIFUJ0.jpg
10629,Veronica Guerin,https://image.tmdb.org/t/p/w500/1aJYz1YjcZggKsTJhCcYJ3adtcm.jpg
255343,Escobar: Paradise Lost,https://image.tmdb.org/t/p/w500/4HngNLzCmUYCPB8FbxSZWN0eDKM.jpg
4723,Southland Tales,https://image.tmdb.org/t/p/w500/7dbIDQ80z4bxiDlAvxRwc5TI44C.jpg
10800,Dragon Hunters,https://image.tmdb.org/t/p/w500/bhHhTCh43aT3kAeknSd5T5BcZcJ.jpg
25763,Damnation Alley,https://image.tmdb.org/t/p/w500/le6eG9xm7xmDWvnQIRK7prH5U69.jpg
79694,The Apparition,https://image.tmdb.org/t/p/w500/jO45nIEQMWHE0I68aGls3mRJR8M.jpg
4032,My Girl,https://image.tmdb.org/t/p/w500/qyJJNHteA7BUwQSey05t7qP4vRV.jpg
18615,Fur: An Imaginary Portrait of Diane Arbus,https://image.tmdb.org/t/p/w500/62Owq5NVXvhgEqTklu1oMwTWQUL.jpg
10673,Wall Street,https://image.tmdb.org/t/p/w500/2tQYq9ntzn2dEwDIGLBSipYPenv.jpg
4584,Sense and Sensibility,https://image.tmdb.org/t/p/w500/9YdQ73YmvInxpXZVNjEKePw9tRO.jpg
2977,Becoming Jane,https://image.tmdb.org/t/p/w500/yHA6JEn57MBGp2yGFgYyopJvk2O.jpg
10760,Sydney White,https://image.tmdb.org/t/p/w500/ce3NNmhVZY5NkUe5Y8Je8CciKqf.jpg
11093,House of Sand and Fog,https://image.tmdb.org/t/p/w500/hLxSOukLfC4j5pNbdE7lqaw8KgL.jpg
207,Dead Poets Society,https://image.tmdb.org/t/p/w500/tNvKkSnnn4Z6RCBThyK1gfCSSvv.jpg
8467,Dumb and Dumber,https://image.tmdb.org/t/p/w500/4LdpBXiCyGKkR8FGHgjKlphrfUc.jpg
639,When Harry Met Sally...,https://image.tmdb.org/t/p/w500/rFOiFUhTMtDetqCGClC9PIgnC1P.jpg
24226,The Verdict,https://image.tmdb.org/t/p/w500/iYEuFP1bpj5yOenKliiRFcNO3VE.jpg
9285,Road Trip,https://image.tmdb.org/t/p/w500/jee4eY5tZprI0V18S6PXUloBzSk.jpg
14709,Varsity Blues,https://image.tmdb.org/t/p/w500/g2jX2Xmx7drbc6J9MLJEBghR7Mg.jpg
74643,The Artist,https://image.tmdb.org/t/p/w500/xYMYV8lMIeQMymuNPBvq3hOnqXw.jpg
13788,The Unborn,https://image.tmdb.org/t/p/w500/42H2aaD5UubsHyWt6zfrFMRP8y1.jpg
83666,Moonrise Kingdom,https://image.tmdb.org/t/p/w500/y4SXcbNl6CEF2t36icuzuBioj7K.jpg
10781,The Texas Chainsaw Massacre: The Beginning,https://image.tmdb.org/t/p/w500/hTBueN0Ru3R7brwtONenDyEMNYe.jpg
318850,The Young Messiah,https://image.tmdb.org/t/p/w500/ubehK1ZnM0NQphchuaMeE4A1BZk.jpg
13908,The Master of Disguise,https://image.tmdb.org/t/p/w500/JFKuKJeHHFFVb0ubpkPIXmkIOg.jpg
1417,Pan's Labyrinth,https://image.tmdb.org/t/p/w500/z7xXihu5wHuSMWymq5VAulPVuvg.jpg
39180,See Spot Run,https://image.tmdb.org/t/p/w500/29iKqRGRcNqhrT710ohxVq5WwcE.jpg
16161,Baby Boy,https://image.tmdb.org/t/p/w500/9dcic3zV5Gq6BQ1Et696qBtp9Xg.jpg
49950,The Roommate,https://image.tmdb.org/t/p/w500/kQZcOn5rDuwpbQTluC4Wm0amYmR.jpg
10956,Joe Dirt,https://image.tmdb.org/t/p/w500/yykDEtHk6DMtZK8EaxW88YyQ054.jpg
9594,Double Impact,https://image.tmdb.org/t/p/w500/tmzwvSqoMC37Tgqwj4mA2dHNSmw.jpg
4638,Hot Fuzz,https://image.tmdb.org/t/p/w500/zPib4ukTSdXvHP9pxGkFCe34f3y.jpg
13972,The Women,https://image.tmdb.org/t/p/w500/fqQksnbEfmUGL0zj3MIb53euAh6.jpg
5038,Vicky Cristina Barcelona,https://image.tmdb.org/t/p/w500/ekAIg0GSbbHTH7y1GPgWj0brLTW.jpg
13491,Arn: The Knight Templar,https://image.tmdb.org/t/p/w500/kN8C9K9bSQ01lItuEqYzROYErAX.jpg
10571,Boys and Girls,https://image.tmdb.org/t/p/w500/gdVnV2wSESbgrXX4uRD3J0D8dBo.jpg
10994,White Oleander,https://image.tmdb.org/t/p/w500/pOdmhUaqvg4twAHqrhL5Onjgalb.jpg
19994,Jennifer's Body,https://image.tmdb.org/t/p/w500/wrkjsGcFJxcQqR56kJUYAEKKg2T.jpg
25166,Drowning Mona,https://image.tmdb.org/t/p/w500/iuN2SXCGPIlC7pAPCOzqAdeaDji.jpg
30890,Radio Days,https://image.tmdb.org/t/p/w500/ljZ3yyYznAiq1vF6nHITdJn6qXB.jpg
23169,Remember Me,https://image.tmdb.org/t/p/w500/j7umuMiLCHvWT7wYhFKJOTFSokF.jpg
17403,How to Deal,https://image.tmdb.org/t/p/w500/pD87iTm4MP7JNcxIUssAbpri8nF.jpg
12120,My Stepmother is an Alien,https://image.tmdb.org/t/p/w500/SIt5FbgvoxlZr8ay3cfi79pV6z.jpg
9800,Philadelphia,https://image.tmdb.org/t/p/w500/tFe5Yoo5zT495okA49bq1vPPkiV.jpg
1090,The Thirteenth Floor,https://image.tmdb.org/t/p/w500/7oaie3ZBc9UuWZLF24crro1pone.jpg
18475,The Cookout,https://image.tmdb.org/t/p/w500/t5UL6yNoZmirS9RHO4C0HpsVlo8.jpg
40160,Meteor,https://image.tmdb.org/t/p/w500/xMUuS1KFHRTFSf3PAY2tsbBdqkL.jpg
18074,Duets,https://image.tmdb.org/t/p/w500/isxHRG54S1bz1A1CAlPaAAoh65k.jpg
9689,Hollywood Ending,https://image.tmdb.org/t/p/w500/aDRbdtNoTRoYnIpH3g1icGeHGBh.jpg
9781,Detroit Rock City,https://image.tmdb.org/t/p/w500/jedOctnsD20K4IvOeh5jG811B8L.jpg
8009,Highlander,https://image.tmdb.org/t/p/w500/8Z8dptJEypuLoOQro1WugD855YE.jpg
3877,Things We Lost in the Fire,https://image.tmdb.org/t/p/w500/fyMziX8tPzPSguUgOpKWkKK322S.jpg
8854,Steel,https://image.tmdb.org/t/p/w500/ufA7d5LT2rGj58KaZErPhcMkJ4U.jpg
152599,The Immigrant,https://image.tmdb.org/t/p/w500/ArWRRQYeXL3nG4jYpMOPoBvgmy9.jpg
18840,The White Countess,https://image.tmdb.org/t/p/w500/65AKidOOKrfyQkiVYtkgDJVM4CA.jpg
68727,Trance,https://image.tmdb.org/t/p/w500/rR3F4fIn0JUJa1hlq2focd2W3zH.jpg
12657,Soul Plane,https://image.tmdb.org/t/p/w500/b5Rzb5JUwPinllWGYUYER3OV14F.jpg
8265,Welcome to the Sticks,https://image.tmdb.org/t/p/w500/cnUkc60SkI1PCY1SyfLFpZc0T7C.jpg
12410,Good,https://image.tmdb.org/t/p/w500/AgNssumEnPaT6kzzJyj4oLypOOG.jpg
34647,Enter the Void,https://image.tmdb.org/t/p/w500/krKnsfvSJM1PL40tLicRhVQ6kuG.jpg
73935,Vamps,https://image.tmdb.org/t/p/w500/43nUqYJMyqS9HbgD9XoKDvaz6AC.jpg
28178,Hachi: A Dog's Tale,https://image.tmdb.org/t/p/w500/lsy3aEsEfYIHdLRk4dontZ4s85h.jpg
185567,Zulu,https://image.tmdb.org/t/p/w500/h5OZD7pVkIKR5jf4lGFzQQrLmLc.jpg
264656,The Homesman,https://image.tmdb.org/t/p/w500/eGpuOhkm1wG2AxEJShazH5NVGAO.jpg
35696,Juwanna Mann,https://image.tmdb.org/t/p/w500/1m5sbTbifesBhCrkE0gJncwMGXw.jpg
16351,Ararat,https://image.tmdb.org/t/p/w500/kQkn715VQYLIs2nddAUf19Bz5Wj.jpg
38717,Madison,https://image.tmdb.org/t/p/w500/hlZUHqnwcOv5yPXW7BmguKedNP.jpg
18777,Slow Burn,https://image.tmdb.org/t/p/w500/ho43ENDjPpkuMZvBsGTV1STFFik.jpg
2110,Wasabi,https://image.tmdb.org/t/p/w500/uo3MBDwn3o32GJzFyClm7r1ierb.jpg
9035,Slither,https://image.tmdb.org/t/p/w500/zNlJvCY3Pz7SE09Lf4G7uPs5XFZ.jpg
90,Beverly Hills Cop,https://image.tmdb.org/t/p/w500/eBJEvKkhQ0tUt1dBAcTEYW6kCle.jpg
771,Home Alone,https://image.tmdb.org/t/p/w500/onTSipZ8R3bliBdKfPtsDuHTdlL.jpg
12154,Three Men and a Baby,https://image.tmdb.org/t/p/w500/oYetboAljWR2N5A7MU3i63DvUtd.jpg
9576,Tootsie,https://image.tmdb.org/t/p/w500/ngyCzZwb9y5sMUCig5JQT4Y33Q.jpg
744,Top Gun,https://image.tmdb.org/t/p/w500/xUuHj3CgmZQ9P2cMaqQs4J0d4Zc.jpg
146,"Crouching Tiger, Hidden Dragon",https://image.tmdb.org/t/p/w500/iNDVBFNz4XyYzM9Lwip6atSTFqf.jpg
14,American Beauty,https://image.tmdb.org/t/p/w500/wby9315QzVKdW9BonAefg8jGTTb.jpg
45269,The King's Speech,https://image.tmdb.org/t/p/w500/pVNKXVQFukBaCz6ML7GH3kiPlQP.jpg
9493,Twins,https://image.tmdb.org/t/p/w500/stJx9BQZbXrZnTGf9Erc7d2UMVc.jpg
22556,The Yellow Handkerchief,https://image.tmdb.org/t/p/w500/nYX4UmT6sIQFjPReliYFZ2IuGCj.jpg
873,The Color Purple,https://image.tmdb.org/t/p/w500/6bvxkcTAXyqxGRwo38mxw92D6Xr.jpg
33196,Tidal Wave,https://image.tmdb.org/t/p/w500/1mE5jde5SJqUnZ58MAweW9GuhzK.jpg
205596,The Imitation Game,https://image.tmdb.org/t/p/w500/zSqJ1qFq8NXFfi7JeIYMlzyR0dx.jpg
10765,Private Benjamin,https://image.tmdb.org/t/p/w500/maIiPNXddZXKHQCi0HyULd5kces.jpg
16769,Coal Miner's Daughter,https://image.tmdb.org/t/p/w500/bzHFDAdUad4QcHPi2UOqvaQKNWA.jpg
33217,Diary of a Wimpy Kid,https://image.tmdb.org/t/p/w500/iLAGiPnSuODt9cn332bkFElrRig.jpg
132232,Mama,https://image.tmdb.org/t/p/w500/eo8BhR8Q5STmWE9sMLsEPagxmy6.jpg
11153,National Lampoon's Vacation,https://image.tmdb.org/t/p/w500/q3DvoqY06yZnRp9faH6uge7n7VP.jpg
208134,Bad Grandpa,https://image.tmdb.org/t/p/w500/dDSMzBEaM0LYSy9Muo0zsCo77Vh.jpg
1165,The Queen,https://image.tmdb.org/t/p/w500/v08RH5Cx9EFAQMBWQuE5jHAgHYs.jpg
4011,Beetlejuice,https://image.tmdb.org/t/p/w500/nnl6OWkyPpuMm595hmAxNW3rZFn.jpg
17202,Why Did I Get Married?,https://image.tmdb.org/t/p/w500/9kmqgVuELTEoMt0dqRt3H48VcOM.jpg
9587,Little Women,https://image.tmdb.org/t/p/w500/1ZzH1XMcKAe5NdrKL5MfcqZHHsZ.jpg
65086,The Woman in Black,https://image.tmdb.org/t/p/w500/nghQnDZE4EsQJ4J4zxR3UqItTpO.jpg
10053,When a Stranger Calls,https://image.tmdb.org/t/p/w500/r5FAdQAtgRpHuSI4x5ydvcVHuFz.jpg
11870,Big Fat Liar,https://image.tmdb.org/t/p/w500/3EjpQeyOpH8VIaWqIq6SpCQrCks.jpg
11778,The Deer Hunter,https://image.tmdb.org/t/p/w500/bbGtogDZOg09bm42KIpCXUXICkh.jpg
586,Wag the Dog,https://image.tmdb.org/t/p/w500/wyQDucg22FivG3Rz7CpaOY64eMr.jpg
18736,The Lizzie McGuire Movie,https://image.tmdb.org/t/p/w500/pLi6nOT95LHgCBicakNagC41uFM.jpg
134411,Snitch,https://image.tmdb.org/t/p/w500/1suKSCm8gVUIIOh4MgtWAtzkMe4.jpg
287903,Krampus,https://image.tmdb.org/t/p/w500/sAolMRD9rFSTU7tssfFuLEJJa7w.jpg
9276,The Faculty,https://image.tmdb.org/t/p/w500/5XetJwmAiDC0EtH23NIXaqFn3Wl.jpg
15765,What's Love Got to Do with It,https://image.tmdb.org/t/p/w500/btC4819GhihmkCELqO3qgepNGos.jpg
2142,Cop Land,https://image.tmdb.org/t/p/w500/dyOqXyPCQh8VF0KA5aelBCCQond.jpg
11397,Not Another Teen Movie,https://image.tmdb.org/t/p/w500/9ZaGxvj1mqdKVLpSloq4mzS7SK6.jpg
77016,End of Watch,https://image.tmdb.org/t/p/w500/pDeVKQICkcdwwjHxGj0MeS14YJ6.jpg
11478,The Skulls,https://image.tmdb.org/t/p/w500/pYuggibfzm8LWgjnUKMMtii2430.jpg
266856,The Theory of Everything,https://image.tmdb.org/t/p/w500/7kwcLFNt887saoQAL7EY0XnW7VI.jpg
13411,Malibu's Most Wanted,https://image.tmdb.org/t/p/w500/bjYuoz2S8S1AED5QIMvmAi21drc.jpg
10564,Where the Heart Is,https://image.tmdb.org/t/p/w500/3iyT5W3PjDKMKVS1vfAnDLeSXh2.jpg
947,Lawrence of Arabia,https://image.tmdb.org/t/p/w500/AiAm0EtDvyGqNpVoieRw4u65vD1.jpg
24150,Halloween II,https://image.tmdb.org/t/p/w500/vSHPM4LQDpWdQrD5KZWK6wNqSOD.jpg
228970,Wild,https://image.tmdb.org/t/p/w500/ohhWI4Xwf4m4HjbQiIkyAhLekUy.jpg
18405,The Last House on the Left,https://image.tmdb.org/t/p/w500/2Y35XCUS8U8vC8vs0HDEVkPu1BM.jpg
6961,The Wedding Date,https://image.tmdb.org/t/p/w500/x3o3VMEdwct54uLZmuzI4iyi2Zh.jpg
11442,Halloween: Resurrection,https://image.tmdb.org/t/p/w500/1mlKwbNzJCGzqe4i0ZEJtUUL290.jpg
2493,The Princess Bride,https://image.tmdb.org/t/p/w500/2FC9L9MrjBoGHYjYZjdWQdopVYb.jpg
14047,The Great Debaters,https://image.tmdb.org/t/p/w500/nuF3DDlZzNb2qq0tEsYU0zpXf8K.jpg
64690,Drive,https://image.tmdb.org/t/p/w500/602vevIURmpDfzbnv5Ubi6wIkQm.jpg
11132,Confessions of a Teenage Drama Queen,https://image.tmdb.org/t/p/w500/nQA9Ozh9ftLQyJvuKy6sl5zSlH2.jpg
17127,The Object of My Affection,https://image.tmdb.org/t/p/w500/2mA6QEdzhsftNIFV11SGsQLJvJR.jpg
1562,28 Weeks Later,https://image.tmdb.org/t/p/w500/oix0aNv1lvW3nUGspUyvSIBlpbs.jpg
232679,When the Game Stands Tall,https://image.tmdb.org/t/p/w500/ffVhh4sBLpJCu875v6hwLJN5VNR.jpg
17880,Because of Winn-Dixie,https://image.tmdb.org/t/p/w500/4YiXfOorYunAc8w8ZhTzavoNsxl.jpg
14736,Love & Basketball,https://image.tmdb.org/t/p/w500/zNZWNX19FZ5QyedprVM0ldsXFiP.jpg
9434,Grosse Pointe Blank,https://image.tmdb.org/t/p/w500/7lQ0MSNQqBTYpXTTZL82u1n95Z3.jpg
23706,All About Steve,https://image.tmdb.org/t/p/w500/k7lmf0OeOpQLUoTRLG7e5JZ7H4B.jpg
11531,Book of Shadows: Blair Witch 2,https://image.tmdb.org/t/p/w500/l1jF93S9FYbzp3Byh5VUA1KApSJ.jpg
9100,The Craft,https://image.tmdb.org/t/p/w500/8bW2RdRkloYtEPhbQZN4wcdmJP4.jpg
116,Match Point,https://image.tmdb.org/t/p/w500/vHjEVTD8ucuwKSFOZJeyAnTZYli.jpg
38843,Ramona and Beezus,https://image.tmdb.org/t/p/w500/bW1YWFyocIY8DDgwOUroZG2FYNe.jpg
1245,The Remains of the Day,https://image.tmdb.org/t/p/w500/uDGDtqSvuch324WnM7Ukdp1bCAQ.jpg
4995,Boogie Nights,https://image.tmdb.org/t/p/w500/wnE24UPCPQsQnbBOu4zVE2qaDNm.jpg
10413,Nowhere to Run,https://image.tmdb.org/t/p/w500/a2FGbyzk2dTAlu37iGeQBbUjLLE.jpg
14012,Flicka,https://image.tmdb.org/t/p/w500/nhJlXSmiHnlVxea5J5l3wfuATwY.jpg
9793,The Hills Have Eyes 2,https://image.tmdb.org/t/p/w500/3SX2UGSmAjIZsVACpshPpKtjbDr.jpg
12212,Urban Legends: Final Cut,https://image.tmdb.org/t/p/w500/9kjGrnhMz37RYEd5BFcrU1qkPkl.jpg
13768,Tuck Everlasting,https://image.tmdb.org/t/p/w500/9BXAC4uTHuD37hpiGOmhetqNgnO.jpg
8975,The Marine,https://image.tmdb.org/t/p/w500/pONyvBJwHNg5CWu7mtsv4qaq75C.jpg
342521,Keanu,https://image.tmdb.org/t/p/w500/uswOLfIUdDjqSz1x28GR72ffhff.jpg
45272,Country Strong,https://image.tmdb.org/t/p/w500/6C95tD92E9xm5poyyzs37bYemM0.jpg
9424,Disturbing Behavior,https://image.tmdb.org/t/p/w500/uAhvaueOUUQ6ORCRdsJr1WXz1w0.jpg
97367,The Place Beyond the Pines,https://image.tmdb.org/t/p/w500/vY5j2xQzMGWmxBuhQo0HfA4Lxqb.jpg
254904,The November Man,https://image.tmdb.org/t/p/w500/4ejNFbCgLMDAuy7jFQmc7cr6UAW.jpg
18681,Eye of the Beholder,https://image.tmdb.org/t/p/w500/4eB1Gw5r3Etbe4su6PhOo6OAN9E.jpg
12162,The Hurt Locker,https://image.tmdb.org/t/p/w500/io2dfBJhasvGbgkCX9cCGVOiA99.jpg
11495,Firestarter,https://image.tmdb.org/t/p/w500/2ux5lqNuibd8eOkwwUhzfzAJBqD.jpg
64689,Killing Them Softly,https://image.tmdb.org/t/p/w500/heaz45kpFa4Oa7iLis0OBas68ls.jpg
157849,A Most Wanted Man,https://image.tmdb.org/t/p/w500/6B76Z5Ct758RfKFoFg37skVRiMp.jpg
13166,Freddy Got Fingered,https://image.tmdb.org/t/p/w500/gVmSZgxiT7ynyRLsEgg8Xs8ZVWX.jpg
15511,VeggieTales: The Pirates Who Don't Do Anything,https://image.tmdb.org/t/p/w500/hwawxSwOkjeld4eQLSkIyyYNnqO.jpg
37003,U2 3D,https://image.tmdb.org/t/p/w500/5OT1s7NOpnJ5IVlpe5hGC7dYGoK.jpg
12211,Highlander: Endgame,https://image.tmdb.org/t/p/w500/u7kIXMyagqcek2SaS9svfPTTGVT.jpg
13816,Idlewild,https://image.tmdb.org/t/p/w500/d1KW3hrGAJCsvs2GC2MCkYebD2u.jpg
51828,One Day,https://image.tmdb.org/t/p/w500/n9jMwSg4IavdD8wqdYnyW5w3Mvp.jpg
22798,Whip It,https://image.tmdb.org/t/p/w500/iRUviw0Dxs0FZI1IcSDYFX02i8s.jpg
7501,Knockaround Guys,https://image.tmdb.org/t/p/w500/oYqsIxxIfJMRHiNEMLzgG81brkY.jpg
10743,Confidence,https://image.tmdb.org/t/p/w500/yJzmAtY9DmhhjJwFnW0Zjlvz6yg.jpg
37718,The Muse,https://image.tmdb.org/t/p/w500/hmtvDW52V3EuFmbhTOLjaGMYCDx.jpg
15237,De-Lovely,https://image.tmdb.org/t/p/w500/QBqiBQW7MGqlDSyvid4fKzS0Xz.jpg
9686,New York Stories,https://image.tmdb.org/t/p/w500/mViGEH5dfsAnUgJmce1RJkFycAi.jpg
17644,Barney's Great Adventure,https://image.tmdb.org/t/p/w500/tSadXiI88soRyS4mcSr7PsKWaqN.jpg
97430,The Man with the Iron Fists,https://image.tmdb.org/t/p/w500/nHgkRj6Igx3QsHmTyF4oAfBjAE7.jpg
12257,Home Fries,https://image.tmdb.org/t/p/w500/rXEpaJIPlBqKq7QepB8uowmeAT2.jpg
13539,Here On Earth,https://image.tmdb.org/t/p/w500/shvubL3pIrCyEK22ZHrx00oNtCY.jpg
68,Brazil,https://image.tmdb.org/t/p/w500/aewan59WcFThBimkTVVoNf2o5Vb.jpg
14024,Raise Your Voice,https://image.tmdb.org/t/p/w500/89sfBkVOsgFRPs6uKaBtSMCDSv3.jpg
115,The Big Lebowski,https://image.tmdb.org/t/p/w500/3bv6WAp6BSxxYvB5ozKFUYuRA8C.jpg
7874,Black Snake Moan,https://image.tmdb.org/t/p/w500/8Yv7kxsqXSe4ZHl8uJEhmsPjhAP.jpg
4911,Dark Blue,https://image.tmdb.org/t/p/w500/ekW39lKhQ3L3rdOgzyF3d0CoPLV.jpg
1988,A Mighty Heart,https://image.tmdb.org/t/p/w500/z5f7KPg8vqqYXtaF0wUkSWryDIg.jpg
16222,Whatever It Takes,https://image.tmdb.org/t/p/w500/u9UtZNMj2m7dtOP6RcMAeRfqmnF.jpg
9557,Boat Trip,https://image.tmdb.org/t/p/w500/xHFJt9nEfVIUItBfKZr7qhbgveL.jpg
9026,The Importance of Being Earnest,https://image.tmdb.org/t/p/w500/87r4e4pL4STfpdjtqNZxlyjvcMd.jpg
57943,The Love Letter,https://image.tmdb.org/t/p/w500/q7DKV2pIP6u5WvXIdUl2VA5hz3l.jpg
18276,Hoot,https://image.tmdb.org/t/p/w500/99VEv4lpXbV4VF9aWH8lzQaEVVU.jpg
8321,In Bruges,https://image.tmdb.org/t/p/w500/vz3Vd6nfq9YZrVvyYx5RHFaYKV3.jpg
72359,Peeples,https://image.tmdb.org/t/p/w500/6ZBSsBfxKK5GdTzz1BOKGl4BnzJ.jpg
10186,The Rocker,https://image.tmdb.org/t/p/w500/wzgFC7jOEMtf9D6CSdI7ckUMtwU.jpg
25704,Post Grad,https://image.tmdb.org/t/p/w500/yM1QcAtEGkzAM3HFznXj8kvjyDk.jpg
133694,Promised Land,https://image.tmdb.org/t/p/w500/5C0b6Wu4Z0V4NuA1cD8SZU7FCkb.jpg
19265,Whatever Works,https://image.tmdb.org/t/p/w500/upIYOZbiutCBnvejGYaZlJxxKcs.jpg
36047,The In Crowd,https://image.tmdb.org/t/p/w500/j77l405846qiLb8RGb1egu7ON3r.jpg
8053,The Three Burials of Melquiades Estrada,https://image.tmdb.org/t/p/w500/uHOEb6mo45qMSJaZqbkVa7oW1Y7.jpg
2290,Jakob the Liar,https://image.tmdb.org/t/p/w500/vvwsvPyQFuQbKKfzNgoRhAcL5ml.jpg
5236,Kiss Kiss Bang Bang,https://image.tmdb.org/t/p/w500/aWfjIkpENFX6Uw82pET7EQ6jnrd.jpg
6552,Idle Hands,https://image.tmdb.org/t/p/w500/mCO4gU1lkViGXTkoRBEYrvjDIJu.jpg
1018,Mulholland Drive,https://image.tmdb.org/t/p/w500/x7A59t6ySylr1L7aubOQEA480vM.jpg
10075,Blood and Chocolate,https://image.tmdb.org/t/p/w500/mzNe2RAZi19Uk1eqj8fE9oPkP1d.jpg
38031,You Will Meet a Tall Dark Stranger,https://image.tmdb.org/t/p/w500/oBhnI8UZQzTkAH1LMEtrBUmfpjS.jpg
42188,Never Let Me Go,https://image.tmdb.org/t/p/w500/8F0r5ng9Fp60OhzQfR5v33fppq.jpg
112430,The Company,
6687,Transsiberian,https://image.tmdb.org/t/p/w500/dhTOda5CLp9tEdDzQZiqBTdv5lR.jpg
13853,The Clan of the Cave Bear,https://image.tmdb.org/t/p/w500/jbftdduVujKeoib5fwDBbEMamdj.jpg
31306,Crazy in Alabama,https://image.tmdb.org/t/p/w500/bAlevqRg9KG9y725tt4YkNajLrk.jpg
8461,Funny Games,https://image.tmdb.org/t/p/w500/zs92sAOh3Q0kDIJkgaJFTBzSFka.jpg
331592,Listening,https://image.tmdb.org/t/p/w500/yrmNdnf0njvaH5TrX8wuHJdtIis.jpg
47692,Felicia's Journey,https://image.tmdb.org/t/p/w500/itqEwiINuYvaqvFKw5YWitnqAUc.jpg
19,Metropolis,https://image.tmdb.org/t/p/w500/kr9wXRN23zLuWJIelahas1mtnYj.jpg
10045,District B13,https://image.tmdb.org/t/p/w500/uYIDJ15RLBsFFBSAkqjIirZCgVi.jpg
400,Things to Do in Denver When You're Dead,https://image.tmdb.org/t/p/w500/3LxYzYybOVpnw0juCSlNL5cj8NK.jpg
253450,The Assassin,https://image.tmdb.org/t/p/w500/10RcGMfzg2lIW1aLcR4ILfNbHK2.jpg
9104,Buffalo Soldiers,https://image.tmdb.org/t/p/w500/qNl4T8xxC0xDeX8JFJVCBzH4Kg8.jpg
11190,The Return,https://image.tmdb.org/t/p/w500/7V8iHBs34cPYw7ohpLqliF9x8Gv.jpg
16353,Ong Bak 2,https://image.tmdb.org/t/p/w500/l6bfgohUpmhQtlhL0qREEuTLxjA.jpg
23759,Centurion,https://image.tmdb.org/t/p/w500/9ZdfrcP2QCqoRSk7JF06tDWtrhP.jpg
24206,Silent Trigger,https://image.tmdb.org/t/p/w500/9ij2MMLgfEahM4H0gnYDBQ8B5Gs.jpg
10185,The Midnight Meat Train,https://image.tmdb.org/t/p/w500/x5YbfyUA8huK0shr008xwzNVJ5Y.jpg
75033,Winnie Mandela,https://image.tmdb.org/t/p/w500/42VAbyctqy6VmwlHjQB73E2pnFB.jpg
74536,The Son of No One,https://image.tmdb.org/t/p/w500/koxJAJTPTKzMxKu3vVhPvoZc4w6.jpg
31668,All The Queen's Men,https://image.tmdb.org/t/p/w500/oU5qvvUCj1DTCk2kKKTPQDIx7nd.jpg
13501,The Good Night,https://image.tmdb.org/t/p/w500/74TDF1OMKOkTonAUbtbsJOdqtVy.jpg
15208,Bathory: Countess of Blood,https://image.tmdb.org/t/p/w500/qZsQ02liDzz9Ydb1dzFwLxef7me.jpg
172391,Khumba,https://image.tmdb.org/t/p/w500/bG32hRPM9LguHXj2tbyeILJisOK.jpg
262543,Automata,https://image.tmdb.org/t/p/w500/h7SEtIWOfLsuCWhQgflev7ppRPq.jpg
9288,Dungeons & Dragons: Wrath of the Dragon God,https://image.tmdb.org/t/p/w500/n5PV0sV4Nd0eCZMcRfipeNhTpmz.jpg
370980,Chiamatemi Francesco - Il Papa della gente,https://image.tmdb.org/t/p/w500/eOFLjnUmxBhjtaKBhEB681TCHoX.jpg
20083,Shinjuku Incident,https://image.tmdb.org/t/p/w500/8zWliijoTsk3kUdUJpbjqWgV617.jpg
40880,Pandaemonium,https://image.tmdb.org/t/p/w500/dO7wct6RAdDKEaQrA9IYD4BsKJL.jpg
137,Groundhog Day,https://image.tmdb.org/t/p/w500/gCgt1WARPZaXnq523ySQEUKinCs.jpg
264999,Magic Mike XXL,https://image.tmdb.org/t/p/w500/jkuCNd3wOmf4sDlZ89HEt8jmsqr.jpg
454,Romeo + Juliet,https://image.tmdb.org/t/p/w500/eLf4jclPijOqfEp6bDAmezRFxk5.jpg
53457,Sarah's Key,https://image.tmdb.org/t/p/w500/peGUaf6HrX7jSi1HifX64QJb7pm.jpg
288980,Freedom,https://image.tmdb.org/t/p/w500/j94GeQu4CBSmvaxzmsRRGvRGvsT.jpg
33,Unforgiven,https://image.tmdb.org/t/p/w500/54roTwbX9fltg85zjsmrooXAs12.jpg
1951,Manderlay,https://image.tmdb.org/t/p/w500/6HYoHEcLNgETHlJDyQrC4Y7e01.jpg
12405,Slumdog Millionaire,https://image.tmdb.org/t/p/w500/5leCCi7ZF0CawAfM5Qo2ECKPprc.jpg
10998,Fatal Attraction,https://image.tmdb.org/t/p/w500/vjB9XwJKnYqFKKjhWcE6WpAf5Ki.jpg
114,Pretty Woman,https://image.tmdb.org/t/p/w500/hVHUfT801LQATGd26VPzhorIYza.jpg
9396,Crocodile Dundee II,https://image.tmdb.org/t/p/w500/2Nf0xeDuToLHysdkWj3aT5r42rC.jpg
319910,Broken Horses,https://image.tmdb.org/t/p/w500/y75BF30IZX2VcU31YAkEdmjhDy6.jpg
2604,Born on the Fourth of July,https://image.tmdb.org/t/p/w500/c5gSie6ZA90iBs62yNM5MV4y9R7.jpg
864,Cool Runnings,https://image.tmdb.org/t/p/w500/6fXuGEb7EqGmAeUodxm7l5ELPZ.jpg
14435,My Bloody Valentine,https://image.tmdb.org/t/p/w500/9biIVOMTdvv4aj4a5HClmrK5EHB.jpg
1931,Stomp the Yard,https://image.tmdb.org/t/p/w500/dald9tUbRmGQ91CUJnzaBAjjvUf.jpg
691,The Spy Who Loved Me,https://image.tmdb.org/t/p/w500/3ZxHKFxMYvAko680DsRgAZKWcLi.jpg
9877,Urban Legend,https://image.tmdb.org/t/p/w500/dUvZDNU9G0njhM628NA5phASntq.jpg
62008,Good Deeds,https://image.tmdb.org/t/p/w500/vIiWJq4WPcTfaIH8VkVlU2irzXo.jpg
12227,White Fang,https://image.tmdb.org/t/p/w500/27wg0rVZW8hX7nWeHCwTf9DygGc.jpg
13824,Superstar,https://image.tmdb.org/t/p/w500/vfBUCPe6wgt3SwNP7dKlqh8xeyO.jpg
71688,The Iron Lady,https://image.tmdb.org/t/p/w500/fx7wpKXOht7WOkeOslvErbrf69Q.jpg
15173,Jonah: A VeggieTales Movie,https://image.tmdb.org/t/p/w500/xJ6ImpQIqZxBh4eE2813ljQ0TQ3.jpg
8291,Poetic Justice,https://image.tmdb.org/t/p/w500/6jE7Vzh3edBQtbbDcF4AC5gMX2g.jpg
13950,All About the Benjamins,https://image.tmdb.org/t/p/w500/sO7IpJHjZBGLevi8Ozj9EsAUw5h.jpg
12158,Vampire in Brooklyn,https://image.tmdb.org/t/p/w500/fodPA5x3REtOwColG17CucreZqM.jpg
11586,Exorcist II: The Heretic,https://image.tmdb.org/t/p/w500/g9i3LTMYLRHvCYSKimZEfd1Vqy7.jpg
10008,An American Haunting,https://image.tmdb.org/t/p/w500/5ePaCimd7cA9zYNib8WfIbWnrCf.jpg
2830,My Boss's Daughter,https://image.tmdb.org/t/p/w500/6z6ehjP1GyMLFeja9pHGGZb9B2.jpg
12403,A Perfect Getaway,https://image.tmdb.org/t/p/w500/ncuGG0hIlA03dQBJmdoT2LWgodG.jpg
34563,Our Family Wedding,https://image.tmdb.org/t/p/w500/zvRn8aM9lmuBbbJVJgxZl41zarB.jpg
14557,Dead Man on Campus,https://image.tmdb.org/t/p/w500/mTr7ARy7lj8ggvg6snLWDo3CnEu.jpg
10368,Tea with Mussolini,https://image.tmdb.org/t/p/w500/i3rAPxhhDjqsL1rZJM57pyR7xFW.jpg
10280,Thinner,https://image.tmdb.org/t/p/w500/qGj0B5yx9FPTjTKODOUzccjhG5F.jpg
12637,"New York, New York",https://image.tmdb.org/t/p/w500/1nD40aUcPAxYdE1WxERrTjZuFGe.jpg
34152,Crooklyn,https://image.tmdb.org/t/p/w500/iFqe07F78SO0SIBzWcK4I5MwNvP.jpg
14434,I Think I Love My Wife,https://image.tmdb.org/t/p/w500/lJHg7ExSTszC8ItsufcmSPeN0vW.jpg
11470,Jason X,https://image.tmdb.org/t/p/w500/ggOND0hfoE0f3K857joSzEeIchb.jpg
10741,Bobby,https://image.tmdb.org/t/p/w500/ea6aSTUFQopOW7kWFZB9AvMYnbs.jpg
24940,Head Over Heels,https://image.tmdb.org/t/p/w500/n5Ln7UmgKThD3QhPC6JS6WZgCXJ.jpg
82679,Fun Size,https://image.tmdb.org/t/p/w500/h9DYic4zo3Oweb11009FmqZBxN4.jpg
2013,The Diving Bell and the Butterfly,https://image.tmdb.org/t/p/w500/6NkJ4gnLrvLj0PZDW6sNM85JMbj.jpg
1440,Little Children,https://image.tmdb.org/t/p/w500/l2wTSP0Ifo9vY03nJEfkFBbT2S9.jpg
18041,Gossip,https://image.tmdb.org/t/p/w500/1fyQiQyBFlqjeqgT6sAEh5vo4Fe.jpg
28029,A Walk on the Moon,https://image.tmdb.org/t/p/w500/6aNMyAP82sDoVFmopFzGDWeVVne.jpg
1123,Catch a Fire,https://image.tmdb.org/t/p/w500/2sgujWX2yWH7REnDI35ZZXsqPiV.jpg
14033,Soul Survivors,https://image.tmdb.org/t/p/w500/uWmHhtuEgX7oI0FuWR2oD08HRHD.jpg
87729,Jefferson in Paris,https://image.tmdb.org/t/p/w500/vcZCvsm920LoNDb7pMibJkxIE4n.jpg
16899,Easy Virtue,https://image.tmdb.org/t/p/w500/k9bGewoi6SWPTFQfUbn6ve06TY9.jpg
41317,Caravans,https://image.tmdb.org/t/p/w500/bKX4NG5QMuyqDQTAcnpn83Tmokc.jpg
245700,Mr. Turner,https://image.tmdb.org/t/p/w500/rnVhl1PFSOoW5c6UhZJZt5TV98p.jpg
37842,Wild Grass,https://image.tmdb.org/t/p/w500/wLy9Tp03uaQLV5IRHtjAYGiURdW.jpg
9045,Amen.,https://image.tmdb.org/t/p/w500/duNRweZ6PBpFSVNLJYexZ2XEqr0.jpg
44092,Reign of Assassins,https://image.tmdb.org/t/p/w500/jIQAm7YlBoZqllu4gbnagRlO9NY.jpg
16005,The Lucky Ones,https://image.tmdb.org/t/p/w500/zZv0mXxd7kfyKuCLMyS0DFCk0JC.jpg
44754,Margaret,https://image.tmdb.org/t/p/w500/zqBao8uRH6TQAJd13tqC22vPB76.jpg
23988,Stan Helsing,https://image.tmdb.org/t/p/w500/qDlmKahejt0NoQzw65tnLayEhHZ.jpg
43949,Flipped,https://image.tmdb.org/t/p/w500/6zDYFigohwncqFL00MKbFV01dWb.jpg
142,Brokeback Mountain,https://image.tmdb.org/t/p/w500/aByfQOQBNa4CMFwIgq3QrqY2ZHh.jpg
9603,Clueless,https://image.tmdb.org/t/p/w500/8AwVTcgpTnmeOs4TdTWqcFDXEsA.jpg
10712,Far from Heaven,https://image.tmdb.org/t/p/w500/9gQuvFDRPLx39smUvyafm36tp0d.jpg
243938,Hot Tub Time Machine 2,https://image.tmdb.org/t/p/w500/lBroHetSm8RMI8zp7ThpFJsw9E1.jpg
10876,Quills,https://image.tmdb.org/t/p/w500/AvGdw3BpvJV2wHmK2qY0N7XHqET.jpg
86838,Seven Psychopaths,https://image.tmdb.org/t/p/w500/4ukEYAxlSivFcDG6vLxJB6PjTjg.jpg
25208,The Caveman's Valentine,https://image.tmdb.org/t/p/w500/xWjoiGvFZPXuBi93reGblvDHIax.jpg
613,Downfall,https://image.tmdb.org/t/p/w500/cP1ElGjBhbZAAqmueXjHDKlSwiP.jpg
1913,The Sea Inside,https://image.tmdb.org/t/p/w500/mQW1JJKCUg02cmWBzr9JFu9vM1V.jpg
97370,Under the Skin,https://image.tmdb.org/t/p/w500/55wmcXJIDYITr7JDijJTdvwSaAv.jpg
801,"Good Morning, Vietnam",https://image.tmdb.org/t/p/w500/sreISlFUn5TyR41QNjlfAdX5SEW.jpg
70829,The Last Godfather,https://image.tmdb.org/t/p/w500/zLcKGxKn8qgrGaUZAWZY3Nvi5fr.jpg
54518,Justin Bieber: Never Say Never,https://image.tmdb.org/t/p/w500/dGNMD5XTBQN3teIth21ohKOCJcR.jpg
44214,Black Swan,https://image.tmdb.org/t/p/w500/viWheBd44bouiLCHgNMvahLThqx.jpg
240,The Godfather: Part II,https://image.tmdb.org/t/p/w500/sSuQTCZwqKrNBNIsksO9IAUoWP9.jpg
9816,Save the Last Dance,https://image.tmdb.org/t/p/w500/sV8GIxT3BjHIiwgKUNwk1S8VSLa.jpg
10131,A Nightmare on Elm Street 4: The Dream Master,https://image.tmdb.org/t/p/w500/boStYG7jKdoIZTduiOOsUVknD13.jpg
339984,Miracles from Heaven,https://image.tmdb.org/t/p/w500/hz9VF1TfaM0D04pYneSXUkNeOZv.jpg
8859,"Dude, Where’s My Car?",https://image.tmdb.org/t/p/w500/A5FBQplPsSVVvdYn4NHgtWYF8un.jpg
11967,Young Guns,https://image.tmdb.org/t/p/w500/3AgCq7xY1rHRAAn0iVcnNr2OWL.jpg
239563,St. Vincent,https://image.tmdb.org/t/p/w500/1bb7MTHCIPhpKZFysDpxNaNrdMk.jpg
222899,About Last Night,https://image.tmdb.org/t/p/w500/z3dVYQtxXldDawz7d15wqt2PQLe.jpg
4951,10 Things I Hate About You,https://image.tmdb.org/t/p/w500/ujERk3aKABXU3NDXOAxEQYTHe9A.jpg
10985,The New Guy,https://image.tmdb.org/t/p/w500/aekXSzkn3zry6aummMl7AU4rSa8.jpg
9644,National Lampoon's Loaded Weapon 1,https://image.tmdb.org/t/p/w500/moP0nyVWVisqSeH6nMewWyIPV6z.jpg
332567,The Shallows,https://image.tmdb.org/t/p/w500/bnBV7hZmLuA0Si5Aop481sPF2RY.jpg
1954,The Butterfly Effect,https://image.tmdb.org/t/p/w500/ea5iv7TWMh18fOKoRGgmtcg85Gx.jpg
15489,Snow Day,https://image.tmdb.org/t/p/w500/myTnHKy178rrd1oUG3GkEvc641G.jpg
15250,This Christmas,https://image.tmdb.org/t/p/w500/dBuLAw4mRlO83LPA2s4zOlVesUe.jpg
22345,Baby Geniuses,https://image.tmdb.org/t/p/w500/7zvPhjHkz5YEMUMPyvANCR96RJA.jpg
9448,The Big Hit,https://image.tmdb.org/t/p/w500/7b1JP2WE0UrVAy34U7X4UngWtBi.jpg
38223,Harriet the Spy,https://image.tmdb.org/t/p/w500/spTUUMgIVm4gOdWL35IoYWEuZQl.jpg
11186,Child's Play 2,https://image.tmdb.org/t/p/w500/2tPQbPQeHEYAGoXFSW61IWNmoce.jpg
136835,No Good Deed,https://image.tmdb.org/t/p/w500/wcDLqCS70LsPcovieuQrb311Qr1.jpg
5876,The Mist,https://image.tmdb.org/t/p/w500/1CvJ6diBACKPVGOpcWuY4XPQdqX.jpg
264660,Ex Machina,https://image.tmdb.org/t/p/w500/dmJW8IAKHKxFNiUnoDR7JfsK7Rp.jpg
492,Being John Malkovich,https://image.tmdb.org/t/p/w500/31FGQu3OnwdmS4COquENe0vMZc0.jpg
25462,Two Can Play That Game,https://image.tmdb.org/t/p/w500/oDWVsSJMXvDeX9KohSOtfqCFD7e.jpg
238603,Earth to Echo,https://image.tmdb.org/t/p/w500/yiNPza51nLvVTWTB9q4ifzfUlml.jpg
10691,Crazy/Beautiful,https://image.tmdb.org/t/p/w500/1kxn6w6lvKkrhmVxfVqI0cfBmLa.jpg
1251,Letters from Iwo Jima,https://image.tmdb.org/t/p/w500/kZokxQtzMPURvijWYFuvh1fAvnv.jpg
5172,The Astronaut Farmer,https://image.tmdb.org/t/p/w500/19uGc8wW3Ert1QvMYxvnReQkFMc.jpg
58680,Woo,https://image.tmdb.org/t/p/w500/8K1IfJXWPW1N5J6ar8ZOLU47c98.jpg
264644,Room,https://image.tmdb.org/t/p/w500/2hHDMeYyZjbGWn0BeNH1cTMxuM7.jpg
14577,Dirty Work,https://image.tmdb.org/t/p/w500/r6OcS6TQCHal2wHooJhHWSlFzfd.jpg
11592,Serial Mom,https://image.tmdb.org/t/p/w500/3Qlycp68b6TQkC1fMMahpf04Oq8.jpg
16406,Dick,https://image.tmdb.org/t/p/w500/aBG4XoK5xkujl4crloPs6bStl4m.jpg
19052,Light It Up,https://image.tmdb.org/t/p/w500/sHbII8OHz2uoyOpPAVYe0LIJcdN.jpg
3682,54,https://image.tmdb.org/t/p/w500/gLjt54vow8CEOHdgRkQCyXwbq52.jpg
9683,Bubble Boy,https://image.tmdb.org/t/p/w500/tFwvUSc8g0HHvDOBQ2rvC9LWVSj.jpg
2084,Birthday Girl,https://image.tmdb.org/t/p/w500/jrwCiqQjEm3WqxHXxvAoW4gOsUd.jpg
107811,21 & Over,https://image.tmdb.org/t/p/w500/azrjh38R7X9bznCocChvmXTOtF9.jpg
2266,"Paris, je t'aime",https://image.tmdb.org/t/p/w500/mcke8Uvw8QDToAZQ94UGo7VU0g6.jpg
13074,Resurrecting the Champ,https://image.tmdb.org/t/p/w500/rJKTZf2QIhUwvqsfkher1JlLCdZ.jpg
144340,Admission,https://image.tmdb.org/t/p/w500/f3HoCikJxypRtLJptBwvs7L7etE.jpg
48217,The Widow of Saint-Pierre,https://image.tmdb.org/t/p/w500/dFQ2kQA9JlAIO0uL2KkrsmI4o2O.jpg
28211,Chloe,https://image.tmdb.org/t/p/w500/7VC7Q7GvIhEECIU3fiaRf71mxV6.jpg
47502,Faithful,https://image.tmdb.org/t/p/w500/nbDb2ESmcDT2tDpwdgOPPReRSl6.jpg
9950,Find Me Guilty,https://image.tmdb.org/t/p/w500/8M0dkX7jOor7exKor1txoUl9Ynu.jpg
84892,The Perks of Being a Wallflower,https://image.tmdb.org/t/p/w500/aKCvdFFF5n80P2VdS7d8YBwbCjh.jpg
24227,Excessive Force,https://image.tmdb.org/t/p/w500/4DzUkmxUAdlq993UpV0Cw5SiPH3.jpg
9672,Infamous,https://image.tmdb.org/t/p/w500/cIQUn20lUQpi70W0Z7ixezQJ7gj.jpg
44853,The Claim,https://image.tmdb.org/t/p/w500/drpLBTmnMOzDUVAd3jqeLjdolcf.jpg
157544,The Vatican Tapes,https://image.tmdb.org/t/p/w500/eXN0zdTpm772ZCfnCeLAONguqxe.jpg
59678,Attack the Block,https://image.tmdb.org/t/p/w500/wzCMnA6NDruLzgWeqMcLPDrGAdF.jpg
79777,In the Land of Blood and Honey,https://image.tmdb.org/t/p/w500/h1r4qey0K8PG9OgQdDqQcXtMq6c.jpg
158011,The Call,https://image.tmdb.org/t/p/w500/mG334OlDVJpD8gMfTCM2Mpp0gQH.jpg
407887,Operation Chromite,https://image.tmdb.org/t/p/w500/c9Md7hQTNjFUZF0LgpWpVCS1GcI.jpg
17043,The Crocodile Hunter: Collision Course,https://image.tmdb.org/t/p/w500/8JyI97jCN1BIzdTjWfIxV4GKlyw.jpg
8952,I Love You Phillip Morris,https://image.tmdb.org/t/p/w500/qtAuWLGQ7N4PNQ6boZeqqoUY2l9.jpg
62204,Quest for Fire,https://image.tmdb.org/t/p/w500/tyzW1M00xfHKNtmTlT6wJ3F4pNr.jpg
13435,Antwone Fisher,https://image.tmdb.org/t/p/w500/j9lCK1aFXqMO3hzhGiqCNU8coIX.jpg
17187,The Emperor's Club,https://image.tmdb.org/t/p/w500/s7BRKAq0DNcXe8Bphm6Wd5KnvlF.jpg
319,True Romance,https://image.tmdb.org/t/p/w500/AqlPzcILRi0IW0JodKp7pMMNEFt.jpg
59457,Womb,https://image.tmdb.org/t/p/w500/raTEzBZBflPyVhOls4PmrryvPos.jpg
9504,Glengarry Glen Ross,https://image.tmdb.org/t/p/w500/zcaEDx8KlVfh4vKfMNLhiSi5Oz4.jpg
37414,The Killer Inside Me,https://image.tmdb.org/t/p/w500/fhmdzywgGF9cvoLPuW8qqDn0Gtx.jpg
6217,Cat People,https://image.tmdb.org/t/p/w500/nYcQnkbTD4LDmp11HCReQuUoMKD.jpg
26688,Sorority Row,https://image.tmdb.org/t/p/w500/voIQd9TDplumz9wInHwj6bRyHnu.jpg
43867,The Prisoner of Zenda,https://image.tmdb.org/t/p/w500/tvMF7iljOgOXLvkVsWGr5GrPE4j.jpg
6615,Lars and the Real Girl,https://image.tmdb.org/t/p/w500/nkAt4a7KIPc7Fi1BhxNHhYYbe2b.jpg
14574,The Boy in the Striped Pyjamas,https://image.tmdb.org/t/p/w500/2C8QCXdMlojTxZjfBlINr4FWcb6.jpg
16,Dancer in the Dark,https://image.tmdb.org/t/p/w500/pWzOfTJRZHPNO1VNrMnNFqRcJwg.jpg
39780,Oscar and Lucinda,https://image.tmdb.org/t/p/w500/9naDX3u4hsRM8jZ0Y7k5e2HAKmY.jpg
21612,The Funeral,https://image.tmdb.org/t/p/w500/sHbJbr6BvVwRJhliiX1PKPERejO.jpg
36691,Solitary Man,https://image.tmdb.org/t/p/w500/5Dpm8QDoL3w3ZOwVl6rgvjRWxrj.jpg
23631,Machete,https://image.tmdb.org/t/p/w500/dcPSm1rGEFdiEc7DaKz0t5kb66b.jpg
45324,Casino Jack,https://image.tmdb.org/t/p/w500/3Dpicp6VEtCSj39XBG5mnbe5TQ9.jpg
12144,The Land Before Time,https://image.tmdb.org/t/p/w500/vP2cDLZyj8mlu97m1N3q9nxNrRS.jpg
11658,Tae Guk Gi: The Brotherhood of War,https://image.tmdb.org/t/p/w500/efc2MwDwvQsYsbxLXaXtlmOJ7LZ.jpg
56601,The Perfect Game,https://image.tmdb.org/t/p/w500/kwn02B0AyQYXzftAo9StX8JD2JY.jpg
9552,The Exorcist,https://image.tmdb.org/t/p/w500/5x0CeVHJI8tcDx8tUUwYHQSNILq.jpg
578,Jaws,https://image.tmdb.org/t/p/w500/lxM6kqilAdpdhqUl2biYp5frUxE.jpg
2105,American Pie,https://image.tmdb.org/t/p/w500/5P68by2Thn8wHAziyWGEw2O7hco.jpg
126319,Ernest & Celestine,https://image.tmdb.org/t/p/w500/iJPbRASktYW0I009Ktc2zUE6Fvg.jpg
10136,The Golden Child,https://image.tmdb.org/t/p/w500/9gPphtcGmna90U9CEsWlUVaSkAw.jpg
67660,Think Like a Man,https://image.tmdb.org/t/p/w500/kfIrKVPDzXJDBzPnFEuoatlaZPW.jpg
10611,Barbershop,https://image.tmdb.org/t/p/w500/up8cEgEsl2Dq5Djb9lMZYBK0s84.jpg
154,Star Trek II: The Wrath of Khan,https://image.tmdb.org/t/p/w500/uPyLsKl8Z0LOoxeaFXsY5MxhR5s.jpg
3049,Ace Ventura: Pet Detective,https://image.tmdb.org/t/p/w500/pqiRuETmuSybfnVZ7qyeoXhQyN1.jpg
860,WarGames,https://image.tmdb.org/t/p/w500/zZ1rN4LoPxKNfAp67Xl300WxVeD.jpg
9281,Witness,https://image.tmdb.org/t/p/w500/kOymD1rChAMykmDVEzJpIh4OYS7.jpg
75674,Act of Valor,https://image.tmdb.org/t/p/w500/1Xcd5ci69pVXMPP02DU11Ffq0yY.jpg
9762,Step Up,https://image.tmdb.org/t/p/w500/fmw52kXk2kN8AQil7tgOD41gt4Q.jpg
3179,Beavis and Butt-Head Do America,https://image.tmdb.org/t/p/w500/vqdgQiRCSzgpFXLlbxbybfkleBM.jpg
184,Jackie Brown,https://image.tmdb.org/t/p/w500/rOUx7qg4KmEh1juEDwqzbDSL1Nr.jpg
13335,Harold & Kumar Escape from Guantanamo Bay,https://image.tmdb.org/t/p/w500/gmXKlm8c8O7JEISYP4WiWq2x3We.jpg
76726,Chronicle,https://image.tmdb.org/t/p/w500/kdyrdFIt29FUmLIKvedAc2j4rpo.jpg
10269,Yentl,https://image.tmdb.org/t/p/w500/AcCX4tKqwP5BTfRTQEqZW3qabl3.jpg
36819,Time Bandits,https://image.tmdb.org/t/p/w500/4VZtpwdhHQSa4LUkvujyGAHb1hG.jpg
17130,Crossroads,https://image.tmdb.org/t/p/w500/prdFY9Bc28frBhhWl7mPSr7JmFp.jpg
57214,Project X,https://image.tmdb.org/t/p/w500/lUPDGT3lyRrq8SvWuNWG2DP64bR.jpg
11202,Patton,https://image.tmdb.org/t/p/w500/rLM7jIEPTjj4CF7F1IrzzNjLUCu.jpg
9357,One Hour Photo,https://image.tmdb.org/t/p/w500/fuSIN3Nq6dmaA8LZSkASpQueFO1.jpg
13812,Quarantine,https://image.tmdb.org/t/p/w500/rGfOD8IC1x4PqmnqRuA8KyCckia.jpg
9030,The Eye,https://image.tmdb.org/t/p/w500/9N3znJ8sHH2EQjARCrUpxMj3hWd.jpg
19084,Johnson Family Vacation,https://image.tmdb.org/t/p/w500/3F6bmetJSJvqLCB9PMxpNz1sngB.jpg
8386,How High,https://image.tmdb.org/t/p/w500/qWF784YqUZE8KhbBfuqhMSzmUPs.jpg
10437,The Muppet Christmas Carol,https://image.tmdb.org/t/p/w500/ssrV29QSVVJuemBHho0Qx7pFYak.jpg
1360,Frida,https://image.tmdb.org/t/p/w500/a4hgR6aKoohB6MHni171jbi9BkU.jpg
101267,Katy Perry: Part of Me,https://image.tmdb.org/t/p/w500/yPW5Lmptt7z8rCYtVYjkpyjI3SY.jpg
222935,The Fault in Our Stars,https://image.tmdb.org/t/p/w500/kcVuktIlrn9SAN1uBmPDnocTQmF.jpg
10220,Rounders,https://image.tmdb.org/t/p/w500/mqbMwYGwIChnaCO55h7v8DG8Wwy.jpg
284296,Top Five,https://image.tmdb.org/t/p/w500/hNFhzLpg3A34p9qFXXIBJfQIMoK.jpg
31915,Prophecy,https://image.tmdb.org/t/p/w500/8jCyz5IRWmu8R5FhRO2BqtQXnCj.jpg
11601,Stir of Echoes,https://image.tmdb.org/t/p/w500/9CyJ5aYF27cITX1WSUTENeP4wBE.jpg
205220,Philomena,https://image.tmdb.org/t/p/w500/eBUv2GmGdXmCk1AaSOmyiu70hN8.jpg
11354,The Upside of Anger,https://image.tmdb.org/t/p/w500/iS9lP4poDyvSGXyh199ZEXMPHrY.jpg
16241,The Boys from Brazil,https://image.tmdb.org/t/p/w500/w7IZT1HJNmWcEj3Axwlwhya02OX.jpg
14191,Aquamarine,https://image.tmdb.org/t/p/w500/8mioUyXqn60cwSoLrRCaO5ZAsCV.jpg
286565,Paper Towns,https://image.tmdb.org/t/p/w500/lVW67w7eWwmBhbBCc4f983pO8m6.jpg
26710,My Baby's Daddy,https://image.tmdb.org/t/p/w500/lah4ZvLmjxwF8Pa1UHIm3u2xNuR.jpg
129670,Nebraska,https://image.tmdb.org/t/p/w500/o1t2Mw18EEBnl8v4Nby3PFjxnM1.jpg
9059,Tales from the Crypt: Demon Knight,https://image.tmdb.org/t/p/w500/8uD5yk0ECebJ59lhvhTBKhUojc.jpg
34549,Max Keeble's Big Move,https://image.tmdb.org/t/p/w500/eJ4olY0dZMC1MfMhRkLOWisWYtu.jpg
57157,Young Adult,https://image.tmdb.org/t/p/w500/4tGMz5xUs9sk8X9B28G6UalHK1d.jpg
1948,Crank,https://image.tmdb.org/t/p/w500/rsKmhnvzJezjwC1Ud2Hh37oNpdQ.jpg
28353,Def Jam's How to Be a Player,https://image.tmdb.org/t/p/w500/1BFKMh1ogtWzGOjKTzxCD2tG0K3.jpg
46889,Living Out Loud,https://image.tmdb.org/t/p/w500/uegG68vP7leUDQbG8fP4ihgTo0i.jpg
38093,Just Wright,https://image.tmdb.org/t/p/w500/qx1SumoTQYtB9VyxQ7irlfE2e7L.jpg
14976,Rachel Getting Married,https://image.tmdb.org/t/p/w500/bumaq3lqe4YSsq6LlYoge7e9ABk.jpg
11027,The Postman Always Rings Twice,https://image.tmdb.org/t/p/w500/k52pPgVOHPwjIyMdvNZZi3Z7zFR.jpg
3635,Girl with a Pearl Earring,https://image.tmdb.org/t/p/w500/41DkOi1MvTgTQXt5BevVSzo94kk.jpg
387,Das Boot,https://image.tmdb.org/t/p/w500/u8FhQPncOAkwcei2OI9orPWhV6K.jpg
6020,Sorority Boys,https://image.tmdb.org/t/p/w500/yBhRjKi16T9R3GJepPwS6ARViBi.jpg
122906,About Time,https://image.tmdb.org/t/p/w500/ls6zswrOZVhCXQBh96DlbnLBajM.jpg
9550,House of Flying Daggers,https://image.tmdb.org/t/p/w500/93feGsGiCtG5ymrRcErUgBsdo6v.jpg
60599,Arbitrage,https://image.tmdb.org/t/p/w500/oVJF2KTmNB8ZFkp0aUSay7d0Opf.jpg
227719,Project Almanac,https://image.tmdb.org/t/p/w500/9u5Rb0e7mx8qOO7zj39KnIRWClr.jpg
14299,Cadillac Records,https://image.tmdb.org/t/p/w500/u2GtllItFwaXMLj4uCeKYt9wf4l.jpg
19419,Screwed,https://image.tmdb.org/t/p/w500/m6FfMbH1ga1Kp5QI9Nm0ETOIG64.jpg
12088,Fortress,https://image.tmdb.org/t/p/w500/evjpqWPUY4VpOdyLpeRfkGU8DiR.jpg
14799,For Your Consideration,https://image.tmdb.org/t/p/w500/fvXClgY4ZJ7dBxalFuxPgb4nJ9s.jpg
9466,Celebrity,https://image.tmdb.org/t/p/w500/q4UJHtH14nO8tbMfGtJ3Z3Tw5RW.jpg
7510,Running with Scissors,https://image.tmdb.org/t/p/w500/pbWUFYyyZzawsYljkbIKmDxQN8Y.jpg
31246,From Justin to Kelly,https://image.tmdb.org/t/p/w500/bLLlgQ6nZPGxvAjp0qjTX1wD2hl.jpg
61752,Girl 6,https://image.tmdb.org/t/p/w500/1SSYCOTrHucd9aBCyTfbLWcJ2zD.jpg
10944,In the Cut,https://image.tmdb.org/t/p/w500/c8Xg0yc8UQwDXooffBNLLs2BvQH.jpg
10362,Two Lovers,https://image.tmdb.org/t/p/w500/za9GJrLmGLzouaqozaKvAm6zrsq.jpg
14778,Last Orders,https://image.tmdb.org/t/p/w500/rcc3eL3wcydEUmXpX1tW9ro8NR9.jpg
1255,The Host,https://image.tmdb.org/t/p/w500/dEDLY3KeghKFzks5nTDWdigVikr.jpg
45226,The Pursuit of D.B. Cooper,https://image.tmdb.org/t/p/w500/4uDT9RF7JlZf1T0bn0p68DRVmNv.jpg
10212,Ravenous,https://image.tmdb.org/t/p/w500/6tJc9vIVYctNCajC1dU1oVcmIsD.jpg
8669,Charlie Bartlett,https://image.tmdb.org/t/p/w500/l0jr9jSIW2TYFuunPtDQ1exyjtI.jpg
179144,The Great Beauty,https://image.tmdb.org/t/p/w500/7suf0vaQfv5E7X1GVh4HJwK90yo.jpg
16857,The Dangerous Lives of Altar Boys,https://image.tmdb.org/t/p/w500/4uTWXZ2Rvizl3ycMHtODfRjks4W.jpg
86825,Stoker,https://image.tmdb.org/t/p/w500/o0giW5oasaef5m9sgBuq0C7IkIa.jpg
844,2046,https://image.tmdb.org/t/p/w500/jIN65qw0Giplo4CshzMrxz204Wn.jpg
8060,Married Life,https://image.tmdb.org/t/p/w500/AdJKmRh3AKX5CVCdwdw1dNTqEJ8.jpg
15907,Duma,https://image.tmdb.org/t/p/w500/opoDxQW9S6SaiP8rY7urw16QVTL.jpg
38448,Ondine,https://image.tmdb.org/t/p/w500/rQSQisWjIjXnGGenrpjG1GlQcRf.jpg
327,Brother,https://image.tmdb.org/t/p/w500/rSRJozSafFFuiFT9XnwsE1ricHT.jpg
9260,Welcome to Collinwood,https://image.tmdb.org/t/p/w500/7XyvoOopwWwDCWOcItOQiAwm30b.jpg
61337,Critical Care,https://image.tmdb.org/t/p/w500/p4UPT3vvdKHsv6PbhvvtFm8w5Zx.jpg
13079,The Life Before Her Eyes,https://image.tmdb.org/t/p/w500/1Kmy4EfYegTyQNQeHZomTWvmFPe.jpg
89325,Darling Companion,https://image.tmdb.org/t/p/w500/krKAMxPbzPcb0FvF9QoySiCHihi.jpg
4170,Trade,https://image.tmdb.org/t/p/w500/x2ckiEGoYz2AomOeviEPqnhrw7Q.jpg
41508,Fateless,https://image.tmdb.org/t/p/w500/eLR8T7uNFNYYwne7Z1fAjQi8Nzy.jpg
12479,Breakfast of Champions,https://image.tmdb.org/t/p/w500/5uNVeZNt7qxDWLJAZ0PER03WtKE.jpg
44555,"A Woman, a Gun and a Noodle Shop",https://image.tmdb.org/t/p/w500/zqIjReP7BAx3OqKayy7vwIQ1Kqv.jpg
10133,Cypher,https://image.tmdb.org/t/p/w500/7wYwmDuCbdKF7sAcLj7eqrNaiam.jpg
21345,City of Life and Death,https://image.tmdb.org/t/p/w500/xY6OUM2aRCmmq1ySTg2eu5rVmcq.jpg
173931,Legend of a Rabbit,https://image.tmdb.org/t/p/w500/eVvbz9tsdAeZ0SeOws9AYFyJS0t.jpg
61984,Space Battleship Yamato,https://image.tmdb.org/t/p/w500/qlRJcIFiVwA6X58LOGNuMP1io2H.jpg
50601,5 Days of War,https://image.tmdb.org/t/p/w500/iRH1VspiF7lyHj7P4mRP5tqmqxv.jpg
26466,Triangle,https://image.tmdb.org/t/p/w500/cRlMrbc4Iof7vN0ZqHwJnMBYBLi.jpg
345003,10 Days in a Madhouse,https://image.tmdb.org/t/p/w500/iTvJ5tc6Os90JXza9XfDktYlAOj.jpg
236751,Heaven is for Real,https://image.tmdb.org/t/p/w500/tsFovEJuZHVgpvFTHXb37l7ma4F.jpg
107,Snatch,https://image.tmdb.org/t/p/w500/kJZoAHq1SLDdWjeNGtlHAnGpmFV.jpg
357837,Dancin' It's On,https://image.tmdb.org/t/p/w500/vSJ7W4RVTjN5QePdfFqnZuoTeaB.jpg
8913,Pet Sematary,https://image.tmdb.org/t/p/w500/8ZtH1V4rhrtP53ezlEWrCaMALXF.jpg
13889,Madadayo,https://image.tmdb.org/t/p/w500/sxNSAUj0UyIFDccmysWfGOFCv3x.jpg
18530,The Cry of the Owl,https://image.tmdb.org/t/p/w500/h9VizOOadBJixcbpswSqM0bb30c.jpg
358451,A Tale of Three Cities,https://image.tmdb.org/t/p/w500/fRnFmQ8kkTLptnm8cDUXQ1ZYP9o.jpg
927,Gremlins,https://image.tmdb.org/t/p/w500/6m0F7fsXjQvUbCZrPWcJNrjvIui.jpg
11,Star Wars,https://image.tmdb.org/t/p/w500/6FfCtAuVAW8XJjZ7eWeLibRLWTw.jpg
291870,Dirty Grandpa,https://image.tmdb.org/t/p/w500/k0Lz1TfSlbcQthQKYGwE7blDfwN.jpg
907,Doctor Zhivago,https://image.tmdb.org/t/p/w500/r0Iv2BiCFYDnzc6uU1q3AJ56igT.jpg
206563,Trash,https://image.tmdb.org/t/p/w500/31iTD5hlbcRpPonuxSp77GxRGQf.jpg
11887,High School Musical 3: Senior Year,https://image.tmdb.org/t/p/w500/aq2o1wT0crBOTxof36O6KTyjpgE.jpg
45317,The Fighter,https://image.tmdb.org/t/p/w500/xfsFerGhO1h6rLk8vwLgMyQ8WVJ.jpg
12094,Jackass Number Two,https://image.tmdb.org/t/p/w500/u73V8dMqUwjtPL6gWesCE7ji9GU.jpg
10377,My Cousin Vinny,https://image.tmdb.org/t/p/w500/iwSURa8nS2ujwrU3s1lfxxX7voH.jpg
249164,If I Stay,https://image.tmdb.org/t/p/w500/7Twh8h3Wh7GC9npTAEUThgkxkWL.jpg
256092,Drive Hard,https://image.tmdb.org/t/p/w500/wSujXhZJPvwKtMhIAuIuXZ93gYO.jpg
9942,Major League,https://image.tmdb.org/t/p/w500/ypUedY9zX4nGGf1lQv1UGc8PhPA.jpg
10748,St. Trinian's,https://image.tmdb.org/t/p/w500/aOVxLigLjkix69vq6iiu0XXPnai.jpg
1817,Phone Booth,https://image.tmdb.org/t/p/w500/r6lIwPKVDa6Q76qH2TbIBqPhXL3.jpg
10229,A Walk to Remember,https://image.tmdb.org/t/p/w500/8lUYMvWdHA0Q0k5F76RQCeCBUkA.jpg
687,Dead Man Walking,https://image.tmdb.org/t/p/w500/eShxyjhWoFl3BwsuEmVsr4nLaMZ.jpg
796,Cruel Intentions,https://image.tmdb.org/t/p/w500/76cCsRtQ5MJBAqoigojXsLXLJwh.jpg
22804,Saw VI,https://image.tmdb.org/t/p/w500/9JtluosCbioSXJSABZByaODyPpa.jpg
10156,History of the World: Part I,https://image.tmdb.org/t/p/w500/1bMaEfI76yrGjCSDquCippAFIDI.jpg
12837,The Secret Life of Bees,https://image.tmdb.org/t/p/w500/m1LGEeoYfc6crbfG8WmTKg9SVqL.jpg
17708,Corky Romano,https://image.tmdb.org/t/p/w500/aLgzSIgHTyWggrP7ieDVYE3PB8g.jpg
13937,Raising Cain,https://image.tmdb.org/t/p/w500/5vRn138vnZeUNFe32qTuPGKkVLR.jpg
28932,F.I.S.T.,https://image.tmdb.org/t/p/w500/yiqQHB0vZg9O6z7VvAefV3fSPqX.jpg
31909,Invaders from Mars,https://image.tmdb.org/t/p/w500/rs3cOVZtrXD27XQQdut1FWFYrUG.jpg
167073,Brooklyn,https://image.tmdb.org/t/p/w500/cs7W8j5lI7qzRW6tKSj9p1Q0Ze7.jpg
3175,Barry Lyndon,https://image.tmdb.org/t/p/w500/znfLskGQnXYB2xcOGM9eInRHPAV.jpg
14369,Out Cold,https://image.tmdb.org/t/p/w500/2aBepBnMXRs3hmde9Je3rn5bseJ.jpg
16888,The Ladies Man,https://image.tmdb.org/t/p/w500/kKMhGSwydCVjrOWwggDlSvcgzCl.jpg
121826,Quartet,https://image.tmdb.org/t/p/w500/lDg2DfB5MuEoUeRFQqzBFVoWGep.jpg
10646,Tomcats,https://image.tmdb.org/t/p/w500/pAHD3TfoDJX6jCPVhICBNLBxnBH.jpg
12149,Frailty,https://image.tmdb.org/t/p/w500/jid7dyfHa6ApZSTweC3T3nllWjh.jpg
304357,Woman in Gold,https://image.tmdb.org/t/p/w500/6eoj6bozvgwNuDV3vOrqlvrCrX.jpg
11184,Kinsey,https://image.tmdb.org/t/p/w500/cODCjWNRcZkwe4ONQs1GzRqYtRb.jpg
766,Army of Darkness,https://image.tmdb.org/t/p/w500/xsgTuAtR2zSH8Umg3jWZcZjlDpe.jpg
20009,Slackers,https://image.tmdb.org/t/p/w500/g3xn7tRnGxVwwKc2tge7nPssywQ.jpg
1587,What's Eating Gilbert Grape,https://image.tmdb.org/t/p/w500/8FxWgsfDNosewo7H65oE4QkOb7g.jpg
30973,The Visual Bible: The Gospel of John,https://image.tmdb.org/t/p/w500/rKbmbnYfFhgTjGoDU9F4pIhVvKh.jpg
11109,Vera Drake,https://image.tmdb.org/t/p/w500/556fElboCLlEmP8UULaYosU45Bc.jpg
9027,The Guru,https://image.tmdb.org/t/p/w500/1GQ4nYfRU4rANvCFq4y2o1GExgQ.jpg
63020,The Perez Family,https://image.tmdb.org/t/p/w500/jxi3UDHf86kDk5hqJxnpEMzVch2.jpg
86829,Inside Llewyn Davis,https://image.tmdb.org/t/p/w500/nNxK3pC3DMpPpWKMvo2p3liREVT.jpg
11065,O,https://image.tmdb.org/t/p/w500/6zcnbgNm4Es96sfsgoUavqbAed9.jpg
13888,Return to the Blue Lagoon,https://image.tmdb.org/t/p/w500/jhUTLuPgc3Qcvr5xtji8oiWSfYy.jpg
42345,The Molly Maguires,https://image.tmdb.org/t/p/w500/3ywN7tPWiOkbalS2gAEPzNk4Nq9.jpg
13994,Romance & Cigarettes,https://image.tmdb.org/t/p/w500/phSntD46jD5IfYAa2lSoU6xJDJ6.jpg
1590,Copying Beethoven,https://image.tmdb.org/t/p/w500/xplAbPXhZF9B3H4OnhjQsEKUESe.jpg
62728,Brighton Rock,https://image.tmdb.org/t/p/w500/7uq3onOHexPe4Xcj5bdRL7NKkIi.jpg
11917,Saw V,https://image.tmdb.org/t/p/w500/rKl79KqLXg60KFyKsLe4wSSjQ08.jpg
45138,Machine Gun McCain,https://image.tmdb.org/t/p/w500/nlCoQTTfVVuzpEbNe2H0ovjnsA.jpg
80271,LOL,https://image.tmdb.org/t/p/w500/AlnBUoKzzPnczrzzxuh0SYwDa3Z.jpg
4657,Jindabyne,https://image.tmdb.org/t/p/w500/zozfpvbl8OezjqBsgFByTGkbnw8.jpg
14395,Kabhi Alvida Naa Kehna,https://image.tmdb.org/t/p/w500/dkYQgRPuik4FGIUdGGVYGQJWrHa.jpg
24137,An Ideal Husband,https://image.tmdb.org/t/p/w500/Aac3Kw7qAszSotkTNle4bvu3uuH.jpg
190847,The Last Days on Mars,https://image.tmdb.org/t/p/w500/kxcQkAhpn8cvJTsU8PXblI5Qq8F.jpg
11056,Darkness,https://image.tmdb.org/t/p/w500/e7Y1syIbxcG5Xb2tByPOIz2NhZL.jpg
62,2001: A Space Odyssey,https://image.tmdb.org/t/p/w500/ve72VxNqjGM69Uky4WTo2bK6rfq.jpg
601,E.T. the Extra-Terrestrial,https://image.tmdb.org/t/p/w500/an0nD6uq6byfxXCfk6lQBzdL2J1.jpg
13067,In the Land of Women,https://image.tmdb.org/t/p/w500/qbfVeY8sE3luiRXYZTPT9rjV6p1.jpg
25379,The Blue Butterfly,https://image.tmdb.org/t/p/w500/wuKQhiIrPPhY6DDOdYYrsWoVcK9.jpg
88641,There Goes My Baby,https://image.tmdb.org/t/p/w500/3KM98skbDojKhXFvShERFsTxv3a.jpg
58051,Housefull,https://image.tmdb.org/t/p/w500/koPiIQ7evC5rer6modUDxoZjYV.jpg
14877,September Dawn,https://image.tmdb.org/t/p/w500/hZomhyZMwrRk8D57BXz4xDcFT4H.jpg
96399,For Greater Glory - The True Story of Cristiada,https://image.tmdb.org/t/p/w500/7jgh0ej04j98q2NFpSZLlpDazUo.jpg
304410,The Bélier Family,https://image.tmdb.org/t/p/w500/kAQeZUZ1pMTSjSF3d6eBZClFGgN.jpg
489,Good Will Hunting,https://image.tmdb.org/t/p/w500/z2FnLKpFi1HPO7BEJxdkv6hpJSU.jpg
373314,Misconduct,https://image.tmdb.org/t/p/w500/agQHIsW5nLbKS5exd79NhUw9uY8.jpg
214,Saw III,https://image.tmdb.org/t/p/w500/4iO9n24Rb10peXV0JH2EldIOrAp.jpg
10890,Stripes,https://image.tmdb.org/t/p/w500/toyyN62VLUXoUudFbHPdrrmRFSZ.jpg
1588,Bring It On,https://image.tmdb.org/t/p/w500/bnVby0qI0dS7YunbShP7mw68HY3.jpg
316727,The Purge: Election Year,https://image.tmdb.org/t/p/w500/gg7tlp45xqGWMra0sqQVPvybje2.jpg
10314,She's All That,https://image.tmdb.org/t/p/w500/a0pepZNFCjggc7Na9gEwbTI1f46.jpg
663,Saw IV,https://image.tmdb.org/t/p/w500/ku1QdCXOU4ckz3zxLLlis8MIJVm.jpg
11804,White Noise,https://image.tmdb.org/t/p/w500/ncB9SvOclmXYALlcAsF1jRIuISl.jpg
16781,Madea's Family Reunion,https://image.tmdb.org/t/p/w500/lAzrDS5bJJSSdPAUxuctCoomXUc.jpg
11873,The Color of Money,https://image.tmdb.org/t/p/w500/dVdnHmdQu3JtLAAksjTmTEF76gD.jpg
9289,The Longest Day,https://image.tmdb.org/t/p/w500/5zmvEofdIlgXrQl9A7e5IOzlnFU.jpg
10414,The Mighty Ducks,https://image.tmdb.org/t/p/w500/zxaCHxKDFNi6frh1Q0dj19L216o.jpg
1970,The Grudge,https://image.tmdb.org/t/p/w500/7vPAVPKYexQVmvC578wPLn2CGCL.jpg
9614,Happy Gilmore,https://image.tmdb.org/t/p/w500/4RnCeRzvI1xk5tuNWjpDKzSnJDk.jpg
8922,Jeepers Creepers,https://image.tmdb.org/t/p/w500/g410Y1U1ELbmJG14Zru3UAimm1G.jpg
1648,Bill & Ted's Excellent Adventure,https://image.tmdb.org/t/p/w500/tV25lGWGWGEqUe3U0xjQTBgilSx.jpg
17917,Oliver!,https://image.tmdb.org/t/p/w500/1XJgoaOWKrqxkKeBKWLKSigqG8c.jpg
74534,The Best Exotic Marigold Hotel,https://image.tmdb.org/t/p/w500/gNWiOKTWDvPTpr7QfPWk18gLftz.jpg
19405,Recess: School's Out,https://image.tmdb.org/t/p/w500/qsUCoeTwCNIrvDrUiWlTCgyRFZy.jpg
9355,Mad Max Beyond Thunderdome,https://image.tmdb.org/t/p/w500/jJlxcEVVUHnrUeEkQ0077VeHQpb.jpg
10999,Commando,https://image.tmdb.org/t/p/w500/ollPAAAgZ7euU8VisfqU3cuXhZ6.jpg
321258,The Boy,https://image.tmdb.org/t/p/w500/kW2vgzhyWXQu5UxNzebPokipBqH.jpg
44040,Devil,https://image.tmdb.org/t/p/w500/aivXPSi53H95BoUa5njEYso389s.jpg
10426,Friday After Next,https://image.tmdb.org/t/p/w500/sxHFGPKLWj9e3aaA6wGVxghoiPE.jpg
280092,Insidious: Chapter 3,https://image.tmdb.org/t/p/w500/iDdGfdNvY1EX0uDdA4Ru77fwMfc.jpg
13938,The Last Dragon,https://image.tmdb.org/t/p/w500/r5QnLY30gXlZ8luiJE3quDs1WNF.jpg
10163,The Lawnmower Man,https://image.tmdb.org/t/p/w500/1VLqWcel87oYVmN383FgSH0mCTY.jpg
12182,Nick and Norah's Infinite Playlist,https://image.tmdb.org/t/p/w500/cndxWgZEHnSUtytrMjal97ye34E.jpg
1832,Dogma,https://image.tmdb.org/t/p/w500/oxhHl2YokTqcP44QK5tiTgjgLgk.jpg
9034,The Banger Sisters,https://image.tmdb.org/t/p/w500/pQ7XoEqroHcCQVKP9Xo8JpujuHU.jpg
15301,Twilight Zone: The Movie,https://image.tmdb.org/t/p/w500/sDWARc5aYTUKE8Y2FIGVgWXuI4K.jpg
10135,Road House,https://image.tmdb.org/t/p/w500/n7Ra0BRYQVn47kiqOMyS8vdY0QS.jpg
26352,A Low Down Dirty Shame,https://image.tmdb.org/t/p/w500/v5XUfLrdoGfatObGXhqckYTNqFT.jpg
20616,Swimfan,https://image.tmdb.org/t/p/w500/mOAiqOivdVecMu0yhumN6pzDWmo.jpg
9794,Employee of the Month,https://image.tmdb.org/t/p/w500/vfALEF9wz4CEep071iOwM5Qqd17.jpg
15037,Can't Hardly Wait,https://image.tmdb.org/t/p/w500/r3a5gGWfS0SDS9nriNrJzSSrErf.jpg
227,The Outsiders,https://image.tmdb.org/t/p/w500/l9os0HcXY8BOkvUWAx4rvby3j6L.jpg
294272,Pete's Dragon,https://image.tmdb.org/t/p/w500/A9x4Ogk8KUXTfU649NS6lS9TCmu.jpg
11336,The Dead Zone,https://image.tmdb.org/t/p/w500/9yTVaeS8eIkOpbwIycVFm7EQrgF.jpg
283445,Sinister 2,https://image.tmdb.org/t/p/w500/hF6ORyihtAWHqKkIQI8BSpLQyON.jpg
88036,Sparkle,https://image.tmdb.org/t/p/w500/6LqVIhz0xxoFjiGjftDW69DbvNi.jpg
10984,Valentine,https://image.tmdb.org/t/p/w500/jMtWV4FixMGTgUjbr9NFVEANGYQ.jpg
22824,The Fourth Kind,https://image.tmdb.org/t/p/w500/vfnsGUwurUQqlpvArBvUVc9rYXa.jpg
9526,A Prairie Home Companion,https://image.tmdb.org/t/p/w500/jVdqvd8SgPTWLdG3qc9pSlXGxQi.jpg
39349,Sugar Hill,https://image.tmdb.org/t/p/w500/6bnYhhJS7vuDMRPVSplWaXdK49g.jpg
15983,Invasion U.S.A.,https://image.tmdb.org/t/p/w500/mE5dSRTKW1dzV7D0pgP8sMxyIa9.jpg
14544,Roll Bounce,https://image.tmdb.org/t/p/w500/lStFr3EHTNbnyOdOk2QDCqYGnlR.jpg
11545,Rushmore,https://image.tmdb.org/t/p/w500/hSJ6swahAuZ8wM96lHDTwQPXUvZ.jpg
42684,Skyline,https://image.tmdb.org/t/p/w500/7pdUFPw76zGwDKbNpXxJknh0YWB.jpg
268238,The Second Best Exotic Marigold Hotel,https://image.tmdb.org/t/p/w500/j4PARl3gDpv2K45YAv0tgocLW5K.jpg
8359,Kit Kittredge: An American Girl,https://image.tmdb.org/t/p/w500/niHi0hJSryO5DpSVNCMASc3EELc.jpg
15648,The Perfect Man,https://image.tmdb.org/t/p/w500/sT4sCDXcqQBjAqyDaofkRmP0er5.jpg
41823,Mo' Better Blues,https://image.tmdb.org/t/p/w500/sEa6m5RjfrqfTzY1eHkC85shiUF.jpg
11891,Kung Pow: Enter the Fist,https://image.tmdb.org/t/p/w500/gVsZ1hsJ9g11oCCav4N8ccp9bRw.jpg
9362,Tremors,https://image.tmdb.org/t/p/w500/cA4ggkZ3r1d5r9hOAUWC8x5ul2i.jpg
9902,Wrong Turn,https://image.tmdb.org/t/p/w500/12G5V0dTmljnv7RFMT144dJ2chh.jpg
14729,The Long Riders,https://image.tmdb.org/t/p/w500/1Dk9dieSkZeiEVarZFsPJdF9Qel.jpg
9455,The Corruptor,https://image.tmdb.org/t/p/w500/1Eg34AuZG1jtAvdM8xGHW5jiwCF.jpg
103731,Mud,https://image.tmdb.org/t/p/w500/o2jT5jQdKh1HAF0fMKuGwBOwOYB.jpg
10090,Reno 911!: Miami,https://image.tmdb.org/t/p/w500/l9v3nqTU4Gj2zuASGDLJX4YD8ma.jpg
164558,One Direction: This Is Us,https://image.tmdb.org/t/p/w500/b720e7DW3nqRJaUH9xpTtvYhnUj.jpg
19905,"The Goods: Live Hard, Sell Hard",https://image.tmdb.org/t/p/w500/1nEd4aLuRlAPFqUdcCYekAAjWsn.jpg
17710,Hey Arnold! The Movie,https://image.tmdb.org/t/p/w500/etxcq4qiFNi5p0q71APw8MNzPPT.jpg
75900,My Week with Marilyn,https://image.tmdb.org/t/p/w500/5naqXRY1Zug5cyJJbO9H4DOg28q.jpg
9515,The Matador,https://image.tmdb.org/t/p/w500/oJnlAGmrhsg4QrlVKGgP91J6WPu.jpg
27322,Love Jones,https://image.tmdb.org/t/p/w500/iuwimPkDm7kfptKm5zlK0pIzqXM.jpg
328425,The Gift,https://image.tmdb.org/t/p/w500/kH3qLP8pn68Xq5XwvmPkCyaAU7W.jpg
14120,End of the Spear,https://image.tmdb.org/t/p/w500/2jMM1cuF1FcxdPPdEJy8gquDmES.jpg
10050,Get Over It,https://image.tmdb.org/t/p/w500/saVWvLE0haJTrH1c1YS68VTDKyC.jpg
1542,Office Space,https://image.tmdb.org/t/p/w500/v7fBXxHZ5WQn2PGgpXhTqHgtcJk.jpg
10490,Drop Dead Gorgeous,https://image.tmdb.org/t/p/w500/iMMvFvHhURa4cWv6CxhpwIDjme2.jpg
87093,Big Eyes,https://image.tmdb.org/t/p/w500/203HAjJcLMl7xThcTqZx4zmEGcV.jpg
10029,Very Bad Things,https://image.tmdb.org/t/p/w500/rYmyRxF5e9fBdgcQScKu0CUtMy5.jpg
9893,Sleepover,https://image.tmdb.org/t/p/w500/w0kE8EufKNtYsliKWtsd4GJRH1b.jpg
11507,Body Double,https://image.tmdb.org/t/p/w500/lRFm5P2AdOGpELwm3HHhmUz6k5I.jpg
37931,MacGruber,https://image.tmdb.org/t/p/w500/9cO8JD7aaQzI4q8lBS8MYXH8LrJ.jpg
3472,Dirty Pretty Things,https://image.tmdb.org/t/p/w500/nWpXOqB1STDq8ji3rQawcg1fGS9.jpg
87818,Movie 43,https://image.tmdb.org/t/p/w500/uYa06GxHsCsELx9vOQ11vsT0Aa6.jpg
13160,Over Her Dead Body,https://image.tmdb.org/t/p/w500/85moNqAncGlJXEwt4Ja3DfNbiQY.jpg
88005,Seeking a Friend for the End of the World,https://image.tmdb.org/t/p/w500/rBbCwFLyt7Q25yaw2bEOQh7RMG1.jpg
52067,Cedar Rapids,https://image.tmdb.org/t/p/w500/udHprtPPfDHdcR1ijoY24mt9OB1.jpg
73,American History X,https://image.tmdb.org/t/p/w500/x2drgoXYZ8484lqyDj7L1CEVR4T.jpg
134597,The Collection,https://image.tmdb.org/t/p/w500/qbhJiXi48fRQevHf56i2JmYqyJ7.jpg
24034,Teacher's Pet,https://image.tmdb.org/t/p/w500/3IiwOT4QF4beOOdCLbJxdw7xzH1.jpg
14283,The Red Violin,https://image.tmdb.org/t/p/w500/uPjq8PaNDhFQTzOu4Ce91f6BFgZ.jpg
404,The Straight Story,https://image.tmdb.org/t/p/w500/tT9cMiVDdtlcdZxOoFy3VRmEoKk.jpg
13201,Deuces Wild,https://image.tmdb.org/t/p/w500/nyr9WT4mLYZHFRINuyWCQExV9ku.jpg
209403,Bad Words,https://image.tmdb.org/t/p/w500/hZo399sszo6QxEPOmqJiq5NhQeU.jpg
7942,"Run, Fatboy, Run",https://image.tmdb.org/t/p/w500/2MZNPXJquIG8OcwajiR8YkCr7ak.jpg
73247,Heartbeeps,https://image.tmdb.org/t/p/w500/zxK1jyN8apEUyYerMLStaHIM2z8.jpg
253331,Black or White,https://image.tmdb.org/t/p/w500/hOxxudUwgh5KGC7LtxDCkkwn1YP.jpg
34043,On the Line,https://image.tmdb.org/t/p/w500/xJWpaR7btIdbv8KJEwb7nlBLbyB.jpg
9952,Rescue Dawn,https://image.tmdb.org/t/p/w500/ymPlV2ymUBSctfRzpehFOxFmJiS.jpg
256924,Danny Collins,https://image.tmdb.org/t/p/w500/sf9ndc9l6alP9DhJF1ZpKz1PaXK.jpg
82532,"Jeff, Who Lives at Home",https://image.tmdb.org/t/p/w500/9zn7I5dmZ7IGng87gWVk9K37eq7.jpg
41110,I Am Love,https://image.tmdb.org/t/p/w500/ss57QaZX5OE3YxoTZeKW5Y6U83S.jpg
134371,Atlas Shrugged Part II,https://image.tmdb.org/t/p/w500/9iwPz9zy1uCP73QMxhNs6gaTTom.jpg
2088,Romeo Is Bleeding,https://image.tmdb.org/t/p/w500/ojXNRpHMXU99UFmF9MKKiJCymKr.jpg
10388,The Limey,https://image.tmdb.org/t/p/w500/efAnFInZYrenNvBlLIXN2oLYyNc.jpg
1640,Crash,https://image.tmdb.org/t/p/w500/86BdPC6RDX88NC880pLidKn2LCj.jpg
25520,The House of Mirth,https://image.tmdb.org/t/p/w500/gCEboOrNXFmqE5pKUn42fTHZx8R.jpg
27342,Malone,https://image.tmdb.org/t/p/w500/uA32G48OnKutmWdifMSi9hp2jed.jpg
13689,Peaceful Warrior,https://image.tmdb.org/t/p/w500/r4VQCZe3aSo7TmmsxcyLqaoMR1l.jpg
67911,Bucky Larson: Born to Be a Star,https://image.tmdb.org/t/p/w500/avCsg52549PHT5nVXIW7c3BEZ7b.jpg
24664,Bamboozled,https://image.tmdb.org/t/p/w500/oAg1mUUxdWJNLa6t1gctbQhXHVN.jpg
329440,The Forest,https://image.tmdb.org/t/p/w500/1TohqCqMbaiuRLJPrPW0vnQP3lE.jpg
47890,Sphinx,https://image.tmdb.org/t/p/w500/kqAEPlF6TzBHZJK5RKusam0Y79Y.jpg
252512,While We're Young,https://image.tmdb.org/t/p/w500/rdYXGeK3OZjBrd2R8A1sSS0Kxcq.jpg
55720,A Better Life,https://image.tmdb.org/t/p/w500/eY9wOw5PjrRXUTLgNmqWb60it10.jpg
9613,Spider,https://image.tmdb.org/t/p/w500/zvm4WuYxTiGkRagRqHUey0meRQL.jpg
29076,Gun Shy,https://image.tmdb.org/t/p/w500/iMCuGjQu5LsS6hyr5KmRDNqcomy.jpg
29339,Nicholas Nickleby,https://image.tmdb.org/t/p/w500/uLilCY2We3Ore9Ke7CdafntHvmT.jpg
68812,The Iceman,https://image.tmdb.org/t/p/w500/3edygPSm9XdISHza8zqHUVAQHAD.jpg
32740,Krrish,https://image.tmdb.org/t/p/w500/Apd4UKesyTmpDutEjNVHP45kvBi.jpg
14195,Cecil B. Demented,https://image.tmdb.org/t/p/w500/gCXUA9BUOSDmOFVfkVBF4v15Td6.jpg
73567,Killer Joe,https://image.tmdb.org/t/p/w500/6Tt1TQeOI4TpXu1cBUgNGNGeznW.jpg
41479,The Joneses,https://image.tmdb.org/t/p/w500/5YINGouZK9pmPdMPAHv158eQf3o.jpg
15394,Owning Mahowny,https://image.tmdb.org/t/p/w500/xQYKqpN6fD7Dc7Vu8xnShHPKDwe.jpg
10071,The Brothers Solomon,https://image.tmdb.org/t/p/w500/63u2QZZZIaME05TSv3tLKpibII1.jpg
1989,My Blueberry Nights,https://image.tmdb.org/t/p/w500/w9w3m2IB9QRZXxi6R51ZamKv3HS.jpg
91076,Illuminata,https://image.tmdb.org/t/p/w500/vovb7pbU3CkKjfcmOxwz7AMbpCX.jpg
12779,Swept Away,https://image.tmdb.org/t/p/w500/rAa3nTeDpwgLX6XxnT3wR86C5WE.jpg
13191,"War, Inc.",https://image.tmdb.org/t/p/w500/nlGsWWYC9n4lkbIoTXmI42dkJqb.jpg
11770,Shaolin Soccer,https://image.tmdb.org/t/p/w500/z6ZQqwoxWy9muIxwUP4K2zWw7BU.jpg
12703,The Brown Bunny,https://image.tmdb.org/t/p/w500/bGzU4TgdqmMjIfPIgf2MjDW6H7c.jpg
64559,The Swindle,https://image.tmdb.org/t/p/w500/ySOZSH5gIr6G1Aphe27jqJrhPnk.jpg
222649,Rosewater,https://image.tmdb.org/t/p/w500/wBqskkwzm8evtfdjGsgPx1qypjk.jpg
115872,The Chambermaid on the Titanic,https://image.tmdb.org/t/p/w500/p4frEECepz84DjgB7clmwBOXldE.jpg
101173,Coriolanus,https://image.tmdb.org/t/p/w500/6W6In8IUJMkxB8aBipulho6QLDd.jpg
25350,Imaginary Heroes,https://image.tmdb.org/t/p/w500/tHMgJGkovOFpHi2lnQ9xTrIaR7N.jpg
10034,High Heels and Low Lifes,https://image.tmdb.org/t/p/w500/mXyhSM5xuTTKcD7vmdYkqspYWzC.jpg
20178,World's Greatest Dad,https://image.tmdb.org/t/p/w500/1ESsZLvZPIvbCPCh7CPCSnF4EeH.jpg
5072,Severance,https://image.tmdb.org/t/p/w500/yg1XRTyH5knwh3Tnij2sUV0ZZ5w.jpg
18191,Edmond,https://image.tmdb.org/t/p/w500/2VFdGJDrl5n9WoC7d4I07hN3v5c.jpg
31007,Welcome to the Rileys,https://image.tmdb.org/t/p/w500/tt9pBPoXjFu36rPqObwrgkYCY3t.jpg
11546,Police Academy: Mission to Moscow,https://image.tmdb.org/t/p/w500/3517XQ9LpoEykyYq2TuDNS45MPP.jpg
41894,Blood Done Sign My Name,https://image.tmdb.org/t/p/w500/lI71wTBxaqChXMIW8TyUWnqw1ED.jpg
184374,Cinco de Mayo: La Batalla,https://image.tmdb.org/t/p/w500/7MAtraeiaKnTrbtzUBbc9SHkdct.jpg
268171,Elsa & Fred,https://image.tmdb.org/t/p/w500/yNzVwtlqOmPLVKD5zZIzAME9vYc.jpg
78149,"An Alan Smithee Film: Burn, Hollywood, Burn",https://image.tmdb.org/t/p/w500/KSGv5uV6SJS7mUMlttvLfWA6Lv.jpg
24663,The Open Road,https://image.tmdb.org/t/p/w500/oOy2b1oj3IZ7rbqvlgZImZCST8W.jpg
39037,The Good Guy,https://image.tmdb.org/t/p/w500/xwSQ62M3B1LTpHhau4MaREIwfSy.jpg
22805,Motherhood,https://image.tmdb.org/t/p/w500/bzQCsmvPJU0L4tnPtQHlVliw2zn.jpg
39055,Free Style,https://image.tmdb.org/t/p/w500/h74c8DziH9VAcVbr4aKGlrIawvw.jpg
245846,Strangerland,https://image.tmdb.org/t/p/w500/Aqx7cDELYw5ZEZkS4EhyjnXXBV0.jpg
25186,Janky Promoters,https://image.tmdb.org/t/p/w500/sQTn0iUDsfwSLOznzOzfDhC3J8I.jpg
15017,Blonde Ambition,https://image.tmdb.org/t/p/w500/t3H5WVxxkNyFoaXfwKKkvKq7G0y.jpg
12245,The Oxford Murders,https://image.tmdb.org/t/p/w500/aPGyZg44eCxccfoaNNbJwTJj66J.jpg
49787,The Reef,https://image.tmdb.org/t/p/w500/s5JGAqmdv1cHlDjMqsmQUkVo2lW.jpg
16358,Eulogy,https://image.tmdb.org/t/p/w500/u56l2hEhbiVHT4wcjBapcVtAtY6.jpg
7006,White Noise 2: The Light,https://image.tmdb.org/t/p/w500/7rp6W0Rj7BoopylLnIRsIScDu9W.jpg
66767,Beat the World,https://image.tmdb.org/t/p/w500/nZCPl2Du2PRkky4Mzb4YiXk9C1Q.jpg
17622,Fifty Dead Men Walking,https://image.tmdb.org/t/p/w500/ahHguslRzE5Qgx8KTJvlDeSEJE2.jpg
283671,Jungle Shuffle,https://image.tmdb.org/t/p/w500/crcj3IEAUtzIySVjw3HN2tS910S.jpg
18516,Adam Resurrected,https://image.tmdb.org/t/p/w500/k0Di5lSe0oIzpJle2O9T5di4w3M.jpg
217708,Of Horses and Men,https://image.tmdb.org/t/p/w500/6eYTn4BrD8ycb3rqlXzd6oPEME4.jpg
42057,It's a Wonderful Afterlife,https://image.tmdb.org/t/p/w500/uHXO6Fu4rWKmD2LLudXOeURWKDe.jpg
17577,The Devil's Tomb,https://image.tmdb.org/t/p/w500/ex0dNOuABfkWVrNFfhsC0qTviA2.jpg
14608,Partition,https://image.tmdb.org/t/p/w500/qCq3QZbrf2ENAEyPJVaCGbWOQ1N.jpg
34417,Good Intentions,https://image.tmdb.org/t/p/w500/xBv29yp2y7jYnRJTyNio9MYKCZs.jpg
15067,"The Good, The Bad, The Weird",https://image.tmdb.org/t/p/w500/lbPZ0aNoF0cHisg6DubFO2eS8so.jpg
78383,Nurse 3-D,https://image.tmdb.org/t/p/w500/sZhXsT6ch1Z7NKFspMH7QyfpsBa.jpg
43090,Gunless,https://image.tmdb.org/t/p/w500/8Y4pBlpDZzzDYCJlsrhgwmFNYM8.jpg
16614,Adventureland,https://image.tmdb.org/t/p/w500/eeSJNAR1aWcgANq26KWIHm3cbyB.jpg
9700,The Lost City,https://image.tmdb.org/t/p/w500/v19DsrJb0TJxTCdgaUzzuvOjfeD.jpg
10471,Next Friday,https://image.tmdb.org/t/p/w500/dP4fYCGQZzg17ta7FvLwJVCwwt9.jpg
250066,American Heist,https://image.tmdb.org/t/p/w500/526uxanwv4mMK0YTxjVrsmMXXo2.jpg
667,You Only Live Twice,https://image.tmdb.org/t/p/w500/gIhS0VC7YzI8pj6zfS3KxsxV0dS.jpg
208869,Plastic,https://image.tmdb.org/t/p/w500/1jva5sTJnlz9g11Xm0GTxl6WAIk.jpg
86837,Amour,https://image.tmdb.org/t/p/w500/19hyCudualHxCD0GrEngqsi0wBF.jpg
10306,Poltergeist III,https://image.tmdb.org/t/p/w500/pLewUibOJLGISvMqB94mAMdjz2q.jpg
106845,Re-Kill,https://image.tmdb.org/t/p/w500/iPunx6eRmwxCDuDGB0N0o1jqADP.jpg
11576,"It's a Mad, Mad, Mad, Mad World",https://image.tmdb.org/t/p/w500/j4mWzOisSHFkaqIkq34l2mm8a5K.jpg
219,Volver,https://image.tmdb.org/t/p/w500/m1ZUDGTFtVGE3zjTvF8OiQ9um5e.jpg
11827,Heavy Metal,https://image.tmdb.org/t/p/w500/atUtWrDlLzT1yeVK2EoYtvbS963.jpg
22820,Gentlemen Broncos,https://image.tmdb.org/t/p/w500/eRnUC60trqoRZuAtM8M3gOFT6ED.jpg
31174,Richard III,https://image.tmdb.org/t/p/w500/cBg1AMH1ucPsDlNMfcHlrreQXQX.jpg
244316,Into the Grizzly Maze,https://image.tmdb.org/t/p/w500/i5GbFCeZ0fG5xb2ta6B3yNgzIM7.jpg
37737,Kites,https://image.tmdb.org/t/p/w500/lYJhUIsKtlke4gNNHkYZNppYlTZ.jpg
62215,Melancholia,https://image.tmdb.org/t/p/w500/fMneszMiQuTKY8JUXrGGB5vwqJf.jpg
66125,Red Dog,https://image.tmdb.org/t/p/w500/cbLh0tVqjqcDnob7w79XkIQ7gGI.jpg
132316,Jab Tak Hai Jaan,https://image.tmdb.org/t/p/w500/1TlzJZrzUlaC95Noqt3oMoxQxCu.jpg
348,Alien,https://image.tmdb.org/t/p/w500/vfrQk5IPloGg1v9Rzbh2Eg3VGyM.jpg
30497,The Texas Chain Saw Massacre,https://image.tmdb.org/t/p/w500/mpgkRPH1GNkMCgdPk2OMyHzAks7.jpg
27586,The Runaways,https://image.tmdb.org/t/p/w500/byeTXKg9paqiFQbtfI28FOIhebg.jpg
14811,Fiddler on the Roof,https://image.tmdb.org/t/p/w500/v65PHx7Q6Jx0anyNeUOX07SJic9.jpg
660,Thunderball,https://image.tmdb.org/t/p/w500/wCc4qllaTDsQN8zgGkAgQrKO6N9.jpg
68684,Detention,https://image.tmdb.org/t/p/w500/wLuMoe16Z27DH96B2vg4FQNiAjj.jpg
40794,Loose Cannons,https://image.tmdb.org/t/p/w500/gYSXvD0sB2MRXF5YreSWtdcW4Jv.jpg
9400,Set It Off,https://image.tmdb.org/t/p/w500/wpiARyUqTfabzakAXHMIUY6Tl1A.jpg
16162,The Best Man,https://image.tmdb.org/t/p/w500/ub2Njdn4kq49ndyg7QglnE8PUqT.jpg
10585,Child's Play,https://image.tmdb.org/t/p/w500/wvpgvcWNkF2HLuTEMIM7K83MvZ.jpg
2359,Sicko,https://image.tmdb.org/t/p/w500/8PxUhW78Oy4DWZNRyUkKYmhGUaH.jpg
238636,The Purge: Anarchy,https://image.tmdb.org/t/p/w500/qwqHHZLZSUvMkAMQ47ymtfjEifY.jpg
10472,Down to You,https://image.tmdb.org/t/p/w500/pqEEtX4S8j2XqZ9JAD97fz2DPkV.jpg
11282,Harold & Kumar Go to White Castle,https://image.tmdb.org/t/p/w500/5vO7R4xYlDipTp8gzfRbWegO8eb.jpg
6521,The Contender,https://image.tmdb.org/t/p/w500/duRe0F2GYHIDvqe2bqIAMP4gWeP.jpg
14181,Boiler Room,https://image.tmdb.org/t/p/w500/jFB5uvCZ3HXF00liAEAuOruCPs6.jpg
1621,Trading Places,https://image.tmdb.org/t/p/w500/8mBuLCOcpWnmYtZc4aqtvDXslv6.jpg
9656,Black Christmas,https://image.tmdb.org/t/p/w500/4eDKgdHcyIAB5pvGRCjdgFKh3eC.jpg
16428,Breakin' All the Rules,https://image.tmdb.org/t/p/w500/piEqcDe7CTbxxPUSwswrsoKWzMw.jpg
10705,Henry V,https://image.tmdb.org/t/p/w500/w9R2HsYNnfF3m9uEo2UAmPNJr8a.jpg
8272,The Savages,https://image.tmdb.org/t/p/w500/nY54gSmTOmSXlQpWDB7DWp4u8a7.jpg
24621,Chasing Papi,https://image.tmdb.org/t/p/w500/mdn6NwGZChgaSuWHQzYKYO1KBL6.jpg
1619,The Way of the Gun,https://image.tmdb.org/t/p/w500/wrjMMdgn1a4ChlaBmlzKnb78nr6.jpg
9685,Igby Goes Down,https://image.tmdb.org/t/p/w500/f53JBgzYESamcYT3LkUeeoSXPgi.jpg
14425,PCU,https://image.tmdb.org/t/p/w500/xTToUzy9Im9nu2W8fz7TPWoDWN5.jpg
14624,The Ultimate Gift,https://image.tmdb.org/t/p/w500/8BdVk1u110lwHFELTEO9HrPrIDa.jpg
10179,The Ice Pirates,https://image.tmdb.org/t/p/w500/tv2iZbQYWwKcWOUWVFxOhcchKZT.jpg
15568,Gracie,https://image.tmdb.org/t/p/w500/gPmRGO7iwVRWNd0n5ePWLfSHeuH.jpg
14057,Trust the Man,https://image.tmdb.org/t/p/w500/njvBxeC3mj5XKjT9a2OdDglq9Yj.jpg
12621,Hamlet 2,https://image.tmdb.org/t/p/w500/ljdmxGNwhuWZBsCgANlZrruFkJj.jpg
1808,Velvet Goldmine,https://image.tmdb.org/t/p/w500/4EJkObEJFvXCuoVqOP7XBXGqdQ1.jpg
293670,The Wailing,https://image.tmdb.org/t/p/w500/lWE9ih9qgjx8HatYboP7fG0nri.jpg
67675,Glee: The Concert Movie,https://image.tmdb.org/t/p/w500/y5NCu183zREb4XmHSB6QP3K7TH2.jpg
27329,The Legend of Suriyothai,https://image.tmdb.org/t/p/w500/t7dh4Ex3xBJ1nwiPpRGxgCTUa3Y.jpg
29514,Two Evil Eyes,https://image.tmdb.org/t/p/w500/zVWaQfaSZ7AWE0XqbMT57szVmXo.jpg
250349,Barbecue,https://image.tmdb.org/t/p/w500/f6qSHIFvo2NhvlbAi8WBehd4Xne.jpg
12454,All or Nothing,https://image.tmdb.org/t/p/w500/5VRYeJ8DI3GkVzO7MUlug8v2BZO.jpg
39806,Princess Kaiulani,https://image.tmdb.org/t/p/w500/6dsQxILe0AHmQoxhK8O9dXpLTYd.jpg
15699,Opal Dream,https://image.tmdb.org/t/p/w500/3CNwFxtb3TYs1rzBsg9DnoPAbJS.jpg
8883,Flame & Citron,https://image.tmdb.org/t/p/w500/32CKp29QyqimkjtdJRBzSRHPx4j.jpg
17926,Undiscovered,https://image.tmdb.org/t/p/w500/7G9HOjUBcq1NDwff7Mc5GFhINSB.jpg
291081,Red Riding: In the Year of Our Lord 1974,https://image.tmdb.org/t/p/w500/1MGUwUFkcAKawdsT2q88Sdo2vv6.jpg
41248,The Girl on the Train,https://image.tmdb.org/t/p/w500/nche2N7Iu9hGJJcAKLpmeW4bEcM.jpg
25968,Veronika Decides to Die,https://image.tmdb.org/t/p/w500/oUo9CNSKz4ELnxAh4l3BPcXcxKq.jpg
9671,Crocodile Dundee,https://image.tmdb.org/t/p/w500/pduPduL1ub5kok3lPYT15ryC9L6.jpg
52010,"Ultramarines: A Warhammer 40,000 Movie",https://image.tmdb.org/t/p/w500/eFfkF9uVqOhAxIKEyNCHfRRdGgj.jpg
11588,The I Inside,https://image.tmdb.org/t/p/w500/vGPMhj7Pp2bxubm7JsCyTB3Tg6Z.jpg
43418,Beneath Hill 60,https://image.tmdb.org/t/p/w500/5eHtQC77fmILNRd7FG70SOdChs8.jpg
71157,Polisse,https://image.tmdb.org/t/p/w500/cKs3XSFVbFeZcH3g9geAvr6ApOl.jpg
13483,Awake,https://image.tmdb.org/t/p/w500/xqooV6lR1Kdx4Q52Sim0aGbDTYP.jpg
333355,Star Wars: Clone Wars: Volume 1,
327833,Skin Trade,https://image.tmdb.org/t/p/w500/dfXB4ZKQRINdrY3xXMyLUJrXQai.jpg
1547,The Lost Boys,https://image.tmdb.org/t/p/w500/nH1lvyQvfbL5GKScTtT6zkIvDEn.jpg
25196,Crazy Heart,https://image.tmdb.org/t/p/w500/zwao2YMsqf27IzNEtDNWSe0W9jH.jpg
16323,The Rose,https://image.tmdb.org/t/p/w500/3hYyA2g5r0TDRbkSAOEeKelylh2.jpg
175528,Baggage Claim,https://image.tmdb.org/t/p/w500/qSKvf23QuEJGt8MMrKvoFk85TZo.jpg
8069,Barbarella,https://image.tmdb.org/t/p/w500/facTz5BZz4AkJal1FWgjYciekih.jpg
71805,Shipwrecked,https://image.tmdb.org/t/p/w500/b1taxayvlKB6Qiera4O6gM8SocT.jpg
9451,Election,https://image.tmdb.org/t/p/w500/fbo0IYzBc32dD5SjFzKIgfp4O4F.jpg
16727,The Namesake,https://image.tmdb.org/t/p/w500/hxrf7HDwh0nIX4xXE06BdpEKW1V.jpg
272693,The DUFF,https://image.tmdb.org/t/p/w500/A6ScveWmIPL9vSYyULD8ObqyHDQ.jpg
10696,Glitter,https://image.tmdb.org/t/p/w500/388ru0R7fnBFPaVuJe4caRGGh54.jpg
150202,The Haunting in Connecticut 2: Ghosts of Georgia,https://image.tmdb.org/t/p/w500/fBuk4jsOUjjjxCqS6rPgMKi1RB0.jpg
19644,Silmido,https://image.tmdb.org/t/p/w500/jwE6cVIoJ4JP397yMGfBBpHMJmF.jpg
29963,Bright Star,https://image.tmdb.org/t/p/w500/csN6y4nq2kaBiegHaGw0DGp4plf.jpg
26022,My Name Is Khan,https://image.tmdb.org/t/p/w500/5Y36lCiNyyV71mjq6LavgiggbhT.jpg
152747,All Is Lost,https://image.tmdb.org/t/p/w500/9cVA4oX2xHgiglv6hemxwAaofsq.jpg
62676,Limbo,https://image.tmdb.org/t/p/w500/1ytI3G3dT6j888ySOwYhpJHz8ED.jpg
20360,Namastey London,https://image.tmdb.org/t/p/w500/dO0F66lM1jehIH5bsooKSbdz7xG.jpg
1116,The Wind That Shakes the Barley,https://image.tmdb.org/t/p/w500/yCb4LweL6U7KTgSda3Wb7vHiA9J.jpg
185008,Yeh Jawaani Hai Deewani,https://image.tmdb.org/t/p/w500/em39H81XLCDgXsI7V4IcBZseEO6.jpg
11620,Quo Vadis,https://image.tmdb.org/t/p/w500/dqF1dattMNiwGjPSphu2VSi558Q.jpg
14353,Repo! The Genetic Opera,https://image.tmdb.org/t/p/w500/2G5LczM1clXu3byEudWk9w0KDYD.jpg
11818,Valley of the Wolves: Iraq,https://image.tmdb.org/t/p/w500/s7NOQ6u6elKB7KiZVd3uUY3igW0.jpg
680,Pulp Fiction,https://image.tmdb.org/t/p/w500/vQWk5YBFWF4bZaofAbv0tShwBvQ.jpg
11176,The Muppet Movie,https://image.tmdb.org/t/p/w500/s1bZUzf2hmKp7aaB8MeP2AnqkJv.jpg
242582,Nightcrawler,https://image.tmdb.org/t/p/w500/j9HrX8f7GbZQm1BrBiR40uFQZSb.jpg
11217,Club Dread,https://image.tmdb.org/t/p/w500/9slWyVotwxZNthMcKoeFaK3tgNz.jpg
15121,The Sound of Music,https://image.tmdb.org/t/p/w500/c6CrUZypAsBCaRWX0M3RVRDbhNS.jpg
2619,Splash,https://image.tmdb.org/t/p/w500/7FutTsMWBwVhjk1Ujf1wtndUVZh.jpg
773,Little Miss Sunshine,https://image.tmdb.org/t/p/w500/niNdhTpPHSgw22tK0PLjQMV640v.jpg
235,Stand by Me,https://image.tmdb.org/t/p/w500/vz0w9BSehcqjDcJOjRaCk7fgJe7.jpg
170,28 Days Later,https://image.tmdb.org/t/p/w500/sQckQRt17VaWbo39GIu0TMOiszq.jpg
14114,You Got Served,https://image.tmdb.org/t/p/w500/nFwT3QisWFQa3Wlfnw1gC458xJn.jpg
10734,Escape from Alcatraz,https://image.tmdb.org/t/p/w500/uORr2GXQnyqgBOg6tVsRCJD2qxc.jpg
37964,Brown Sugar,https://image.tmdb.org/t/p/w500/n9SnhQk29094VoLfyiYM4viyCrU.jpg
28121,A Thin Line Between Love and Hate,https://image.tmdb.org/t/p/w500/wo9AGi5LlFXZUj8MDPq3eKCUMpd.jpg
40807,50/50,https://image.tmdb.org/t/p/w500/8f9tM9JVB4ETBhxlQcXIjLckArl.jpg
10885,Shutter,https://image.tmdb.org/t/p/w500/t5AEelR6nS0ISwaSZCcUrF2GKZi.jpg
225565,That Awkward Moment,https://image.tmdb.org/t/p/w500/tjDAdesZNYFyRNnZvLT0osc7S2t.jpg
16471,Modern Problems,https://image.tmdb.org/t/p/w500/aH21h3sMMN3r6d9I8VSBw28fW7V.jpg
385736,Kicks,https://image.tmdb.org/t/p/w500/5lW7mFOQW5wPlCIT0gUuYbhNtVP.jpg
11971,Much Ado About Nothing,https://image.tmdb.org/t/p/w500/tvltGP6vYOkHdURag0jPSjhPUAV.jpg
668,On Her Majesty's Secret Service,https://image.tmdb.org/t/p/w500/m3KfbxvqaiAvRJ6MpguA3GuLdDQ.jpg
11596,New Nightmare,https://image.tmdb.org/t/p/w500/q5BWxfL1x34nyYSvA3Qo5odleGW.jpg
14429,Drive Me Crazy,https://image.tmdb.org/t/p/w500/qq2jbAOw5yWTaSPJIRHxvTf0bND.jpg
13751,Akeelah and the Bee,https://image.tmdb.org/t/p/w500/tLejxaLJu8Qh5F2VKacWniMSZ3v.jpg
9490,Half Baked,https://image.tmdb.org/t/p/w500/14TmEac4bquNaEld9t0uIliYoKE.jpg
14536,New in Town,https://image.tmdb.org/t/p/w500/OMCGtMmmBE9NwmawLGZlaErdLk.jpg
1359,American Psycho,https://image.tmdb.org/t/p/w500/9uGHEgsiUXjCNq8wdq4r49YL8A1.jpg
9962,The Good Girl,https://image.tmdb.org/t/p/w500/jpRumFobwgPzxj5YH33Wswnxdam.jpg
15049,Bon Cop Bad Cop,https://image.tmdb.org/t/p/w500/kidOf2K4pEM0Llsm8aIRcANTcSF.jpg
22821,The Boondock Saints II: All Saints Day,https://image.tmdb.org/t/p/w500/jFHtFInp3tYIBxkwWMfNJf1RBZW.jpg
42819,The City of Your Final Destination,https://image.tmdb.org/t/p/w500/cZnLXkvocKkB2FVBNycouH5AopG.jpg
209263,Enough Said,https://image.tmdb.org/t/p/w500/p5naJg0K8xF0h0HWEfiz6rc9lC4.jpg
37735,Easy A,https://image.tmdb.org/t/p/w500/v5f1qO6NJnxWgONgkYg21TW39DT.jpg
59930,The Inkwell,https://image.tmdb.org/t/p/w500/b5qUq9l6ci9KzzAqYhpdxzjY7qi.jpg
10873,Shadow of the Vampire,https://image.tmdb.org/t/p/w500/nWm7DWi8X4D87XkM5qr9BhTJHq6.jpg
51588,Prom,https://image.tmdb.org/t/p/w500/pOYSCjYylOsEPkql3m9gcV1jycR.jpg
23570,The Pallbearer,https://image.tmdb.org/t/p/w500/zwHI9B3kcj3WqZoE2LaLDi6ZeAO.jpg
19489,Held Up,https://image.tmdb.org/t/p/w500/95AseMukZsjgDXC9NtgVQESAVgY.jpg
14629,Woman on Top,https://image.tmdb.org/t/p/w500/eYHvcMeVjWPwATYI0VCdecMy2n3.jpg
8293,Howards End,https://image.tmdb.org/t/p/w500/1009nhfj28VhhQnVadtjkOacduX.jpg
291270,Anomalisa,https://image.tmdb.org/t/p/w500/4DJ1zNr4Y6q7zQ27goEYla46VdO.jpg
44009,Another Year,https://image.tmdb.org/t/p/w500/zrkQcAatfBox5x9KZjaYGnKoqu6.jpg
1958,8 Women,https://image.tmdb.org/t/p/w500/bJu4Gm7NQb2woPiIovrPD5jNWzf.jpg
13154,Showdown in Little Tokyo,https://image.tmdb.org/t/p/w500/phwuQrs557cJkRhoS1TVWsslnJK.jpg
26618,Clay Pigeons,https://image.tmdb.org/t/p/w500/6cxoftMuiwcQ9xzXfvGWAQfWUmK.jpg
43923,It's Kind of a Funny Story,https://image.tmdb.org/t/p/w500/hQE4q8Szeaae4davgB7o8MTLmwr.jpg
46138,Made in Dagenham,https://image.tmdb.org/t/p/w500/lcQGPxuk0fclp9UrFevI2lhDi1l.jpg
45791,When Did You Last See Your Father?,https://image.tmdb.org/t/p/w500/fWzhqUMGva7sKENr4L6M1RC7BlA.jpg
26306,Prefontaine,https://image.tmdb.org/t/p/w500/3jtG9mgfiZRTRQf19BiUAY6QPN3.jpg
110683,The Wicked Lady,https://image.tmdb.org/t/p/w500/wpePR1PBAT3gQDsmDZQtB3q6ZLi.jpg
26963,The Secret of Kells,https://image.tmdb.org/t/p/w500/vBymyj7QsXiW4TICD2JC5pAuBHO.jpg
198277,Begin Again,https://image.tmdb.org/t/p/w500/qx4HXHXt528hS4rwePZbZo20xqZ.jpg
7870,Down in the Valley,https://image.tmdb.org/t/p/w500/qgyp48naq0W7j4NbOttFi91DlYW.jpg
13072,Brooklyn Rules,https://image.tmdb.org/t/p/w500/jTmCII6EnK1h0nLPusWvQnp9QTa.jpg
153397,Restless,
30141,The Singing Detective,https://image.tmdb.org/t/p/w500/bjkLSHpV294HIllRpHKWkNICs3N.jpg
17044,The Land Girls,https://image.tmdb.org/t/p/w500/tfdj6Wx8vCDNZbzmIRR2hDn5mAr.jpg
10288,Fido,https://image.tmdb.org/t/p/w500/hKUUn6f4Hxj5iqQKMlQzRqbg2yT.jpg
12183,The Wendell Baker Story,https://image.tmdb.org/t/p/w500/sdBiC4J0QMDOoPzX4eudGnTM0MJ.jpg
44147,Wild Target,https://image.tmdb.org/t/p/w500/ejKD5DQ7jouzEkz1fx5Fr8li2ZA.jpg
12192,Pathology,https://image.tmdb.org/t/p/w500/tK9DvIwAuX5AExgEZqLCnf7qy5k.jpg
36597,Wuthering Heights,
13197,10th & Wolf,https://image.tmdb.org/t/p/w500/2OBZth9rnSyMzZR8M0WwGj8ivDG.jpg
10913,Dear Wendy,https://image.tmdb.org/t/p/w500/2IF19Tcx5D9d8iUWa0PxFhO6MYZ.jpg
251321,Aloft,https://image.tmdb.org/t/p/w500/fxwJywCV6XLAFi0FcqVyduw0Fu.jpg
149,Akira,https://image.tmdb.org/t/p/w500/neZ0ykEsPqxamsX6o5QNUFILQrz.jpg
10425,The Death and Life of Bobby Z,https://image.tmdb.org/t/p/w500/sgIthxRLUBTbaetVXvXwQEmbfn2.jpg
49081,The Rocket: The Legend of Rocket Richard,https://image.tmdb.org/t/p/w500/uH55rXL4ad8TEm0vtlsFtXhZwKv.jpg
256687,Swelter,https://image.tmdb.org/t/p/w500/3DJ8KOT2t8y8FiLn3hrMyPT9MyS.jpg
220488,My Lucky Star,https://image.tmdb.org/t/p/w500/szLwgjHmmrDdFfDVnFnboNoex8v.jpg
1544,Imagine Me & You,https://image.tmdb.org/t/p/w500/a7CbxY3TMwFKX6awlBxhb7Es6tS.jpg
374461,Mr. Church,https://image.tmdb.org/t/p/w500/5fCfZEQwcbuqVPyMu7pN5XNpK5V.jpg
302,Swimming Pool,https://image.tmdb.org/t/p/w500/10xMAznUxI0LZPYyPxA9WjJsThr.jpg
182873,Green Street Hooligans: Underground,https://image.tmdb.org/t/p/w500/jtlDK3r8G282Vi0cGMxLVJJkhke.jpg
21512,The Blood of Heroes,https://image.tmdb.org/t/p/w500/ykdEyq2GCKRr8TsUBuVkRWuWkLj.jpg
389425,Code of Honor,https://image.tmdb.org/t/p/w500/zoNvd5DNrQwGjc9lVit7rJMYFQY.jpg
403,Driving Miss Daisy,https://image.tmdb.org/t/p/w500/iaCzvcY42HihFxQBTZCTKMpsI0P.jpg
29461,Soul Food,https://image.tmdb.org/t/p/w500/97t6YjxjTpwQ439MJcPiPDrMAg0.jpg
33542,Rumble in the Bronx,https://image.tmdb.org/t/p/w500/1nAfchiXHQB3iyhK8fCJJEnNs5A.jpg
283708,Far from Men,https://image.tmdb.org/t/p/w500/wREvEplB0wUf9eGLVTWpCR4Dz8o.jpg
9388,Thank You for Smoking,https://image.tmdb.org/t/p/w500/41bMmglWT72OaRXrMROEyksOf3J.jpg
1691,Hostel: Part II,https://image.tmdb.org/t/p/w500/qB20aiY8Ah3pQikkBxm3j7jQVc8.jpg
24684,An Education,https://image.tmdb.org/t/p/w500/gLIvvUdlocGjm8XVLxhWHAKWrRq.jpg
2610,Shopgirl,https://image.tmdb.org/t/p/w500/mEpnYHytC1MuLECf4N0g4Xql2t8.jpg
11308,The Hotel New Hampshire,https://image.tmdb.org/t/p/w500/9XGGGniMtBqhox7JAV5JujlUqFz.jpg
11022,Narc,https://image.tmdb.org/t/p/w500/uGHFyVdMQKvIXlsLAoXa5nOUGF.jpg
34341,Men with Brooms,https://image.tmdb.org/t/p/w500/qWWvljKlmYwf1XtlJ0vu0u66xpi.jpg
15365,Witless Protection,https://image.tmdb.org/t/p/w500/8oqQn2Yp0yc52mxZH1TDn6ByOb0.jpg
36046,The Work and the Glory,https://image.tmdb.org/t/p/w500/b5Y3hNp7jY2rVea9EP0iCToNMlO.jpg
12569,Extract,https://image.tmdb.org/t/p/w500/cjen0vxjybwItQPH3NNCJuME2MY.jpg
24356,Masked and Anonymous,https://image.tmdb.org/t/p/w500/zKxB2Ivm1717Hbnuvvy2lONC4R1.jpg
55903,Betty Fisher and Other Stories,https://image.tmdb.org/t/p/w500/ebo9Tgo8IYMmV7evHKEPXeKa7PQ.jpg
2577,Code 46,https://image.tmdb.org/t/p/w500/ijayvLrCAwOVizi9OY8LZWq5SRW.jpg
103903,Outside Bet,https://image.tmdb.org/t/p/w500/3VROYF5j0AjqI8hAtcBAYcQzHA6.jpg
73873,Albert Nobbs,https://image.tmdb.org/t/p/w500/68fdlvmqTWGC2y5nGXQE5RfgNB5.jpg
312113,Black November,https://image.tmdb.org/t/p/w500/onBy6iJt3BX8MSc7GjzIRgE07oV.jpg
14165,Ta Ra Rum Pum,https://image.tmdb.org/t/p/w500/2KfeenEAF4rgGW6wX9o6ejzL53G.jpg
2011,Persepolis,https://image.tmdb.org/t/p/w500/aU8i2QAdTyRR1nYb36Gq51xXP8p.jpg
45650,The Hole,https://image.tmdb.org/t/p/w500/tQMxsrsVtpB2D2n01nUqgOMmSWD.jpg
7735,The Wave,https://image.tmdb.org/t/p/w500/vtJ4u0fpTZhibxAJHzXtcdCxhsL.jpg
301365,The Neon Demon,https://image.tmdb.org/t/p/w500/3rBo2AfWSlvsPmYFdJsNUMfkNIo.jpg
25941,Harry Brown,https://image.tmdb.org/t/p/w500/lk9qVzvPHuL2vX9ixNut9n0KfYD.jpg
29064,The Omega Code,https://image.tmdb.org/t/p/w500/vU73cxp7kxi5142nYZVzRibF5QP.jpg
7326,Juno,https://image.tmdb.org/t/p/w500/jNIn2tVhpvFD6P9IojldI3mNYcn.jpg
326284,Pound of Flesh,https://image.tmdb.org/t/p/w500/lLxgyIuENnjPLeNIoqwIg3XBwJ1.jpg
681,Diamonds Are Forever,https://image.tmdb.org/t/p/w500/ooDT0eKrWCxJCsn9JehPkD0QYNj.jpg
238,The Godfather,https://image.tmdb.org/t/p/w500/3bhkrj58Vtu7enYsRolD1fZdja1.jpg
535,Flashdance,https://image.tmdb.org/t/p/w500/ziiy6ORt8BlxWFXskBChBMInvDA.jpg
19913,(500) Days of Summer,https://image.tmdb.org/t/p/w500/qXAuQ9hF30sQRsXf40OfRVl0MJZ.jpg
713,The Piano,https://image.tmdb.org/t/p/w500/rx8RKXn8OtuS6lqloYsjyrGOUp4.jpg
77930,Magic Mike,https://image.tmdb.org/t/p/w500/cfRv1INLSSumjvxAqEGOP6b0Aw1.jpg
10727,Darkness Falls,https://image.tmdb.org/t/p/w500/qoceKsM15yL5Tmyuhkdl7vM5Vi4.jpg
253,Live and Let Die,https://image.tmdb.org/t/p/w500/39qkrjqMZs6utwNmihVImC3ghas.jpg
17908,My Dog Skip,https://image.tmdb.org/t/p/w500/nnPv7RuSn6UaPjZussIFljZdWS8.jpg
8390,"Definitely, Maybe",https://image.tmdb.org/t/p/w500/4FuN9nBJ7ttO4BUopJCpT6B0yhH.jpg
57119,Jumping the Broom,https://image.tmdb.org/t/p/w500/60OXQUsWfAdSimqwAAJ5EvBxTre.jpg
3291,"Good Night, and Good Luck.",https://image.tmdb.org/t/p/w500/w4QSEno2xxHqMtSr3mPUhJpO3F2.jpg
398,Capote,https://image.tmdb.org/t/p/w500/tzsxkZMnJvozpHQEl1KzO8KwWu.jpg
8068,Desperado,https://image.tmdb.org/t/p/w500/e3gwpBeXpvGZsxUya9zNym5QXrw.jpg
10803,Logan's Run,https://image.tmdb.org/t/p/w500/v3ILN8ROPcrNRJ8S7GH24JyihH8.jpg
682,The Man with the Golden Gun,https://image.tmdb.org/t/p/w500/xVkbKwGnBVNQ122GN5bCTMyPbWz.jpg
10117,Action Jackson,https://image.tmdb.org/t/p/w500/vWBGkHT91My4T2iV3xgynpBTKtQ.jpg
9392,The Descent,https://image.tmdb.org/t/p/w500/mxFPI4KYBk5ri9cPteIS8jiDFgj.jpg
24977,Michael Jordan to the Max,https://image.tmdb.org/t/p/w500/z20ChkIl7zq7yOAIIJkDuUBV3x0.jpg
79316,Devil's Due,https://image.tmdb.org/t/p/w500/56zW5kl6b10UNIXpQZTUXV2iygC.jpg
2074,Flirting with Disaster,https://image.tmdb.org/t/p/w500/uIcgXQYm2eqguUaYdbolQ4LWpMy.jpg
1696,The Devil's Rejects,https://image.tmdb.org/t/p/w500/drZz4AuI7trq6BxlH9Xa4v4O0Pb.jpg
308639,Dope,https://image.tmdb.org/t/p/w500/n6u00imN7AX2NiyWUc5kTgHXmEf.jpg
22314,In Too Deep,https://image.tmdb.org/t/p/w500/mYteXffai9mmShyGCa4nPhfGCLQ.jpg
2662,House of 1000 Corpses,https://image.tmdb.org/t/p/w500/29c2qgXmSREosLBevOILEuMWzQC.jpg
77156,Alien Zone,https://image.tmdb.org/t/p/w500/77aIcIiYidhg4YFlNEXChaBk9R6.jpg
12573,A Serious Man,https://image.tmdb.org/t/p/w500/5gGxDS8WmrebPlMHexVS8EVehiP.jpg
44718,Get Low,https://image.tmdb.org/t/p/w500/6uUaQ5zn9neK1VLqO2sGClbJrb9.jpg
11342,Warlock,https://image.tmdb.org/t/p/w500/1QHjr4lBd3vBN4kEqdDFlnJbsa7.jpg
241771,Beyond the Lights,https://image.tmdb.org/t/p/w500/5Di9UXTa2bDec68WOFcZzgB1ot3.jpg
34653,A Single Man,https://image.tmdb.org/t/p/w500/oN20MLvoLv14whAss05V3ETBu0p.jpg
11051,The Last Temptation of Christ,https://image.tmdb.org/t/p/w500/7L4qwrC1mipZXJfU5oRgQWChLv1.jpg
14578,Outside Providence,https://image.tmdb.org/t/p/w500/xSqewkFWR0zs7OkXLOd10VnxFPN.jpg
57825,Bride & Prejudice,https://image.tmdb.org/t/p/w500/yqqo00GZqyG0dijKCqBbdQLUvht.jpg
9555,Rabbit-Proof Fence,https://image.tmdb.org/t/p/w500/vs8ATIRGEEYpcByrNtJ1WyI3LeD.jpg
15581,Who's Your Caddy?,https://image.tmdb.org/t/p/w500/5wBBy7y5woqSICjbQekzZjwJBe7.jpg
13006,Split Second,https://image.tmdb.org/t/p/w500/c111nTTNsArsUqJx662hPrFymyz.jpg
16651,The Other Side of Heaven,https://image.tmdb.org/t/p/w500/1jHSJULA0nEDfVeewlLvppsjve8.jpg
4251,Veer-Zaara,https://image.tmdb.org/t/p/w500/j267YqLvKAHeyykTflxzpgVgviQ.jpg
12400,Redbelt,https://image.tmdb.org/t/p/w500/tjLKe0QCGgSrvEd41Z4q2QpSoJF.jpg
39053,Cyrus,https://image.tmdb.org/t/p/w500/qkJ0rB1qf62TJ6thxEVRT7Eccqn.jpg
104896,A Dog Of Flanders,https://image.tmdb.org/t/p/w500/w65gcoD1zwmaPLM0gM8s9eynGcj.jpg
14112,Auto Focus,https://image.tmdb.org/t/p/w500/71CQUn4vtpDQtAPXtaLP7IGH0Sg.jpg
12271,Factory Girl,https://image.tmdb.org/t/p/w500/A5Sq71054VptVUQYGdIjjim4hFn.jpg
71859,We Need to Talk About Kevin,https://image.tmdb.org/t/p/w500/AtdYbs1SqYwFOLyi2v6ldVTawbn.jpg
226354,The Christmas Candle,https://image.tmdb.org/t/p/w500/7PpESUrwE2du9tWTjbQia4j9IKs.jpg
48620,The Mighty Macs,https://image.tmdb.org/t/p/w500/frNp8Rmkr8wBDyKrZ89gYvrtxBa.jpg
33676,Losin' It,https://image.tmdb.org/t/p/w500/7BQP8GzBW4ZZxqcc5tDH68yNeAI.jpg
37080,Mother and Child,https://image.tmdb.org/t/p/w500/k5CjH4scjbBlGWLdZyUS7NEZf16.jpg
25388,March or Die,https://image.tmdb.org/t/p/w500/jW21NrRlcrA4kucmD9hfnPbQEvL.jpg
11687,The Visitors,https://image.tmdb.org/t/p/w500/hPCq0buG5PaXgKjzT2ktjrjlpbj.jpg
39210,Somewhere,https://image.tmdb.org/t/p/w500/zOf1sdfF4eH3CVRCpmRO5ugVGdo.jpg
30128,I Hope They Serve Beer in Hell,https://image.tmdb.org/t/p/w500/oBBood3JcOu0LQstdL9FeqCxMwa.jpg
31535,Chairman of the Board,https://image.tmdb.org/t/p/w500/1eGB1EjaUjGbiuPBAqndlO3khyn.jpg
44835,Hesher,https://image.tmdb.org/t/p/w500/dD03azf3h1hUHVzVkkqJs96Kkay.jpg
192134,Dom Hemingway,https://image.tmdb.org/t/p/w500/hvrUPdZUDlSn1S4KCW5IdIMGS5D.jpg
1956,Gerry,https://image.tmdb.org/t/p/w500/jzuPVECdfWuHoBIqQEFajbSwwpa.jpg
24985,The Heart of Me,https://image.tmdb.org/t/p/w500/4zxVdxQoptVl7lShV7FJTMiKez5.jpg
306745,Freeheld,https://image.tmdb.org/t/p/w500/794PfYjTz3yxMRdTRmdFYt6w6ff.jpg
47088,The Extra Man,https://image.tmdb.org/t/p/w500/tkQkXXedFIe9HrVgl6wOfKMJQet.jpg
110402,Hard to Be a God,https://image.tmdb.org/t/p/w500/4lITcslPpm8NjTJyuVGMEwKvHcM.jpg
27004,Ca$h,https://image.tmdb.org/t/p/w500/e5B7nG6xREL6lNnS34ZoAvXbB9l.jpg
15013,Wah-Wah,https://image.tmdb.org/t/p/w500/awDKSn5dEJYJZXCQuXkoaQETzE2.jpg
8374,The Boondock Saints,https://image.tmdb.org/t/p/w500/wtLUmkWg41xFLpvmUWAN1mm65f6.jpg
277519,Z Storm,https://image.tmdb.org/t/p/w500/fAHPfitc4deaquh9mg2oIsMcMVV.jpg
78381,Twixt,https://image.tmdb.org/t/p/w500/jSn7DVovIFeTSiwwoziSYpJFaaS.jpg
164372,The Snow Queen,https://image.tmdb.org/t/p/w500/siQpJAT2IQjN218hxJXvrHePtNS.jpg
294512,Alpha and Omega: The Legend of the Saw Tooth Cave,https://image.tmdb.org/t/p/w500/rUgutlhSQabaKO5DPBE2Co8mlyF.jpg
8879,Pale Rider,https://image.tmdb.org/t/p/w500/kpAN5WnDEVWYzMDPkXHTbrDQuak.jpg
13001,Stargate: The Ark of Truth,https://image.tmdb.org/t/p/w500/kIqsCdZBmKYuPwaDnrFYzK1gqlM.jpg
9571,Dazed and Confused,https://image.tmdb.org/t/p/w500/msG9awbLhVZwv1Eh9Ge7SofMexW.jpg
13649,High School Musical 2,https://image.tmdb.org/t/p/w500/kqImEYXsDIlzPpu0KxyTXIx7smW.jpg
325373,Two Lovers and a Bear,https://image.tmdb.org/t/p/w500/q8anLL9m6ON7kTJ4Pbcuofls4gQ.jpg
334527,Criminal Activities,https://image.tmdb.org/t/p/w500/dwPUSDETHavt2c2bdLbG1RKxkVB.jpg
2211,Aimee & Jaguar,https://image.tmdb.org/t/p/w500/vd6c4PliEGXgtWTzq1iFxnXIE5H.jpg
13919,The Chumscrubber,https://image.tmdb.org/t/p/w500/uMb26IjDgdq8p4H3XNO1CAsjT4m.jpg
14576,Shade,https://image.tmdb.org/t/p/w500/2uK217wp1SSFgbIcwDaPrzlLd7X.jpg
82505,House at the End of the Street,https://image.tmdb.org/t/p/w500/bgHeZ5g7YyxKcwWw1tgyAMy0czy.jpg
46738,Incendies,https://image.tmdb.org/t/p/w500/yH6DAQVgbyj72S66gN4WWVoTjuf.jpg
38970,"Remember Me, My Love",https://image.tmdb.org/t/p/w500/3GcAGqAtaSfD8V2ULGV1v6CROPj.jpg
41009,Perrier’s Bounty,https://image.tmdb.org/t/p/w500/rZnWNxcIFNaTdshmkaFkmFkpQsB.jpg
7347,Elite Squad,https://image.tmdb.org/t/p/w500/lwIXz785N2fXi8hsBr1IXciFlkM.jpg
250546,Annabelle,https://image.tmdb.org/t/p/w500/yLsuU2P2SpDYFwtZQ7dtfVAf6TE.jpg
38415,Bran Nue Dae,https://image.tmdb.org/t/p/w500/7tB7mr0OqHsgATo58PAtSNJpaP7.jpg
650,Boyz n the Hood,https://image.tmdb.org/t/p/w500/v4ox4aSCNT5vyLXl4Q71JiWwCXW.jpg
16620,La Bamba,https://image.tmdb.org/t/p/w500/6Znulqtc7cdqlUC69HGf26Ef5fi.jpg
25113,The Four Seasons,https://image.tmdb.org/t/p/w500/lBbYcek6lm8xA41HjvwCSnvjVJm.jpg
11033,Dressed to Kill,https://image.tmdb.org/t/p/w500/oy1m5dd44foNrxV8U9l6Walx82V.jpg
34723,The Adventures of Huck Finn,https://image.tmdb.org/t/p/w500/8VpQZ43hdaTUmkMoe2CnED1Y2fS.jpg
9430,Go,https://image.tmdb.org/t/p/w500/7UzD5Dmu3jqb2ls4Lnb4SYQqbYm.jpg
8998,Friends with Money,https://image.tmdb.org/t/p/w500/8WdKFowmvfxmDJP5uS0Mf7kdskO.jpg
10514,The Andromeda Strain,https://image.tmdb.org/t/p/w500/4FBSFz8wLpxd4o6hnvKOJJ8WSIz.jpg
10496,Bats,https://image.tmdb.org/t/p/w500/pZRcf2BwcxWg594X6XT2jkR2qdb.jpg
1591,Nowhere in Africa,https://image.tmdb.org/t/p/w500/2ED1GaTKhHielGYa1giBsxfoacp.jpg
76025,Shame,https://image.tmdb.org/t/p/w500/cAWLz9kFv4xc6IsEXTj2DrcqD55.jpg
4836,Layer Cake,https://image.tmdb.org/t/p/w500/rDOxXteqxALBaSa3V3zTjGJuyWB.jpg
14631,The Work and the Glory II: American Zion,https://image.tmdb.org/t/p/w500/uXGtTR0VhmP1CcJRbBMn07gHc7d.jpg
87499,The East,https://image.tmdb.org/t/p/w500/qTJPT1jFz94vSkmiHMUxQTfQsL7.jpg
18923,A Home at the End of the World,https://image.tmdb.org/t/p/w500/o1YC1V30LR0LJzGR6JtbzpDSTYy.jpg
26665,Aberdeen,https://image.tmdb.org/t/p/w500/yjDBeAxrXXd4kt4DpTbjHsmtukk.jpg
28089,The Messenger,https://image.tmdb.org/t/p/w500/p4fJyH7mMbasiFYwiw2nE7D6pMY.jpg
62255,Tracker,https://image.tmdb.org/t/p/w500/lPPLs4SFP4Pk3SCJbQfhp9vtbL8.jpg
5708,Control,https://image.tmdb.org/t/p/w500/jOJiaOhwrDdwqTRZvZOhbndqHGp.jpg
218,The Terminator,https://image.tmdb.org/t/p/w500/qvktm0BHcnmDpul4Hz01GIazWPr.jpg
338,"Good bye, Lenin!",https://image.tmdb.org/t/p/w500/uHk1oGEbnvQGLnyiiYxTslZLoog.jpg
21641,The Damned United,https://image.tmdb.org/t/p/w500/ftlbCma6QoRiZgiflVmLuPKHrkq.jpg
10925,The Return of the Living Dead,https://image.tmdb.org/t/p/w500/oNsV9BychAe4Sk6xFKp558Rlpyz.jpg
2293,Mallrats,https://image.tmdb.org/t/p/w500/2ip0sGIMPN0XEN6q3lQIoaNI6tP.jpg
621,Grease,https://image.tmdb.org/t/p/w500/2rM7fQKpb7cs1Iq7IBqub9LFDzJ.jpg
792,Platoon,https://image.tmdb.org/t/p/w500/m3mmFkPQKvPZq5exmh0bDuXlD9T.jpg
1777,Fahrenheit 9/11,https://image.tmdb.org/t/p/w500/cZ7M343iuiMDc36fSeSm699XQFv.jpg
642,Butch Cassidy and the Sundance Kid,https://image.tmdb.org/t/p/w500/gFmmykF1Ym3OGzENo50nZQaD1dx.jpg
433,Mary Poppins,https://image.tmdb.org/t/p/w500/o4Wsby4ydIXhWmtmfvb451D5Np1.jpg
16619,Ordinary People,https://image.tmdb.org/t/p/w500/tJVETEDAKgD3fEh88SHOvMvOQue.jpg
1725,West Side Story,https://image.tmdb.org/t/p/w500/nzCMu6D5q60i2bVrIQ0DxlRSgCZ.jpg
11977,Caddyshack,https://image.tmdb.org/t/p/w500/lXnNz7zOXCsftMDVoU3VSo0Eioi.jpg
20322,The Brothers,https://image.tmdb.org/t/p/w500/342I0mOBCNTzx4ls4GvIagfzu2m.jpg
16158,The Wood,https://image.tmdb.org/t/p/w500/yEWMSJHkzMLgsTgsvR5TxuP3lBt.jpg
629,The Usual Suspects,https://image.tmdb.org/t/p/w500/99X2SgyFunJFXGAYnDv3sb9pnUD.jpg
10160,A Nightmare on Elm Street 5: The Dream Child,https://image.tmdb.org/t/p/w500/kizvpgXQfrAgN8FhOd87LbKk6kO.jpg
11452,National Lampoon’s Van Wilder,https://image.tmdb.org/t/p/w500/4IvM4qnzlo62oLmS54FtyRt54ze.jpg
12163,The Wrestler,https://image.tmdb.org/t/p/w500/6OTR8dSoNGjWohJNo3UhIGd3Tj.jpg
32275,Duel in the Sun,https://image.tmdb.org/t/p/w500/dW479xuDWrcuFuxr7yfoReztlzF.jpg
13785,Best in Show,https://image.tmdb.org/t/p/w500/2SqHjWWqfJjQE6zLCbQR9HMla4Q.jpg
1103,Escape from New York,https://image.tmdb.org/t/p/w500/vH9llaphjAssRGi0k7e75tD40Ce.jpg
36739,School Daze,https://image.tmdb.org/t/p/w500/vnfjKHcmah7ReMxLNF18JMXFgSZ.jpg
14144,Daddy Day Camp,https://image.tmdb.org/t/p/w500/fhuhSVb3j8SShe6FhnVUAfSRg6h.jpg
10622,Mr. Nice Guy,https://image.tmdb.org/t/p/w500/wAAt2gvbkbeefzjd06GPfkdfUho.jpg
13370,A Mighty Wind,https://image.tmdb.org/t/p/w500/5wUYwAD75BxtJ0Mp4da6XzHIFex.jpg
11191,Mystic Pizza,https://image.tmdb.org/t/p/w500/2wqMKLJEMjenT7U8UqnuI070cUC.jpg
10215,Sliding Doors,https://image.tmdb.org/t/p/w500/s8VOVTywXZIIHqdEjkCZziH0ebq.jpg
25066,Tales from the Hood,https://image.tmdb.org/t/p/w500/glPNCcI7V8zTTI3BG0iIUJJcwXN.jpg
1523,The Last King of Scotland,https://image.tmdb.org/t/p/w500/n1CgN2mS7RSxHhv2R1DdisYDvT6.jpg
11361,Halloween 5: The Revenge of Michael Myers,https://image.tmdb.org/t/p/w500/rYvP6yMXCIVHnkVtwGaAXFmpzkB.jpg
92591,Bernie,https://image.tmdb.org/t/p/w500/rW5CetooG545jpkPNpD4FjFAXfe.jpg
57612,Dolphins and Whales: Tribes of the Ocean,https://image.tmdb.org/t/p/w500/gvrzdrxr69ZdzjfMQ4evhujAGbF.jpg
12509,Pollock,https://image.tmdb.org/t/p/w500/azsBSw2zw2uNHiCjTnbe9TJVEDB.jpg
15256,200 Cigarettes,https://image.tmdb.org/t/p/w500/ssbx2Mk5ZCJWpXALuP2AdG0GFIT.jpg
83686,The Words,https://image.tmdb.org/t/p/w500/aJtPLZS7tlpiQl6pEr8H42K565x.jpg
80304,Casa De Mi Padre,https://image.tmdb.org/t/p/w500/kVCc7xwTAlckBofazrwIz8x1TXC.jpg
28053,City Island,https://image.tmdb.org/t/p/w500/t7LJY2LCcGRLP9E4QbwBkLpZ2W7.jpg
67913,The Guard,https://image.tmdb.org/t/p/w500/dtQiStID0le2EMTmJXupPRybARB.jpg
13991,College,https://image.tmdb.org/t/p/w500/lY2AHNzHEtlWLisRj0ezSRmnDAt.jpg
1443,The Virgin Suicides,https://image.tmdb.org/t/p/w500/1NCQtXPQnaHRjOZVmktA9BSM35F.jpg
8545,Little Voice,https://image.tmdb.org/t/p/w500/7VxdMxSa3BEAvGl5nLvsgpBwrZH.jpg
19556,Miss March,https://image.tmdb.org/t/p/w500/rJovsKIjVsSMuwURASoTZJB6jvI.jpg
231576,Wish I Was Here,https://image.tmdb.org/t/p/w500/hDDXIWLBS6rNPJS4tQvEXWxGXjK.jpg
16172,Simply Irresistible,https://image.tmdb.org/t/p/w500/zFsqqPQUz69wPaLBqQeiGbGiW7J.jpg
13403,Hedwig and the Angry Inch,https://image.tmdb.org/t/p/w500/jafIFAW8sHQkzWPGoMDR4892dFI.jpg
15797,Only the Strong,https://image.tmdb.org/t/p/w500/pPWV5rBhCgzlzhwkpdRG7a7UZqt.jpg
347764,Goddess of Love,https://image.tmdb.org/t/p/w500/5zrBskQtkPzthObgssDuUTG7hcd.jpg
13537,Shattered Glass,https://image.tmdb.org/t/p/w500/bIFJ49tk79hiFr9Z6bF6QapTg66.jpg
20794,Novocaine,https://image.tmdb.org/t/p/w500/6ZVFepWKzYho4DLhyFVuRk7klZ1.jpg
31064,The Business of Strangers,https://image.tmdb.org/t/p/w500/5iVwXnV2fraxy6NYzxZ07jMWW0u.jpg
576,The Wild Bunch,https://image.tmdb.org/t/p/w500/8j9yEC3xjy1PJDSizIbaxcHaSph.jpg
13990,The Wackness,https://image.tmdb.org/t/p/w500/gmtlqHZs8YBXcpMw4BgA3SGJfg8.jpg
11583,The First Great Train Robbery,https://image.tmdb.org/t/p/w500/4LqLUNoCwoPQNmrRuDZa0zC3hT8.jpg
18602,Morvern Callar,https://image.tmdb.org/t/p/w500/kKGUF97v8a62MtSKM0V6fqDxGTS.jpg
27549,Beastmaster 2: Through the Portal of Time,https://image.tmdb.org/t/p/w500/3bIxjt2uyyeinjU23k115YPhXe1.jpg
59728,The 5th Quarter,https://image.tmdb.org/t/p/w500/syFkrTRZ5aaHqia45cQbhLADkFB.jpg
10930,The Flower of Evil,https://image.tmdb.org/t/p/w500/kbOV3t9rQMkLaARTkb4DumTdJdw.jpg
32395,The Greatest,https://image.tmdb.org/t/p/w500/7dNynUNdYSxeOpuJJNv3Fyk54NA.jpg
58882,Snow Flower and the Secret Fan,https://image.tmdb.org/t/p/w500/lhhlq19I9BjcfmGLZc7SzHQULo0.jpg
7547,Come Early Morning,https://image.tmdb.org/t/p/w500/5faIZQlDLIKEH8zLBf1oKrbHIXv.jpg
35944,Lucky Break,https://image.tmdb.org/t/p/w500/63JHVXD2bkPBdIFgprqXKu3k8bw.jpg
42222,Julia,https://image.tmdb.org/t/p/w500/qHtPzs9eVCilp88c1arq73gH6xk.jpg
13827,"Surfer, Dude",https://image.tmdb.org/t/p/w500/948AdP72iLQUjWvKp9r8981PT28.jpg
44260,Lake of Fire,https://image.tmdb.org/t/p/w500/uFdUv0neGCpaYLRJN45mnpc0pdR.jpg
9282,11:14,https://image.tmdb.org/t/p/w500/3TFB0Doe92l9Jgc5qtUnE6r9rqt.jpg
38940,Men of War,https://image.tmdb.org/t/p/w500/rrwG9foUMulWBI2Nk7s6Bcgwfim.jpg
35689,Don McKay,https://image.tmdb.org/t/p/w500/pkziSZ6vmwFnhybgBAM96Q6xKMr.jpg
97614,Deadfall,https://image.tmdb.org/t/p/w500/5ZM6uKhuEzWZD3xklmqKPuvq1Nj.jpg
37206,A Shine of Rainbows,https://image.tmdb.org/t/p/w500/9FWxI20tzm9LuP3KT9cbmp5YN6Q.jpg
58626,The Hit List,https://image.tmdb.org/t/p/w500/tR88diuLaMMdxl9rBVdAKERzIjo.jpg
183894,Emma,
837,Videodrome,https://image.tmdb.org/t/p/w500/qqqkiZSU9EBGZ1KiDmfn07S7qvv.jpg
1555,The Spanish Apartment,https://image.tmdb.org/t/p/w500/baDm4V3Dqx2hNh7WF1NvGrHGgqQ.jpg
244783,Song One,https://image.tmdb.org/t/p/w500/a6dSJIEMxZFvQ7XJy4sf9fR0p7f.jpg
16564,Winter in Wartime,https://image.tmdb.org/t/p/w500/xwPAQjLoIqqAAGRZ5ke5j7OpKSH.jpg
168027,Freaky Deaky,https://image.tmdb.org/t/p/w500/1rMr42ppp05ikGgoJf1efx0ouJZ.jpg
3482,The Train,https://image.tmdb.org/t/p/w500/bzgPLB7efMohled42PIn6CcOTnO.jpg
135595,Trade Of Innocents,https://image.tmdb.org/t/p/w500/fEr6rVOHpXpnBK2WRZZ1wn0PEF9.jpg
8982,The Protector,https://image.tmdb.org/t/p/w500/uKE9BxgtT5g2pE3ZKC7MnzsAbTZ.jpg
89861,Stiff Upper Lips,https://image.tmdb.org/t/p/w500/3BKL5t6z6kudeDmuwYiIF5dzAV8.jpg
455,Bend It Like Beckham,https://image.tmdb.org/t/p/w500/2dzSBmFWWqt8NbnubJKIWU21Y86.jpg
57022,Sunshine State,https://image.tmdb.org/t/p/w500/8OsgdG53vzF5uC8pCE61SA1tiNF.jpg
14351,Crossover,https://image.tmdb.org/t/p/w500/jMShqkxESzjcXWdhGJz65CPWi8L.jpg
147767,Khiladi 786,https://image.tmdb.org/t/p/w500/3chNHVi7j0jmUvJ1k7n2EYPfFmC.jpg
10664,[REC]²,https://image.tmdb.org/t/p/w500/4JG5WKfIGD6r7hdbqJVr2WKIxEe.jpg
55567,Standing Ovation,https://image.tmdb.org/t/p/w500/tPd7dnvIgzkvM8XLyC4mQCq21T1.jpg
9277,The Sting,https://image.tmdb.org/t/p/w500/ckmYng37zey8INYf6d10cVgIG93.jpg
9443,Chariots of Fire,https://image.tmdb.org/t/p/w500/qnRaum8k0HqGRml2i7OawFqUtEb.jpg
16186,Diary of a Mad Black Woman,https://image.tmdb.org/t/p/w500/4w36ckDhsWFPD9XaHOOJb1ru7JZ.jpg
7863,Shine,https://image.tmdb.org/t/p/w500/cbmThowj2XAW7lKlMAXmnhZvjGI.jpg
138697,Don Jon,https://image.tmdb.org/t/p/w500/uh8bwvgGXeUKzdL4oSul9zxyTcd.jpg
11901,High Plains Drifter,https://image.tmdb.org/t/p/w500/AjkJCFkqanK1OZqiHxc6Kl2wPQO.jpg
1548,Ghost World,https://image.tmdb.org/t/p/w500/uwKqnUPE4dSM0kKuMW0vXpURh2T.jpg
11889,Iris,https://image.tmdb.org/t/p/w500/sm1ve46SuxDVywnvVEg2XvhvlK8.jpg
33155,Galaxina,https://image.tmdb.org/t/p/w500/A66Uw4QFyESPwnDnlvudKKR2Qsv.jpg
5528,The Chorus,https://image.tmdb.org/t/p/w500/hUl7gSvkGygyk9wt3zy5NqpC5bb.jpg
321,Mambo Italiano,https://image.tmdb.org/t/p/w500/siYFoZUq0HOCksnOc7me8YT1AOo.jpg
4997,Wonderland,https://image.tmdb.org/t/p/w500/mfG8S7D4rYeVqvTzjc3D36PAK3R.jpg
925,Do the Right Thing,https://image.tmdb.org/t/p/w500/63rmSDPahrH7C1gEFYzRuIBAN9W.jpg
27451,Harvard Man,https://image.tmdb.org/t/p/w500/vxZG1UXh8gA3nYmrPNUWCHGGBFn.jpg
73532,Le Havre,https://image.tmdb.org/t/p/w500/zBmY6X1hO1MKDj2bNXZ17Q6RDVJ.jpg
979,Irreversible,https://image.tmdb.org/t/p/w500/rxeDxo8FvZpLu6iplNpxdtAVnfu.jpg
193722,R100,https://image.tmdb.org/t/p/w500/qFdPIMXSBraNyMWwrWvYtJ9fT8g.jpg
7913,Rang De Basanti,https://image.tmdb.org/t/p/w500/f1bF8CHzEu621bPSIg6XiUNAabh.jpg
253253,Animals,https://image.tmdb.org/t/p/w500/2mwMeQ5SEmw1cEUBVYEtP3helTo.jpg
51995,Salvation Boulevard,https://image.tmdb.org/t/p/w500/q8kPPcpPUGhdAOP5LYHDMKZBXYP.jpg
13173,The Ten,https://image.tmdb.org/t/p/w500/byhpbEcL1tuoNhU3x5vYF45QM8X.jpg
22908,A Room for Romeo Brass,https://image.tmdb.org/t/p/w500/gLpv2UUf5We4sXDKdo11aFfnKgw.jpg
70670,Headhunters,https://image.tmdb.org/t/p/w500/k5DQqsb9T8djkTAOdwNCBBBHrtK.jpg
84204,Grabbers,https://image.tmdb.org/t/p/w500/n1CkFfuDCh4NDZgaXmyna3V0Hxc.jpg
25248,Saint Ralph,https://image.tmdb.org/t/p/w500/3MdWgqUunIBWnc7mYi2dtZrD54Y.jpg
230266,Miss Julie,https://image.tmdb.org/t/p/w500/11X9DZGT3P7bJhWxfwFdCkWHILS.jpg
16633,Somewhere in Time,https://image.tmdb.org/t/p/w500/hmdegiSwVYUNvEfihaE3HRM3Sos.jpg
63006,Dum Maaro Dum,https://image.tmdb.org/t/p/w500/uzqKhhSA6ypWwqsnZSwCs7C42sb.jpg
91586,Insidious: Chapter 2,https://image.tmdb.org/t/p/w500/w5JjiB3O1CLDXbTJe1QpU5RHmlU.jpg
215,Saw II,https://image.tmdb.org/t/p/w500/gTnaTysN8HsvVQqTRUh8m35mmUA.jpg
333371,10 Cloverfield Lane,https://image.tmdb.org/t/p/w500/q8A39vcBDruhvoDTJd6L8a4lnTi.jpg
9012,Jackass: The Movie,https://image.tmdb.org/t/p/w500/9Rb659hvGfmef1xm0mMvDHEBqmf.jpg
345911,Lights Out,https://image.tmdb.org/t/p/w500/8BnElzAQQpp7ZgdJJiAe1diomr4.jpg
72571,Paranormal Activity 3,https://image.tmdb.org/t/p/w500/9nYranPiWdNmbD5PRPPSL7VUFTS.jpg
242512,Ouija,https://image.tmdb.org/t/p/w500/gwjHlGjK2xXKpjd65BWyAMwzTWC.jpg
10072,A Nightmare on Elm Street 3: Dream Warriors,https://image.tmdb.org/t/p/w500/qbtZewU6EGvxi8yFVzwZ31NijLX.jpg
211954,Instructions Not Included,https://image.tmdb.org/t/p/w500/x3Ygv0aZbZ3iUMeXyIlSu0Ugyp5.jpg
82990,Paranormal Activity 4,https://image.tmdb.org/t/p/w500/na5tAslm1kGNcft083AIXMTOsYR.jpg
29912,The Robe,https://image.tmdb.org/t/p/w500/qFYZNGzftIM8dqGMJBToGraAFJp.jpg
11843,The Return of the Pink Panther,https://image.tmdb.org/t/p/w500/vMyjHGfCT89RpwLeN7ofmfgDru7.jpg
11284,Freddy's Dead: The Final Nightmare,https://image.tmdb.org/t/p/w500/e4qh58n2WaG4Gyh9VhjOUeN9Mhv.jpg
504,Monster,https://image.tmdb.org/t/p/w500/sWPKG1GX0woLNBuvDZkwZC8Q3Ub.jpg
173,"20,000 Leagues Under the Sea",https://image.tmdb.org/t/p/w500/heAEH85fdxEgV98LizHbQCL95iZ.jpg
227348,Paranormal Activity: The Marked Ones,https://image.tmdb.org/t/p/w500/2o4vBAnORr9UnLMvWHhULGDHfzH.jpg
1955,The Elephant Man,https://image.tmdb.org/t/p/w500/u0wpPYjuSt8DIe1Y3Vapnh8jcKE.jpg
152532,Dallas Buyers Club,https://image.tmdb.org/t/p/w500/7Fdh7gUq3plvQqxRbNYhWvDABXA.jpg
243940,The Lazarus Effect,https://image.tmdb.org/t/p/w500/4aq0TOLvITU3iWRUfxlRc83lMz1.jpg
77,Memento,https://image.tmdb.org/t/p/w500/nzlv62aC0octS5AklAiWpXLX9Z0.jpg
157547,Oculus,https://image.tmdb.org/t/p/w500/yCzR1yKRLiJyTDLgY1ppazXEmdE.jpg
2295,Clerks II,https://image.tmdb.org/t/p/w500/cLSW0nW94XT0DmBS69ublcLfQ9c.jpg
71,Billy Elliot,https://image.tmdb.org/t/p/w500/mYtqgWCJiXpDeZwjVcC3OQGD8IR.jpg
147773,The Way Way Back,https://image.tmdb.org/t/p/w500/4DgA0EDDVv37C8xISc3Vv0rhxlL.jpg
16096,House Party 2,https://image.tmdb.org/t/p/w500/4iKDkzUZtS6vzINfbwYHAb1bNbA.jpg
24266,The Man from Snowy River,https://image.tmdb.org/t/p/w500/1alAfoJf7Pjn0QuwzO9wY7SLQCt.jpg
16508,Doug's 1st Movie,https://image.tmdb.org/t/p/w500/hZduJdSSWCkmvnBpNyRaIszubVm.jpg
2895,The Apostle,https://image.tmdb.org/t/p/w500/9KqCzLhWbFMBPjqRpZ69izRiYgG.jpg
15660,Mommie Dearest,https://image.tmdb.org/t/p/w500/3Amv5uQfadEonn7SmYLfNnoeOSu.jpg
59968,Our Idiot Brother,https://image.tmdb.org/t/p/w500/2HahJCcUEduvMUTQhsqRwutpFw1.jpg
323677,Race,https://image.tmdb.org/t/p/w500/ubbNizkhjEYw06XB7b0YMgsHXG1.jpg
19848,The Players Club,https://image.tmdb.org/t/p/w500/zq6D4HBRK6GMaJj4w5n5QsKXkLF.jpg
256274,"As Above, So Below",https://image.tmdb.org/t/p/w500/oJZSajKLJkoTOzSZQN2ZwRnPwHZ.jpg
235271,Addicted,https://image.tmdb.org/t/p/w500/fAERrD6vvmznDoL99wlgjhSfPcH.jpg
45153,Eve's Bayou,https://image.tmdb.org/t/p/w500/33yTPcGSv7eo3FVlb7XKACHl1M8.jpg
284293,Still Alice,https://image.tmdb.org/t/p/w500/jJiGGbuLW8IkEnh5073maEmIr7V.jpg
24973,The Egyptian,https://image.tmdb.org/t/p/w500/vYLY2YIGCWINPSzLg6tBiN6ub7X.jpg
21610,Nighthawks,https://image.tmdb.org/t/p/w500/2QgpCgOmlgvOPMMC0OrgCv5EKIf.jpg
10283,Friday the 13th Part VIII: Jason Takes Manhattan,https://image.tmdb.org/t/p/w500/6ezOsZ9UzqGnbDokaatxdOWP6e9.jpg
8346,My Big Fat Greek Wedding,https://image.tmdb.org/t/p/w500/ztc05ym0T3stnBpRHdxEs3Zwsmp.jpg
122081,Spring Breakers,https://image.tmdb.org/t/p/w500/9tyPnyEkL44qbAliM9jMRWc6bjg.jpg
10987,Halloween: The Curse of Michael Myers,https://image.tmdb.org/t/p/w500/noCnM8nEI2bEDSdKHh0RKbwBwbC.jpg
1391,Y Tu Mamá También,https://image.tmdb.org/t/p/w500/aj3rqjab8jfc2fWmcS3H3c5qbur.jpg
747,Shaun of the Dead,https://image.tmdb.org/t/p/w500/dgXPhzNJH8HFTBjXPB177yNx6RI.jpg
14745,The Haunting of Molly Hartley,https://image.tmdb.org/t/p/w500/XSy8BKHIa19yMAt7XyO2s9oIT5.jpg
26748,Lone Star,https://image.tmdb.org/t/p/w500/lBxY8znsRoqa9Dy2NCe8I6GPsRm.jpg
11357,Halloween 4: The Return of Michael Myers,https://image.tmdb.org/t/p/w500/eFSOkXF9n9hsfGv45MDsPixiOyx.jpg
24913,April Fool's Day,https://image.tmdb.org/t/p/w500/prNp2xFZXIE6IwO2uOnqwtdfRQI.jpg
13776,Diner,https://image.tmdb.org/t/p/w500/2vKIdZ6JkFIzcQeaHg3xtdvOyRO.jpg
14854,Lone Wolf McQuade,https://image.tmdb.org/t/p/w500/dLVegSmoFM5ekThmUauuhnAOejb.jpg
50357,Apollo 18,https://image.tmdb.org/t/p/w500/4bLqU6YncqvKETzvPZPPoVrLUYM.jpg
13090,Sunshine Cleaning,https://image.tmdb.org/t/p/w500/xwtJyfme086wcz9MXpP0i5Hrgxy.jpg
192141,No Escape,https://image.tmdb.org/t/p/w500/6WLnzTG4Hz3lFvfZGSsyB8NFGgM.jpg
16441,The Beastmaster,https://image.tmdb.org/t/p/w500/ytaKNYpHdQnClTbWL2m19Xv6PXZ.jpg
29996,Solomon and Sheba,https://image.tmdb.org/t/p/w500/sQPLRT014vOADFyvh54TpXFyBPZ.jpg
351819,Fifty Shades of Black,https://image.tmdb.org/t/p/w500/nkGhv7WMbyX7tL8CJkvMY3S2lW.jpg
14834,Not Easily Broken,https://image.tmdb.org/t/p/w500/8gmdToawg8gaSe9yWZjQ10v7noL.jpg
22649,A Farewell to Arms,https://image.tmdb.org/t/p/w500/eNmPByGZJqlp60nCZRhsAlVAb3F.jpg
378200,The Perfect Match,https://image.tmdb.org/t/p/w500/sAiF9gKhb3gPbnp9g5nNhrfTqpL.jpg
20455,Digimon: The Movie,https://image.tmdb.org/t/p/w500/tiH1muonzAWzlLjPhjAcAYVAjzm.jpg
13193,Saved!,https://image.tmdb.org/t/p/w500/nmf2tFTcRJZVEQ9e3mgLH5gAQYs.jpg
11042,The Barbarian Invasions,https://image.tmdb.org/t/p/w500/mqlgZiQHT3B5J8Q4mkgaCkt47uJ.jpg
10786,Robin and Marian,https://image.tmdb.org/t/p/w500/y2UlVt6U8mFeegVL42rZjD5y6c7.jpg
12484,The Forsaken,https://image.tmdb.org/t/p/w500/4RN5EKSHawgUMoPzjzyyXCXckYk.jpg
17339,Force 10 from Navarone,https://image.tmdb.org/t/p/w500/3bFRwivCZuXx7fHWt4SpYaiHkNL.jpg
11959,UHF,https://image.tmdb.org/t/p/w500/wxx5YQLKVH1WMSRXQAUnC76r4iY.jpg
9900,Grandma's Boy,https://image.tmdb.org/t/p/w500/fSRdHBtisU0zhks4OjKezI3jnt7.jpg
14662,Slums of Beverly Hills,https://image.tmdb.org/t/p/w500/bTY6I0Mju4vTRHGoTZrNtxtAlAO.jpg
335,Once Upon a Time in the West,https://image.tmdb.org/t/p/w500/qbYgqOczabWNn2XKwgMtVrntD6P.jpg
15745,Made,https://image.tmdb.org/t/p/w500/4HC6ieptXO2gjqbSEsfkOwsGubN.jpg
17431,Moon,https://image.tmdb.org/t/p/w500/35IU0Mq0zFsN1mYwDGts5mKc77n.jpg
21014,Keeping Up with the Steins,https://image.tmdb.org/t/p/w500/bYp81rOQZEoFfDMX6xqRU1x3R7M.jpg
78394,Sea Rex 3D: Journey to a Prehistoric World,https://image.tmdb.org/t/p/w500/au49zJtESBEz4zAOsXTv5xLWOHS.jpg
10217,The Sweet Hereafter,https://image.tmdb.org/t/p/w500/gJy7LMq4b5qO5fsSUSoBgm24BHf.jpg
46332,Of Gods and Men,https://image.tmdb.org/t/p/w500/fgrC0w62MCc7Fn77l5RVY0WKv0t.jpg
13996,Bottle Shock,https://image.tmdb.org/t/p/w500/DMc4eRfU0RA2SX2oGR3YllEhH7.jpg
3028,Jekyll and Hyde ... Together Again,https://image.tmdb.org/t/p/w500/o3CTFJuHGEBE9UzyXjGX6Vy74aC.jpg
1024,Heavenly Creatures,https://image.tmdb.org/t/p/w500/uvb86wVCIqD3Rlbr0GTNgWDF7Zo.jpg
343795,90 Minutes in Heaven,https://image.tmdb.org/t/p/w500/e3LKk8UdDyXDkov9k8iP2JJNChi.jpg
45658,Everything Must Go,https://image.tmdb.org/t/p/w500/n4wMD3LHyo3nYZNWEOGLzgdyWjX.jpg
16148,Zero Effect,https://image.tmdb.org/t/p/w500/yFALvZFwqnh5ESarNoVd5KtizCo.jpg
4553,The Machinist,https://image.tmdb.org/t/p/w500/diAYqR4xdF9Hnj7qun6DEQhRrT2.jpg
36351,Light Sleeper,https://image.tmdb.org/t/p/w500/fFSdOYKp80rcK81KuNW3rz7FcLX.jpg
245916,Kill the Messenger,https://image.tmdb.org/t/p/w500/8gaNZiKZHvKCqMDByY00dUIV0YC.jpg
27585,Rabbit Hole,https://image.tmdb.org/t/p/w500/zTUQXwMn4ndt5AAcDvJCi14ZY2B.jpg
1415,Party Monster,https://image.tmdb.org/t/p/w500/4DVWGtV1OA3W8kZxiimdNsepS6O.jpg
313922,Green Room,https://image.tmdb.org/t/p/w500/evZicaR7nXe4LiD9G6QYTorcJGO.jpg
14474,The Oh in Ohio,https://image.tmdb.org/t/p/w500/4R2wqT72RApomtBnfYG4BUpyoGh.jpg
199933,Atlas Shrugged Part III: Who is John Galt?,https://image.tmdb.org/t/p/w500/wR7NM125F63zxECZKCVMzibkWpZ.jpg
13685,Bottle Rocket,https://image.tmdb.org/t/p/w500/6E7mJ5wpzTFbYFbJvTzzZ8Til9C.jpg
8744,Albino Alligator,https://image.tmdb.org/t/p/w500/jOyV5Rb1MaMUl6XrWWossVTm7BA.jpg
38428,"Gandhi, My Father",https://image.tmdb.org/t/p/w500/sFzo2Ss4PQfNUlrzeTfwoVp5ajE.jpg
8847,Standard Operating Procedure,https://image.tmdb.org/t/p/w500/v2QCXsisMLYsozC2qJtYGa3Rvsi.jpg
39269,Out of the Blue,https://image.tmdb.org/t/p/w500/rEWfWQDbx2upk9CAPRDDjCjc9a8.jpg
46838,Tucker and Dale vs Evil,https://image.tmdb.org/t/p/w500/8shwLEDzajJGSfLgbpac8x8xn1U.jpg
51384,"Lovely, Still",https://image.tmdb.org/t/p/w500/p5o2waFH3ioBOZuHKlx1kzk9Rdi.jpg
56930,Tycoon,https://image.tmdb.org/t/p/w500/kinlg9PjTwa6iCe0EdXDPBqUoRD.jpg
41730,Desert Blue,https://image.tmdb.org/t/p/w500/m81tA5hmjJ4Xzp3Yxs0dcnl8B1q.jpg
18442,Decoys,https://image.tmdb.org/t/p/w500/nieqSpywIW3J25cFC8mEUXF2FTk.jpg
298312,The Visit,https://image.tmdb.org/t/p/w500/mtMfKRCa2V5b7d9k4piogB72mcY.jpg
11600,Redacted,https://image.tmdb.org/t/p/w500/ofXlW8FtBGVGSgRiaOIfnzR5koU.jpg
71547,Fascination,https://image.tmdb.org/t/p/w500/h9IsB1pv6U7H4bEUiKG92VXlNrn.jpg
57876,Area 51,https://image.tmdb.org/t/p/w500/ochcUJTPQSfU5fDMA21y4xoDzeX.jpg
77495,Sleep Tight,https://image.tmdb.org/t/p/w500/i44Mr6t3reXt7z28OMCPZTllRfr.jpg
13849,The Cottage,https://image.tmdb.org/t/p/w500/fFmU7cQAWVAeBpSfDRRauKgtKDD.jpg
14849,Dead Like Me: Life After Death,https://image.tmdb.org/t/p/w500/ekzGiwleJbx0ei1R3s0ylowFKT9.jpg
12486,Farce of the Penguins,https://image.tmdb.org/t/p/w500/bb3f1catVid2yDqHvhygai2RUoM.jpg
19615,Flying By,https://image.tmdb.org/t/p/w500/xLMv1cpLK3qrvF0ehNEkowWXaFB.jpg
244403,Rudderless,https://image.tmdb.org/t/p/w500/ka3gEmHph5FTJouSdOOK02Ck6bx.jpg
292481,Henry & Me,https://image.tmdb.org/t/p/w500/e37dlFgfDk2unRU96NFKgYi9Vxq.jpg
340816,Christmas Eve,https://image.tmdb.org/t/p/w500/vViH6PCa56kvCTm58gF45uucZWi.jpg
78814,We Have Your Husband,https://image.tmdb.org/t/p/w500/n3vcScSfTYM3XS4sBwhHUwxw0pL.jpg
297596,Dying of the Light,https://image.tmdb.org/t/p/w500/gL6riNxQeyPXT5YsgqE2aWhl1zi.jpg
299552,Born Of War,https://image.tmdb.org/t/p/w500/rmAzBd173UrSWF8K3lEBS5JfnfY.jpg
11935,Capricorn One,https://image.tmdb.org/t/p/w500/bxsCARg2rxQ2PzFW5ZsADLT9e9c.jpg
113406,Should've Been Romeo,https://image.tmdb.org/t/p/w500/yMwD0qEj3p87iG6wTnTniKgCfWB.jpg
447027,Running Forever,https://image.tmdb.org/t/p/w500/u4KHwcZmNH0Vr6xpGvDKdkBTopg.jpg
290825,Yoga Hosers,https://image.tmdb.org/t/p/w500/cc40P3lKEiK0H8ZSd8hmBBI0HEV.jpg
361159,Navy Seals vs. Zombies,https://image.tmdb.org/t/p/w500/oTvwjUMXjeKxAXY2Cggy5DZweMn.jpg
12555,I Served the King of England,https://image.tmdb.org/t/p/w500/mwuabUjZMSg8ngHScjcKCmFO0jA.jpg
31175,Soul Kitchen,https://image.tmdb.org/t/p/w500/9Y2OQ7MFouzmVCMqqvZPLrzHF0F.jpg
12498,Sling Blade,https://image.tmdb.org/t/p/w500/rioWUWXPFNSjwm9NO2aau9x0wlP.jpg
77949,The Awakening,https://image.tmdb.org/t/p/w500/txmiJkl8su0jkEABLIHZBqVHrTj.jpg
1690,Hostel,https://image.tmdb.org/t/p/w500/dDrtuWUKhgUGp12kgUWuP0NpTdF.jpg
8435,A Cock and Bull Story,https://image.tmdb.org/t/p/w500/ww8nEKv3gPOfIkRMGS2A3j566Fr.jpg
64720,Take Shelter,https://image.tmdb.org/t/p/w500/9YDnwmjGYkw1r9EKys33Wf95DAZ.jpg
49365,Lady in White,https://image.tmdb.org/t/p/w500/AevfLQ5c0ZGtO3clHawg9L2XAQ2.jpg
11404,Driving Lessons,https://image.tmdb.org/t/p/w500/uPRFM5co4v12ksWaZKr8niIHBrC.jpg
300706,Let's Kill Ward's Wife,https://image.tmdb.org/t/p/w500/A6jwjS9mS4qBzhaA6ob4PUd9PJ0.jpg
16337,The Texas Chainsaw Massacre 2,https://image.tmdb.org/t/p/w500/cO1Dvg7k87lHSPOdumn3ddJEKdX.jpg
11577,Pat Garrett & Billy the Kid,https://image.tmdb.org/t/p/w500/o0LXWfTXoDOoeYzZw0u1KmZhVIL.jpg
77987,Only God Forgives,https://image.tmdb.org/t/p/w500/kWjjFSng1JttmDRwDROoGcIArEh.jpg
40185,Camping Sauvage,https://image.tmdb.org/t/p/w500/nEnRGNk8DUSCZ3mnbURCLSYNzXt.jpg
68202,Without Men,https://image.tmdb.org/t/p/w500/1EzXn6ZkhGBBlNizXQiGOeDvwwp.jpg
8981,Dear Frankie,https://image.tmdb.org/t/p/w500/5YRDvaBWBbhTKBYYc7BoOWdW01N.jpg
10914,All Hat,https://image.tmdb.org/t/p/w500/97BMsVbc6R3sLR6A6GjvWdpukj1.jpg
50848,The Names of Love,https://image.tmdb.org/t/p/w500/qnUyni6Cc5bQbgyvvof6yNwoIUd.jpg
166624,Treading Water,https://image.tmdb.org/t/p/w500/zFY2dXaZ9SBI1x9lZkDKG0rECOt.jpg
10822,Savage Grace,https://image.tmdb.org/t/p/w500/rtJp4ulwC1SvSYAUFGUa1pWV7nk.jpg
10844,Out of the Blue,https://image.tmdb.org/t/p/w500/ngaAaP0DOxv1QDXVfy085yOpUkA.jpg
9336,Police Academy,https://image.tmdb.org/t/p/w500/3PriqoVUQcPwcyvk0SJRiMTdBJK.jpg
5689,The Blue Lagoon,https://image.tmdb.org/t/p/w500/hg57Zr63A96mpIQKHxOjHYqCVhI.jpg
712,Four Weddings and a Funeral,https://image.tmdb.org/t/p/w500/qa72G2VS0bpxms6yo0tI9vsHm2e.jpg
13342,Fast Times at Ridgemont High,https://image.tmdb.org/t/p/w500/e15rmfjf0m6EGLe4MnNhwD3Dd1W.jpg
10339,Moby Dick,https://image.tmdb.org/t/p/w500/7JXcm3RyWlGsRCZ0YlOliWr6TNv.jpg
1429,25th Hour,https://image.tmdb.org/t/p/w500/uW7tTRElr2tRhmAVESzvHy4ByXg.jpg
9303,Bound,https://image.tmdb.org/t/p/w500/9qAy6UWVw44dGrsyKrdEMt5qIUM.jpg
641,Requiem for a Dream,https://image.tmdb.org/t/p/w500/9BTwsLaMVHOGFlmsSlx5QYCaXb.jpg
27686,State Fair,https://image.tmdb.org/t/p/w500/cmy55K7Qs1WQeGPksHBphjyjh3b.jpg
65749,Tango,https://image.tmdb.org/t/p/w500/87Ze0JLbWYuYbWc1qf6aGxHipnI.jpg
6106,Salvador,https://image.tmdb.org/t/p/w500/c5JgUmzN7syTFy9suwoHF3vhNsN.jpg
252680,Moms' Night Out,https://image.tmdb.org/t/p/w500/gP97yU8YrVZY2yLxTwsicS8KuSe.jpg
141,Donnie Darko,https://image.tmdb.org/t/p/w500/j2AtZFsflxiluaNtajMTI0Avm8C.jpg
66607,Saving Private Perez,https://image.tmdb.org/t/p/w500/ylXmX9vcP1W9La9FtOpV9OtXtMe.jpg
17139,Character,https://image.tmdb.org/t/p/w500/v7TWGTZ6fNkY72IyoiVIcnlwniU.jpg
12079,Spun,https://image.tmdb.org/t/p/w500/jiwNobUsd29ooowQyTeh0cvPBFL.jpg
39800,Life During Wartime,https://image.tmdb.org/t/p/w500/qXCuzXPqd21orMT59JbGV01VRMT.jpg
4550,Sympathy for Lady Vengeance,https://image.tmdb.org/t/p/w500/ifcxaKfzNQ6W8uSLpnGo7AfiSL8.jpg
62116,Mozart's Sister,https://image.tmdb.org/t/p/w500/7x9fUNPUbT726OkR23lG7tzEG5b.jpg
9991,Mean Machine,https://image.tmdb.org/t/p/w500/ripTQsmWQJyccK6zB1dajSY3olv.jpg
13807,Exiled,https://image.tmdb.org/t/p/w500/kIvGTEAtmhe46Zf55TCr6K8Pfxw.jpg
68818,Blackthorn,https://image.tmdb.org/t/p/w500/3QtOCerjSPkS9fo8IBwDr7qAwoj.jpg
12093,Lilya 4-ever,https://image.tmdb.org/t/p/w500/5i1uhvcdv2Iogx0Bb1znvUmkCvN.jpg
36419,After.Life,https://image.tmdb.org/t/p/w500/ty43RTdSBpL3VjBJWeRoKhFg7hF.jpg
281730,Fugly,https://image.tmdb.org/t/p/w500/gK1d772yMqHjvBpMRVz1XWN5OTU.jpg
510,One Flew Over the Cuckoo's Nest,https://image.tmdb.org/t/p/w500/kjWsMh72V6d8KRLV4EOoSJLT1H7.jpg
362105,R.L. Stine's Monsterville: The Cabinet of Souls,https://image.tmdb.org/t/p/w500/z3qgKFySWDs7vCjMn5gSxGV2fpI.jpg
10970,Silent Movie,https://image.tmdb.org/t/p/w500/AeaoOSqEU3elkpDAlKbIWcdKLJ8.jpg
375290,Airlift,https://image.tmdb.org/t/p/w500/6jch9EHHpg74HvAXBaWJg8m2LwT.jpg
17663,Anne of Green Gables,https://image.tmdb.org/t/p/w500/z1owlDzKO3DQpFKNFBnuQlPF891.jpg
270938,Falcon Rising,https://image.tmdb.org/t/p/w500/4wnfTO8mvqcTU62YMkUeKq49VMT.jpg
116613,The Sweeney,https://image.tmdb.org/t/p/w500/nwGo7AoYXG4C03wbyfdeYvcVbnV.jpg
11826,Sexy Beast,https://image.tmdb.org/t/p/w500/xTfCZTzhgHNAR1pf5D49WH4buI5.jpg
29920,Easy Money,https://image.tmdb.org/t/p/w500/ezx8LhhpZd6U4sd0lXyCEUhIBUc.jpg
1088,Whale Rider,https://image.tmdb.org/t/p/w500/cVBZQZq091KtwBm2qObOv0JTFcH.jpg
26379,Paa,https://image.tmdb.org/t/p/w500/vslu8ixLEceu5qM0CnXMl4mavY9.jpg
34069,Cargo,https://image.tmdb.org/t/p/w500/5CFTLlGbRMtNI0ZyfRL4YC1qD4f.jpg
10947,High School Musical,https://image.tmdb.org/t/p/w500/1DGmWZjUJPeKGFRHGCA6VPFUBML.jpg
47452,Love and Death on Long Island,https://image.tmdb.org/t/p/w500/2jCmP9j43QXy48oQFpzM4oaYRc7.jpg
3040,Night Watch,https://image.tmdb.org/t/p/w500/mWdfItjr9tZtsSgjkqB8YhORF8T.jpg
11386,The Crying Game,https://image.tmdb.org/t/p/w500/9BXGoat9TYgdDqGk2WJmaX9dVoe.jpg
10246,Porky's,https://image.tmdb.org/t/p/w500/AqCOt1cWfKqCepxK7LIdT812idH.jpg
29426,Survival of the Dead,https://image.tmdb.org/t/p/w500/2BmqSRt10J2mpJmCgZbo5YYkQLj.jpg
10331,Night of the Living Dead,https://image.tmdb.org/t/p/w500/rb2NWyb008u1EcKCOyXs2Nmj0ra.jpg
153,Lost in Translation,https://image.tmdb.org/t/p/w500/3jCLmYDIIiSMPujbwygNpqdpM8N.jpg
703,Annie Hall,https://image.tmdb.org/t/p/w500/dEtjPywhDbAXYjoFfhBC4U9unU7.jpg
27191,The Greatest Show on Earth,https://image.tmdb.org/t/p/w500/cKI0yGPRh1IlvRKKJRoMZruior8.jpg
1365,Monster's Ball,https://image.tmdb.org/t/p/w500/rQeufx98gKH4CCeVw57KT1Fd0gr.jpg
287424,Maggie,https://image.tmdb.org/t/p/w500/twa9gXjocLM629sJrQYVtmF306R.jpg
451,Leaving Las Vegas,https://image.tmdb.org/t/p/w500/wIfP6uLXD9Ptu68SyRx8WuSNNSK.jpg
165864,Hansel and Gretel Get Baked,https://image.tmdb.org/t/p/w500/shYb3LezqJF4P90CGgp9zoD2MjF.jpg
987,The Front Page,https://image.tmdb.org/t/p/w500/r4RtbJk8wVyZ1yk6yBZjzGD4ANU.jpg
241251,The Boy Next Door,https://image.tmdb.org/t/p/w500/gicmSeLG6Uh7BF1r1mxZHUQ8r26.jpg
40494,Trapeze,https://image.tmdb.org/t/p/w500/3EZKz21OMvvyYg3UqZ3BBzHjWiq.jpg
39781,The Kids Are All Right,https://image.tmdb.org/t/p/w500/xQ5XqZc82dDCcGjxY7voRKjhaKQ.jpg
8337,They Live,https://image.tmdb.org/t/p/w500/ngnybFTuopfbfmmEeX9jjBQQmF6.jpg
5925,The Great Escape,https://image.tmdb.org/t/p/w500/gBH4H8UMFxl139HaLz6lRuvsel8.jpg
8357,What the #$*! Do We (K)now!?,https://image.tmdb.org/t/p/w500/ghoM9gorKvgAcqkSJ6TDQcsObWN.jpg
146203,The Last Exorcism Part II,https://image.tmdb.org/t/p/w500/260ztSWhGIYSLAjDC6smFWcdUSp.jpg
85350,Boyhood,https://image.tmdb.org/t/p/w500/2BvtvDUyxiMJ4dmKfiQf4qdOHQN.jpg
512,Scoop,https://image.tmdb.org/t/p/w500/1nF290EoEn2rs4W9VVercKa4S5o.jpg
13408,The Wash,https://image.tmdb.org/t/p/w500/xb63VT8E4Q2RjLT7qnzvc5jRFAQ.jpg
47816,3 Strikes,https://image.tmdb.org/t/p/w500/ca7xVIgh7UYsFOCBLP8ERmBktC5.jpg
10744,The Cooler,https://image.tmdb.org/t/p/w500/gq3cZxo7SS6HAXdaxObLIyw9N1r.jpg
11536,The Misfits,https://image.tmdb.org/t/p/w500/rkIkyPhT5oetT463HxpdIuct30l.jpg
9782,The Night Listener,https://image.tmdb.org/t/p/w500/xIQgviGRTxZ6o0iPooGUSn4Q1PW.jpg
18713,The Jerky Boys,https://image.tmdb.org/t/p/w500/yUbdqyZaeaoNKBQmnmtim1IIAf1.jpg
6537,The Orphanage,https://image.tmdb.org/t/p/w500/vIpi1KtHLXUOfSVC2m6MqpjSPgL.jpg
184345,A Haunted House 2,https://image.tmdb.org/t/p/w500/M82KKqtHFaqkyuwxG5QfShzIRL.jpg
1809,The Rules of Attraction,https://image.tmdb.org/t/p/w500/6OybelUmwUkDm7fbX1BI7OhpYeQ.jpg
2370,Topaz,https://image.tmdb.org/t/p/w500/8u7vxykCVZoaxNocLbpstv3IFNK.jpg
9809,Let's Go to Prison,https://image.tmdb.org/t/p/w500/okkaFUou7Tmh9QWoa2FIViJ3OVs.jpg
5,Four Rooms,https://image.tmdb.org/t/p/w500/75aHn1NOYXh4M7L5shoeQ6NGykP.jpg
11013,Secretary,https://image.tmdb.org/t/p/w500/8mHdYNKCmvjB1r87waCtEi9nvTt.jpg
19153,The Real Cancun,https://image.tmdb.org/t/p/w500/wyLs32hfhfShhHPJ8h8VzAash55.jpg
10132,Talk Radio,https://image.tmdb.org/t/p/w500/e9dnVJMg3LW80sHnsuBoTBwJgRm.jpg
16448,Waiting for Guffman,https://image.tmdb.org/t/p/w500/zuArI6EBpV6mExrvfnyidoOtzdf.jpg
15122,Love Stinks,https://image.tmdb.org/t/p/w500/srHcbkCyQFfdmqt5rPQMshxp1Yt.jpg
8141,You Kill Me,https://image.tmdb.org/t/p/w500/4C5VQVdE2YRBPhpZLnExk1XUzDZ.jpg
1546,Thumbsucker,https://image.tmdb.org/t/p/w500/fBLjXNRkH0KuC5JEnGBUZx3SQw3.jpg
48572,Red State,https://image.tmdb.org/t/p/w500/mbukOgivZWGNAxEQVt4hLUVME2P.jpg
14517,Mirrormask,https://image.tmdb.org/t/p/w500/itIJU3NKbdgScA1WPIxXzOlm0Uj.jpg
89708,Samsara,https://image.tmdb.org/t/p/w500/qodkea4k0pNUmNTl5TJO2PdTqgW.jpg
27551,The Barbarians,https://image.tmdb.org/t/p/w500/dYr9p8YOOw5gERVpg8cJHA5PsnY.jpg
64678,The Art of Getting By,https://image.tmdb.org/t/p/w500/3ahdKyzHbYhvqJdtpsEWipEai98.jpg
309503,Zipper,https://image.tmdb.org/t/p/w500/qHQbXfdYhh3CRtIufoiD4AxPWi0.jpg
14293,Poolhall Junkies,https://image.tmdb.org/t/p/w500/3MAGLk0AtuPi24PBwy3o4ILO0CV.jpg
15059,The Loss of Sexual Innocence,https://image.tmdb.org/t/p/w500/eVg5oHFnzEE51cZ8Tq1qe8iWMZk.jpg
103328,Holy Motors,https://image.tmdb.org/t/p/w500/4ZuTrrDQhCS9f6KzIX6HfsjjyMd.jpg
157847,Joe,https://image.tmdb.org/t/p/w500/numu669Pf8wOPcqImONWORYx0Pp.jpg
25719,Shooting Fish,https://image.tmdb.org/t/p/w500/sBA1vTqjhKmtogB6PKQ3tOn2HNX.jpg
48309,Prison,https://image.tmdb.org/t/p/w500/bB6iCnYO1dlVA1kZp04acFyXTpg.jpg
27723,Psycho Beach Party,https://image.tmdb.org/t/p/w500/28mzKFDyVzMVx9nhDrJQ3G2H7It.jpg
20468,The Big Tease,https://image.tmdb.org/t/p/w500/i7HjSujyV4PpIcTzhlNxNGvMiRJ.jpg
242575,"Guten Tag, Ramón",https://image.tmdb.org/t/p/w500/7xaQAc01TZOHEku2uC520OIENWx.jpg
44945,Trust,https://image.tmdb.org/t/p/w500/rXoZYWd2G7pBh8N8Cp5ZO5Sjzbl.jpg
29122,An Everlasting Piece,https://image.tmdb.org/t/p/w500/b4DApzfh4GxpDCWuS5JIyFMhXeD.jpg
125123,Among Giants,https://image.tmdb.org/t/p/w500/u90H3K6XeQEzECkarfysZ2p5IZE.jpg
111190,Adore,https://image.tmdb.org/t/p/w500/hIQqIeG7Ude0QRUFntdLtsAUEBB.jpg
133575,The Velocity of Gary,https://image.tmdb.org/t/p/w500/8wQlK0QukCXXmvmDARAx65wnX4j.jpg
54580,Mondays in the Sun,https://image.tmdb.org/t/p/w500/4BlI5weSiYUU1YnjqdaPLnOzc3Z.jpg
52015,Stake Land,https://image.tmdb.org/t/p/w500/q5Cq3svR0XPEb9VkVBHPowT1Bxf.jpg
34941,The Last Time I Committed Suicide,https://image.tmdb.org/t/p/w500/5AM1oDIlsWBBLYecetUAHOWv9dW.jpg
227975,Futuro Beach,https://image.tmdb.org/t/p/w500/lologg70UiUMok8ijdSfDzBwR0N.jpg
60422,Another Happy Day,https://image.tmdb.org/t/p/w500/yOS14Pr563QEUd3bath9LwhhId3.jpg
81390,A Lonely Place to Die,https://image.tmdb.org/t/p/w500/xVYY1U5nYfx2PfJMs6knO8VZRk0.jpg
10981,Nothing,https://image.tmdb.org/t/p/w500/vefWBq6xpeMYtF7ROgGfXLdp5Qu.jpg
225235,The Geographer Drank His Globe Away,https://image.tmdb.org/t/p/w500/iyWyVgDHYkjejwAQQrUCQXuZYjO.jpg
14902,1776,https://image.tmdb.org/t/p/w500/o50REDExdajGxTWczsmC3qcawGr.jpg
121676,Inescapable,https://image.tmdb.org/t/p/w500/gCeZGBFcxjyGdvFncJqCGffBCpw.jpg
22301,Hell's Angels,https://image.tmdb.org/t/p/w500/vt6zF55B9WLzYENs6cuXy8J5o1X.jpg
20065,Purple Violets,https://image.tmdb.org/t/p/w500/n61vWKkNn1cq8p6a0foAqgrcAwu.jpg
257087,The Veil,https://image.tmdb.org/t/p/w500/e9hB3QrBIUDSHCmwbceVxVgLRqv.jpg
46420,The Loved Ones,https://image.tmdb.org/t/p/w500/ydsLYdSiPSIL1LOWWYu7VCvDTT8.jpg
114635,The Helpers,https://image.tmdb.org/t/p/w500/5YEzcIGM4TFSdG9fllCLx4ZMDK5.jpg
158150,How to Fall in Love,https://image.tmdb.org/t/p/w500/vpZavsKDpoAyNoeXFTpVW8Q6R8A.jpg
251979,The Perfect Wave,https://image.tmdb.org/t/p/w500/sRbFTl2OkANyTm26IbwUZ3Vr3ay.jpg
874,A Man for All Seasons,https://image.tmdb.org/t/p/w500/kcwcqMitcnRO1SySlX1HKVn7yUV.jpg
10774,Network,https://image.tmdb.org/t/p/w500/qZomlHsaALUtkFeMDwdYmwS2Pbo.jpg
770,Gone with the Wind,https://image.tmdb.org/t/p/w500/lNz2Ow0wGCAvzckW7EOjE03KcYv.jpg
266102,Desert Dancer,https://image.tmdb.org/t/p/w500/uV1GYM2gdit0SnNWAweG321evbg.jpg
29715,Major Dundee,https://image.tmdb.org/t/p/w500/afdhdupMyfn3tDoL3XosgQF82gX.jpg
25209,Annie Get Your Gun,https://image.tmdb.org/t/p/w500/c2ZLeqZVI2FYctcrFwm5C86zkLH.jpg
37495,Four Lions,https://image.tmdb.org/t/p/w500/x4JzaRPXBs9wiHCe3e3ymXWuwfd.jpg
29262,The House of Sand,https://image.tmdb.org/t/p/w500/x6XEC7B7bJ9igsxkQb9ZMFEAv9f.jpg
34769,Defendor,https://image.tmdb.org/t/p/w500/a1ce5xYYkwSCqIHh0nGKnh7Zs7Q.jpg
35032,The Pirate,https://image.tmdb.org/t/p/w500/ltoy9asHYuLcEq78jjvZPjH6LCG.jpg
5178,The Good Heart,https://image.tmdb.org/t/p/w500/cSoUB8SFcVNaCFs1b3dTN3niYck.jpg
8618,The History Boys,https://image.tmdb.org/t/p/w500/klybhTU75GUcQbzdVXUhsZgq1EV.jpg
3116,Midnight Cowboy,https://image.tmdb.org/t/p/w500/wNvxBptJChe3A2CSfPmZoXf7ooh.jpg
9427,The Full Monty,https://image.tmdb.org/t/p/w500/fjg4EvzoLZVcZli4BwJIytJ6yjn.jpg
813,Airplane!,https://image.tmdb.org/t/p/w500/7Q3efxd3AF1vQjlSxnlerSA7RzN.jpg
352978,Chain of Command,https://image.tmdb.org/t/p/w500/xUHN0DIWS7fs3bMjg6RktQksK9v.jpg
10634,Friday,https://image.tmdb.org/t/p/w500/3Ya1RurP2NqaYoiok4DmfO41rCC.jpg
9516,Menace II Society,https://image.tmdb.org/t/p/w500/nS7yqmSVeNoH22VXj69JoFCxW1h.jpg
16288,Creepshow 2,https://image.tmdb.org/t/p/w500/bbanIymLuTYmQGis9nlCkFlT1eg.jpg
23330,The Ballad of Cable Hogue,https://image.tmdb.org/t/p/w500/bEth8XAYaytjzxnHkLkj4nZx2XD.jpg
18900,In Cold Blood,https://image.tmdb.org/t/p/w500/sPEvsif5Y70mfVvtU39iOyrVJdF.jpg
27029,The Nun's Story,https://image.tmdb.org/t/p/w500/4vNWFhPyjTehPpZsvTnTywwXSiF.jpg
26268,Harper,https://image.tmdb.org/t/p/w500/zy56CkGHBA9WubuJ7fjntTZCvRi.jpg
573,Frenzy,https://image.tmdb.org/t/p/w500/4SFvqrlSigAt9tnhXFSMyKeJWQk.jpg
310131,The Witch,https://image.tmdb.org/t/p/w500/zap5hpFCWSvdWSuPGAQyjUv2wAC.jpg
40505,I Got the Hook Up,https://image.tmdb.org/t/p/w500/u8kdtt80gFiqGKLTdQqdGWy9FfZ.jpg
11363,She's the One,https://image.tmdb.org/t/p/w500/wNd6qM8Qa8tLFOiUOiEivh0qBkH.jpg
3033,Gods and Monsters,https://image.tmdb.org/t/p/w500/awvJH3NtXoStsjAtXKr99hfuVaG.jpg
25376,The Secret in Their Eyes,https://image.tmdb.org/t/p/w500/dkeAwfZzwL3WvToydE3CXiY80E0.jpg
22007,Train,https://image.tmdb.org/t/p/w500/inKMwh99qmVlMaO0spQ11DH2HdC.jpg
765,Evil Dead II,https://image.tmdb.org/t/p/w500/4zqCKJVHUolGs6C5AZwAZqLWixW.jpg
10615,Pootie Tang,https://image.tmdb.org/t/p/w500/fNvx45x4JWHYucpnV2vuKn9TZnV.jpg
205321,Sharknado,https://image.tmdb.org/t/p/w500/atEmHkVFTSGRYt2PeCiziQqbZnI.jpg
89540,The Other Conquest,https://image.tmdb.org/t/p/w500/reunIt1kgpX8D29oXYkbSgvcDuS.jpg
46146,Troll Hunter,https://image.tmdb.org/t/p/w500/v2W5NEz0p9jPFzbbYt0dP86gsOX.jpg
38007,Ira & Abby,https://image.tmdb.org/t/p/w500/gK2XUjqWoqqYw6auny29W8tFwUG.jpg
14256,Winter Passing,https://image.tmdb.org/t/p/w500/uNAiNCHd7015BzeNggoRiTT4abf.jpg
540,D.E.B.S.,https://image.tmdb.org/t/p/w500/68BfXrFQPHg9iBWJVgp5R48gTix.jpg
370464,The Masked Saint,https://image.tmdb.org/t/p/w500/zlT1Tc9hA1Ntye5hr7Gxos9U6U9.jpg
20055,The Betrayed,https://image.tmdb.org/t/p/w500/ypozb9oWIDZZIwDQZo0s7JgMa6K.jpg
224569,Taxman,https://image.tmdb.org/t/p/w500/y6uvUy5wgF21wcIN3lY3G8dkjab.jpg
395766,The Secret,
39303,2:13,https://image.tmdb.org/t/p/w500/duqvQOzzjJ4W3yjZIjE10KM8dFw.jpg
142061,"Batman: The Dark Knight Returns, Part 2",https://image.tmdb.org/t/p/w500/d1TqoVkyL4x0dlu9w3F9Ah4LjNv.jpg
370662,Time to Choose,https://image.tmdb.org/t/p/w500/ak6Bl7WnbzFTuBONiey2BgVGqPn.jpg
252360,In the Name of the King III,https://image.tmdb.org/t/p/w500/yetbsCuB6fmzI4lpJMvqwJcehti.jpg
256740,Wicked Blood,https://image.tmdb.org/t/p/w500/dTxOsk0wVG1EgyCbWbaNxQXZLxy.jpg
299145,Stranded,https://image.tmdb.org/t/p/w500/ijUz1buTZBIqNMAOe5s3EXEie2K.jpg
241766,Lords of London,https://image.tmdb.org/t/p/w500/7MQ8Uf4JTxjaExZ7lYxz4AVuFR2.jpg
12535,High Anxiety,https://image.tmdb.org/t/p/w500/qVuSJaGnomSPon8x3mIYywFGgD8.jpg
1667,March of the Penguins,https://image.tmdb.org/t/p/w500/o9xJ1xG1WKlHkl8ACqq0LShOuMu.jpg
50839,Margin Call,https://image.tmdb.org/t/p/w500/qtO57obCJuUBS0en3HLgFgZ19Xk.jpg
86549,August,https://image.tmdb.org/t/p/w500/l54G35FYDnA7gr2UglHn1HZKPEI.jpg
13973,Choke,https://image.tmdb.org/t/p/w500/7osy71os3YLiFpNYn567koOnAKZ.jpg
244786,Whiplash,https://image.tmdb.org/t/p/w500/7fn624j5lj3xTme2SgiLCeuedmO.jpg
598,City of God,https://image.tmdb.org/t/p/w500/k7eYdWvhYQyRQoU2TB2A2Xu2TfD.jpg
11129,Human Traffic,https://image.tmdb.org/t/p/w500/cHwnYGZh1fVuVWqT28GpCN0usYF.jpg
75861,To Write Love on Her Arms,https://image.tmdb.org/t/p/w500/naQRUuVa4j0uIrgxACIeFlwgKSn.jpg
13551,The Dead Girl,https://image.tmdb.org/t/p/w500/wBIn93ZY0Qd3BafjSJYvqgAZu88.jpg
103663,The Hunt,https://image.tmdb.org/t/p/w500/jkixsXzRh28q3PCqFoWcf7unghT.jpg
850,A Christmas Story,https://image.tmdb.org/t/p/w500/34nSHYqmb7222tiqiuKqKJmZiQa.jpg
12586,Bella,https://image.tmdb.org/t/p/w500/bNMzx71jw8OU9indcV5Hc7eE53w.jpg
11564,Class of 1984,https://image.tmdb.org/t/p/w500/qIu9UGDLeACl7YGuAAgTFfQ0j8I.jpg
301748,The Opposite Sex,https://image.tmdb.org/t/p/w500/4OGyobNioLlo1aj4ioxxmsssSCj.jpg
108346,Dreaming of Joseph Lees,https://image.tmdb.org/t/p/w500/xiDtcNXOhSPcjFcnX6BUTWiws3B.jpg
8841,The Class,https://image.tmdb.org/t/p/w500/8yFgK1YgfrnbsRXTg4Hko98nIUt.jpg
805,Rosemary's Baby,https://image.tmdb.org/t/p/w500/uYgvlHceRFjAFbsNeMInYcLZLUb.jpg
11697,The Man Who Shot Liberty Valance,https://image.tmdb.org/t/p/w500/4C1R0LEivLjbv3swAzJfzh0tzXl.jpg
22051,Adam,https://image.tmdb.org/t/p/w500/sSN5ec7llAzv0Up7wAQ9qeOM0lS.jpg
436,Maria Full of Grace,https://image.tmdb.org/t/p/w500/30CImATfvHWLXy6a3KmHXnYXB6c.jpg
55347,Beginners,https://image.tmdb.org/t/p/w500/mAquHAmoBgZ1omUNdNsnGVNX74c.jpg
10070,Feast,https://image.tmdb.org/t/p/w500/g9i3dfQRAyU8TPe1LrbvAdVoLfB.jpg
8469,Animal House,https://image.tmdb.org/t/p/w500/fWooBbipMRIKeSRhEzmeaDV0T8H.jpg
658,Goldfinger,https://image.tmdb.org/t/p/w500/aKNFzaqQgPzsGXnsMc4kJH5hFIV.jpg
125490,Antiviral,https://image.tmdb.org/t/p/w500/rIn0ruFDU8psnCGkPgA9fbKJJUy.jpg
1585,It's a Wonderful Life,https://image.tmdb.org/t/p/w500/bSqt9rhDZx1Q7UZ86dBPKdNomp2.jpg
627,Trainspotting,https://image.tmdb.org/t/p/w500/1jUC02qsqS2NxBMFarbIhcQtazV.jpg
23618,The Original Kings of Comedy,https://image.tmdb.org/t/p/w500/vjbEcW9OqWoXKr9e2KySG1WZlNS.jpg
41436,Paranormal Activity 2,https://image.tmdb.org/t/p/w500/gfdrkBZAyUUXJJ2iLQe03SAYRD3.jpg
10162,Waking Ned,https://image.tmdb.org/t/p/w500/bsxiOOKC40HlhdIJYCUE2BkpJv0.jpg
1430,Bowling for Columbine,https://image.tmdb.org/t/p/w500/4XsiTsZcNCRSkee1o0fdr5OqYRT.jpg
259943,Coming Home,https://image.tmdb.org/t/p/w500/muXZscRYs9DNTBPvvhheBBlrxTO.jpg
10014,A Nightmare on Elm Street Part 2: Freddy's Revenge,https://image.tmdb.org/t/p/w500/53kxYw0G3o55yJ23K7s7KMaOyAM.jpg
11257,A Room with a View,https://image.tmdb.org/t/p/w500/5xRAqywVo6tNUNQbAESGVP930la.jpg
158015,The Purge,https://image.tmdb.org/t/p/w500/46X1ei9uf13nkkr0OhWldGyr5Uh.jpg
82507,Sinister,https://image.tmdb.org/t/p/w500/nzx10sca3arCeYBAomHan4Q6wa1.jpg
20337,Martin Lawrence Live: Runteldat,https://image.tmdb.org/t/p/w500/fRpS1sr1GFPgQobsXoNm5lxatcy.jpg
261,Cat on a Hot Tin Roof,https://image.tmdb.org/t/p/w500/5djZZECgqDGuSI1INmrdAcGRBb0.jpg
1685,Beneath the Planet of the Apes,https://image.tmdb.org/t/p/w500/szHCeYwi4ubewuYnlnz0YGqWnQC.jpg
20737,Air Bud,https://image.tmdb.org/t/p/w500/kDfzh6QdX2tseTwwyB7lp2RP7iE.jpg
10991,Pokémon: Spell of the Unknown,https://image.tmdb.org/t/p/w500/hrBWiMWnD7mheMx846ycUWA3ohs.jpg
10225,Friday the 13th Part VI: Jason Lives,https://image.tmdb.org/t/p/w500/6vdUpHvkspQonXBdWcLWW5ciEPJ.jpg
826,The Bridge on the River Kwai,https://image.tmdb.org/t/p/w500/7paXMt2e3Tr5dLmEZOGgFEn2Vo7.jpg
34086,Spaced Invaders,https://image.tmdb.org/t/p/w500/vchyoV7mnaUd46meVO81yolXH2D.jpg
5854,Family Plot,https://image.tmdb.org/t/p/w500/oQ9QbyBuIM2uYaheSKjs2x1xIQV.jpg
284,The Apartment,https://image.tmdb.org/t/p/w500/hhSRt1KKfRT0yEhEtRW3qp31JFU.jpg
10285,Jason Goes to Hell: The Final Friday,https://image.tmdb.org/t/p/w500/Aacq05foqiWdXqetFv02HBvMoJy.jpg
5780,Torn Curtain,https://image.tmdb.org/t/p/w500/7XC1l9eP2TBYMEdA4KRUqKAFmbm.jpg
292,Dave Chappelle's Block Party,https://image.tmdb.org/t/p/w500/lGS9iKGGRjM049ZGK4J8TvQeBHg.jpg
223485,Slow West,https://image.tmdb.org/t/p/w500/j3PmbRZvf5KpNbapSjn8b0CpD6a.jpg
29463,Krush Groove,https://image.tmdb.org/t/p/w500/83jp1uZp9405rkHKzDuX8qnJbhw.jpg
18065,Next Day Air,https://image.tmdb.org/t/p/w500/wLNzff5sWBWrKU4EI5gf4ZhUBKs.jpg
22013,Elmer Gantry,https://image.tmdb.org/t/p/w500/5vd031r08rrfSMqtB9UarwqCUOz.jpg
821,Judgment at Nuremberg,https://image.tmdb.org/t/p/w500/b6vYatvui1EXeFYfpDX4rcbueuP.jpg
53862,Trippin',https://image.tmdb.org/t/p/w500/gKdbdPg6Ye8TOpGGDFQ0NeVVSSI.jpg
3089,Red River,https://image.tmdb.org/t/p/w500/jyNTsAzrIWB441OtvfbgKtx1kFS.jpg
30139,Phat Girlz,https://image.tmdb.org/t/p/w500/zzylksiJ8hmzvsHIDBTuqYZJYTe.jpg
132344,Before Midnight,https://image.tmdb.org/t/p/w500/qbGKJmNUroDz75kh5Oafoall89e.jpg
15582,Teen Wolf Too,https://image.tmdb.org/t/p/w500/unfbmoUTIsQzQF09RJZVN1GKr6b.jpg
15158,Phantasm II,https://image.tmdb.org/t/p/w500/cZ5mPtOXcvmg224oBM2k1db5Fnn.jpg
44634,Woman Thou Art Loosed,https://image.tmdb.org/t/p/w500/oiSE4CMsoipS6l1KLEAPIgN9VVY.jpg
30309,Real Women Have Curves,https://image.tmdb.org/t/p/w500/ziemD3ATULYKt399FkO1ZhAwrOH.jpg
7509,Water,https://image.tmdb.org/t/p/w500/tdg6JKcqjS7szenmabGAbe5RGdN.jpg
10557,East Is East,https://image.tmdb.org/t/p/w500/tDchJ4mB23vGgwdQCmq9FCQ4W23.jpg
23531,Whipped,https://image.tmdb.org/t/p/w500/jIVMqADXH1fEAlf8K19FoDZYh0U.jpg
28005,Kama Sutra - A Tale of Love,https://image.tmdb.org/t/p/w500/kUaWgLrI7HqpPqPxgR54wSGokCV.jpg
40247,Please Give,https://image.tmdb.org/t/p/w500/kft7oy2SoImjDUXgeFbUxhICdc2.jpg
252,Willy Wonka & the Chocolate Factory,https://image.tmdb.org/t/p/w500/vmpsZkrs4Uvkp9r1atL8B3frA63.jpg
24126,Warlock: The Armageddon,https://image.tmdb.org/t/p/w500/qpRtxbnLb0qFP93db5vwDDXvWz2.jpg
13982,8 Heads in a Duffel Bag,https://image.tmdb.org/t/p/w500/dbjS5UH7JvsQwSLMYMY5GQOSwv1.jpg
16642,Days of Heaven,https://image.tmdb.org/t/p/w500/rwxTYjOZmX2rGhz7avLe1qsjNqe.jpg
17734,Thirteen Conversations About One Thing,https://image.tmdb.org/t/p/w500/mb3mEfzAudrPpQIxRzpLM12aiMV.jpg
18892,Jawbreaker,https://image.tmdb.org/t/p/w500/7YrxXoG25hVCK4nYDHQv9YIk3Ye.jpg
549,Basquiat,https://image.tmdb.org/t/p/w500/gFfVhN8BbgHhMb3ZNQRAH5xc7kq.jpg
121986,Frances Ha,https://image.tmdb.org/t/p/w500/jrq1NoKvsxWCcffVOjegiYwloFN.jpg
868,Tsotsi,https://image.tmdb.org/t/p/w500/r3ebTJFcDZ35GaKcuUQQe243z4f.jpg
10683,Happiness,https://image.tmdb.org/t/p/w500/rYfUcEV88Z3gENrfYTE6i8yBkDr.jpg
17995,DysFunktional Family,https://image.tmdb.org/t/p/w500/jYfGKG94Mfs8HMjqXsn9aIVqGTK.jpg
246403,Tusk,https://image.tmdb.org/t/p/w500/pA2SgITmH0lzet9Nn5cxeinRKMv.jpg
670,Oldboy,https://image.tmdb.org/t/p/w500/pWDtjs568ZfOTMbURQBYuT4Qxka.jpg
35691,Letters to God,https://image.tmdb.org/t/p/w500/vkOXEUy9J0GNtrqXY9Z9rl9pDHf.jpg
49010,Hobo with a Shotgun,https://image.tmdb.org/t/p/w500/xxMaO7VoN2BnZit79PedVHnTjcO.jpg
317930,Compadres,https://image.tmdb.org/t/p/w500/fs166jcsSkRhOvblIEPnFs04aXS.jpg
11229,Freeway,https://image.tmdb.org/t/p/w500/m0pAARUq3foDWFsrUmlYDHtNPE9.jpg
22488,Love's Abiding Joy,https://image.tmdb.org/t/p/w500/bnaJeSqEy4svDD0zaEdgoXtY4ug.jpg
24469,Fish Tank,https://image.tmdb.org/t/p/w500/rI3MKBDsWzQHi9PWDAMKkgmYcff.jpg
82533,Damsels in Distress,https://image.tmdb.org/t/p/w500/kF5kdsQbRh1U8Bvjyu6iIxOAsEx.jpg
50942,Creature,
84174,Bachelorette,https://image.tmdb.org/t/p/w500/yAr4LLjZnoIvrfb1VrV3mh38rTK.jpg
34099,Brave New Girl,https://image.tmdb.org/t/p/w500/zM2CFpnSwM8zvC22FFDWjTdJiPQ.jpg
79940,Tim and Eric's Billion Dollar Movie,https://image.tmdb.org/t/p/w500/bcipzEhr7xh9bfvqLq3iqJjnFdk.jpg
342,Summer Storm,https://image.tmdb.org/t/p/w500/7fqQmDzKGIiIk0mORANha9SsLVy.jpg
281230,Fort McCoy,https://image.tmdb.org/t/p/w500/4ok9jMdmjQUKtuTNwX0w0My9wib.jpg
38033,Chain Letter,https://image.tmdb.org/t/p/w500/Qkz89qeK3gJh49x3T85KiecTZi.jpg
100975,Just Looking,https://image.tmdb.org/t/p/w500/mNCDnjP2pMCH1PLKE3l6eXyDVUK.jpg
38541,The Divide,https://image.tmdb.org/t/p/w500/hnwX5cUuzBDM0OWJB2UtnjkrHDm.jpg
39563,The Eclipse,https://image.tmdb.org/t/p/w500/96ma6Hn8aW3FbHoaDzHiRflCHls.jpg
234212,Demonic,https://image.tmdb.org/t/p/w500/ne0wAvbmzk72svslxjuFySrXEKw.jpg
27404,My Big Fat Independent Movie,https://image.tmdb.org/t/p/w500/xPmQ4BCANMoiS7bvQU5wdFFqsUR.jpg
170480,The Deported,https://image.tmdb.org/t/p/w500/42KLDWL2zRXzv6QH1vwBlELGMOs.jpg
71866,Tanner Hall,https://image.tmdb.org/t/p/w500/qoGtVlqaFWngUXuUzAS6uuNcwsI.jpg
192210,Open Road,https://image.tmdb.org/t/p/w500/y8Ecw1WdbgTacszNR1C0G4WK21r.jpg
180296,They Came Together,https://image.tmdb.org/t/p/w500/ifvKTtvmPYOGed2hP9ogPq98In7.jpg
157058,30 Nights of Paranormal Activity With the Devil Inside the Girl With the Dragon Tattoo,https://image.tmdb.org/t/p/w500/xng4MvtKEj8mV2aHgc51tGZzkdN.jpg
70006,Never Back Down 2: The Beatdown,https://image.tmdb.org/t/p/w500/7VjtTMQpfy9GxMyjUfuYTfyatZz.jpg
26039,Point Blank,https://image.tmdb.org/t/p/w500/xvZc8EvB7tNPHM9VdmNA19EiwqU.jpg
79587,Four Single Fathers,https://image.tmdb.org/t/p/w500/A3aNmcPhcICa0WG8Qn5IZ2gag1A.jpg
176077,Enter the Dangerous Mind,https://image.tmdb.org/t/p/w500/jzoozJFGbMxpjGli5moZuBfbzKS.jpg
260947,Something Wicked,https://image.tmdb.org/t/p/w500/fmKcL3irtCGs1ZWcpx2tKcebp3i.jpg
342502,AWOL-72,https://image.tmdb.org/t/p/w500/9xnzd7yq9vXrjuQjlRLNZ0kFQYU.jpg
191229,Iguana,https://image.tmdb.org/t/p/w500/yN6FIIICpMp9DyRXk9trUm3t3zt.jpg
43213,Chicago Overcoat,https://image.tmdb.org/t/p/w500/6saeAm5xt4vVM632Hxw3tV0tRsJ.jpg
44594,Barry Munday,https://image.tmdb.org/t/p/w500/ctHpUBRpnuGtwF4mYkKQVdjG8NI.jpg
666,Central Station,https://image.tmdb.org/t/p/w500/zJvp7XjQ2LhPbDVYhFXyucs40vR.jpg
248,Pocketful of Miracles,https://image.tmdb.org/t/p/w500/xjXwcGJjT5tE22wazQUYH32HwU8.jpg
325173,Close Range,https://image.tmdb.org/t/p/w500/1mB2uLg9qDzLX6BpJReAFAPyAtv.jpg
55831,Boynton Beach Club,https://image.tmdb.org/t/p/w500/fUcoCzSGBTm2xHnGqH0D5kQV9lH.jpg
351043,Amnesiac,https://image.tmdb.org/t/p/w500/dazYq2JoKpKjtVySA9vmLCv16J.jpg
43942,Freakonomics,https://image.tmdb.org/t/p/w500/cPXdZeUKmIylEG8ml0tQOPt9SJ9.jpg
10226,High Tension,https://image.tmdb.org/t/p/w500/vKeFa7CqSxmWsQDjHP6SJXKoDbj.jpg
66942,Griff the Invisible,https://image.tmdb.org/t/p/w500/12DpWfDhBacOE09wJgR75rwCVUH.jpg
356483,Unnatural,https://image.tmdb.org/t/p/w500/iUPOptmk5dQE8LZBhn8u9qfTwfx.jpg
10476,Hustle & Flow,https://image.tmdb.org/t/p/w500/yO5QTMZ2Oex6mwsgJuwRuINGuOQ.jpg
239,Some Like It Hot,https://image.tmdb.org/t/p/w500/hVIKyTK13AvOGv7ICmJjK44DTzp.jpg
10281,Friday the 13th Part VII: The New Blood,https://image.tmdb.org/t/p/w500/rUzk9Qnyz2FZGxHMBrq6DYIQZkO.jpg
630,The Wizard of Oz,https://image.tmdb.org/t/p/w500/uCC3j4pV9eOZwzDUWp2ilbcTf1f.jpg
3034,Young Frankenstein,https://image.tmdb.org/t/p/w500/3BvvVKPg9yucChlSvQtJxAbLmj9.jpg
13025,Diary of the Dead,https://image.tmdb.org/t/p/w500/tGktSJW5dPf8QIjmcqum4KOEZPZ.jpg
21461,Lage Raho Munna Bhai,https://image.tmdb.org/t/p/w500/tMARXMYsN1f4FZe9xsfCd0F3lkE.jpg
55306,Ulee's Gold,https://image.tmdb.org/t/p/w500/wMpZ7U7A0QHJptR9L573V3Y7SI0.jpg
17264,The Black Stallion,https://image.tmdb.org/t/p/w500/uZtNc31LR5Ik3ZVo2jxwOvhkNRC.jpg
346081,Sardaarji,https://image.tmdb.org/t/p/w500/f44yO1FafCLn0KM75LFRnFRo3Yn.jpg
16016,Journey to Saturn,https://image.tmdb.org/t/p/w500/lB8iKvq6UTDvp1C60JcALvdH1gX.jpg
15875,Donovan's Reef,https://image.tmdb.org/t/p/w500/xxZ6VUmnsxNiMa812IP3ohUf3BS.jpg
5900,The Dress,https://image.tmdb.org/t/p/w500/jmAQ4eXd5GCvYFrmoI0fKLr1zuD.jpg
43306,A Guy Named Joe,https://image.tmdb.org/t/p/w500/rrdaUol9hZEde4HloyVuG860OH7.jpg
11072,Blazing Saddles,https://image.tmdb.org/t/p/w500/vNw1gOEDdYTDeNMuuq8OmiEHrfH.jpg
9730,Friday the 13th: The Final Chapter,https://image.tmdb.org/t/p/w500/1J7zudfR3VLPwAf9lK5YPfSu0n6.jpg
209274,Ida,https://image.tmdb.org/t/p/w500/oFrwnliM6TtAyWo6nIP8YpJbIvi.jpg
26371,Maurice,https://image.tmdb.org/t/p/w500/8HhCyxxzoUqEBmVGK25Jq69LhVo.jpg
14137,Beer League,https://image.tmdb.org/t/p/w500/yoB3G8yGNLHdbr4TSKZqRp7UJ72.jpg
291,Riding Giants,https://image.tmdb.org/t/p/w500/8L3ir0KNqSqpps2oVAeCUPVTPhr.jpg
14139,Timecrimes,https://image.tmdb.org/t/p/w500/zdxQRP7mzczMJBwKnv8MCPRq7rQ.jpg
33106,Silver Medalist,https://image.tmdb.org/t/p/w500/ggTqQBLLiDx2MRBp4q3hOPsXDcV.jpg
8875,Timber Falls,https://image.tmdb.org/t/p/w500/v6Lgqh0OYLpeKzbIqxPeDXYstKE.jpg
872,Singin' in the Rain,https://image.tmdb.org/t/p/w500/w03EiJVHP8Un77boQeE7hg9DVdU.jpg
72914,"Fat, Sick & Nearly Dead",https://image.tmdb.org/t/p/w500/yKXRwMValA4ZbCaC68ANO24ALcY.jpg
139038,A Haunted House,https://image.tmdb.org/t/p/w500/tpw6kvuAJBo1CGRw1Bwdz1KU0hc.jpg
126509,2016: Obama's America,https://image.tmdb.org/t/p/w500/9Ht3rh0GVgh0rGqW99wCXWE4DP1.jpg
9591,That Thing You Do!,https://image.tmdb.org/t/p/w500/9RmZu33qHdyZFGLfhEOmkTjdNEu.jpg
10676,Halloween III: Season of the Witch,https://image.tmdb.org/t/p/w500/WABfdeaThFYXCySGIOvRNv2sSW.jpg
1687,Escape from the Planet of the Apes,https://image.tmdb.org/t/p/w500/vqD7qjBRizY7sPVIHbFRUZwgEXL.jpg
24748,Hud,https://image.tmdb.org/t/p/w500/A168bF52vmAIGkC2Qafj7M2EmaE.jpg
181330,Kevin Hart: Let Me Explain,https://image.tmdb.org/t/p/w500/lzYQkVuEN0zw2JvJsMUsOU47nb4.jpg
468,My Own Private Idaho,https://image.tmdb.org/t/p/w500/p9TF90Pb5yg2MNb2UztzyXktMm4.jpg
401,Garden State,https://image.tmdb.org/t/p/w500/h3iqYiGS6F3y7GxaS4AT8nFxZ2i.jpg
76,Before Sunrise,https://image.tmdb.org/t/p/w500/kf1Jb1c2JAOqjuzA3H4oDM263uB.jpg
50538,Evil Words,https://image.tmdb.org/t/p/w500/93xPP1fTVVMcI7oqfGWxSOjLhk0.jpg
25636,Jesus' Son,https://image.tmdb.org/t/p/w500/A2lVDbF1oTuCMlh69vLnqugWEAM.jpg
19316,Saving Face,https://image.tmdb.org/t/p/w500/7XbbgkKi4nEMOu9iwiANXpjKKhe.jpg
21074,Brick Lane,https://image.tmdb.org/t/p/w500/fOi0il1YvBj0d6wE5OyGIqMPV4S.jpg
84329,Robot & Frank,https://image.tmdb.org/t/p/w500/602vUwe1GPmaRvcrT3OQWqH1Nm1.jpg
20,My Life Without Me,https://image.tmdb.org/t/p/w500/pFEtVPW88pWflYV84UFL0h1iJr3.jpg
157386,The Spectacular Now,https://image.tmdb.org/t/p/w500/obDS8pTWVWZiNAaTyfIFWYZbRsZ.jpg
13007,Religulous,https://image.tmdb.org/t/p/w500/hBv5LCbWxPB8iU77dwurSGMVZ3N.jpg
13518,Fuel,https://image.tmdb.org/t/p/w500/fg88f3Nis36udZAEryzB1iQ1iYo.jpg
116584,Valley of the Heart's Delight,https://image.tmdb.org/t/p/w500/WTohWlSGwFNDfjJJtyPMraH3qo.jpg
46849,Eye of the Dolphin,https://image.tmdb.org/t/p/w500/8oaWtuz9pfRtCOtHQ5KIWB3vnYP.jpg
40428,8: The Mormon Proposition,https://image.tmdb.org/t/p/w500/glTnodgy1tZa794mnETfHjCPekC.jpg
17334,The Other End of the Line,https://image.tmdb.org/t/p/w500/uiLgARBzUiE7PPRiJILXSh4zOIW.jpg
1698,Anatomy,https://image.tmdb.org/t/p/w500/hZgnRhrOkmjjod5u3umbw4y08kX.jpg
20764,Sleep Dealer,https://image.tmdb.org/t/p/w500/kFXQ4oMJkXAWjyo7Tr5GrLjmk61.jpg
45132,Super,https://image.tmdb.org/t/p/w500/jZrRMGSajZQehg8mz74A5A00L3.jpg
76706,Christmas Mail,https://image.tmdb.org/t/p/w500/dumR7pD3PxK200RzJNycAZlMmIC.jpg
254472,Stung,https://image.tmdb.org/t/p/w500/tcVeFuvxqnWlvoMEWevaeVO0Mm6.jpg
332285,Antibirth,https://image.tmdb.org/t/p/w500/p4KSOLDlg1mY4SUbFL3Rd72CoMR.jpg
49471,Get on the Bus,https://image.tmdb.org/t/p/w500/7p8FvHMSr11LQw9Xv6dPJdrBeU2.jpg
13569,Thr3e,https://image.tmdb.org/t/p/w500/fGXWsdhfJ4UIdCnsCJMkT2Ulo9p.jpg
7512,Idiocracy,https://image.tmdb.org/t/p/w500/6cTHBq49ApwsJaRr3ojlY1cmiXk.jpg
356216,The Rise of the Krays,https://image.tmdb.org/t/p/w500/mIvQHEkuwUxqUr3XicrUWzdmrv4.jpg
11798,This Is England,https://image.tmdb.org/t/p/w500/6ZVx7wLrlgSKxkYC2CRg6Zek0fG.jpg
146631,U.F.O.,https://image.tmdb.org/t/p/w500/u6YRCDCiauJFYltBklD1X8m6OQm.jpg
43546,Bathing Beauty,https://image.tmdb.org/t/p/w500/9vqXU1hFpyLkJK4Wvt3bfUVMbqI.jpg
61038,Go for It!,https://image.tmdb.org/t/p/w500/otMNSW5NH26XGVR7Y4Ok6YlsReR.jpg
78373,"Dancer, Texas Pop. 81",https://image.tmdb.org/t/p/w500/khV9zPcvgOjrqwlk3dI1lGojZib.jpg
17820,Show Boat,https://image.tmdb.org/t/p/w500/sk7s574pI9QAi6uVqbTg0bnLEUC.jpg
74457,Redemption Road,https://image.tmdb.org/t/p/w500/w1NBcLgbJAyuuat0UcIpKQnHmJA.jpg
283384,The Calling,https://image.tmdb.org/t/p/w500/kqJGIh2mZVwTD20GeDVTUNOwd5p.jpg
19933,The Brave Little Toaster,https://image.tmdb.org/t/p/w500/mEZcPMNRqTcotOZSttN5MtmJbu1.jpg
756,Fantasia,https://image.tmdb.org/t/p/w500/5m9njnidjR0syG2gpVPVgcEMB2X.jpg
433715,8 Days,https://image.tmdb.org/t/p/w500/fvYRa0Zw9G3KVKuxDjmtQlzZngx.jpg
9728,Friday the 13th Part III,https://image.tmdb.org/t/p/w500/9kukTSlgFgXnQGdpcHvHcpTDiUc.jpg
9731,Friday the 13th: A New Beginning,https://image.tmdb.org/t/p/w500/ewnIs4aCuWnKQ13Eaj8f3ybrQc8.jpg
9916,The Last Sin Eater,https://image.tmdb.org/t/p/w500/nSFmT13VqhdVqRhU08ADMxy8cGX.jpg
309425,Do You Believe?,https://image.tmdb.org/t/p/w500/89fJ4hV9fCB01EvhhLOgjMJI4A6.jpg
14156,Impact Point,https://image.tmdb.org/t/p/w500/p2SeFLxPU0fZno9XTYgx3w8IZAX.jpg
43610,The Valley of Decision,https://image.tmdb.org/t/p/w500/kiHMWi0OWMIovdCnd4AbMEyQh3c.jpg
360339,Eden,https://image.tmdb.org/t/p/w500/nVtCuhdg1mYjMMFdUKqijgrAWAS.jpg
31163,Chicken Tikka Masala,https://image.tmdb.org/t/p/w500/sz7TBagHKYx6NI1XmRWIwoDDLri.jpg
297621,There's Always Woodstock,https://image.tmdb.org/t/p/w500/4EOoojQInBDbwDtsTQwj7l8Lcw7.jpg
16205,Jack Brooks: Monster Slayer,https://image.tmdb.org/t/p/w500/xAieCaFdEiIwhHS7FKcltPDUnRc.jpg
887,The Best Years of Our Lives,https://image.tmdb.org/t/p/w500/gd5EoAU4MM57sW3vlWxJ0NMM8cV.jpg
9517,Bully,https://image.tmdb.org/t/p/w500/vMJ2WHBbK4Jr3eDuF1e7O6lbC8m.jpg
6007,Elling,https://image.tmdb.org/t/p/w500/i4o9u93vR7setcwVeL87jGwc8CS.jpg
364083,Mi America,
8329,[REC],https://image.tmdb.org/t/p/w500/hgyJR4sgMsee6xMFM3xYiG6cDCh.jpg
69640,Lies in Plain Sight,https://image.tmdb.org/t/p/w500/4VzDK2Ki8kKoEMwFQglhywiy1no.jpg
371085,Sharkskin,https://image.tmdb.org/t/p/w500/jQHUYbrzHpAA8ZkFLoF6bwNxAyA.jpg
347548,Containment,https://image.tmdb.org/t/p/w500/lz6G41YdOK1CO2qOkoBe6cudofb.jpg
322443,The Timber,https://image.tmdb.org/t/p/w500/kV0jEsELVEhqIU9MPyidKaHpvh9.jpg
657,From Russia with Love,https://image.tmdb.org/t/p/w500/zx4V17FP8oclNvOpTgs2iCCtiYk.jpg
28165,The Toxic Avenger Part II,https://image.tmdb.org/t/p/w500/m5o7B3VSAjvinjtSYxXD38senvb.jpg
11561,Sleeper,https://image.tmdb.org/t/p/w500/YTYSziZZP5aXt5CDvdEMwKDzme.jpg
270303,It Follows,https://image.tmdb.org/t/p/w500/iwnQ1JH1wdWrGYkgWySptJ5284A.jpg
11624,Everything You Always Wanted to Know About Sex *But Were Afraid to Ask,https://image.tmdb.org/t/p/w500/A1ZNhNd8FV8kCW39OeDelokT0tv.jpg
595,To Kill a Mockingbird,https://image.tmdb.org/t/p/w500/gZycFUMLx2110dzK3nBNai7gfpM.jpg
8810,Mad Max 2: The Road Warrior,https://image.tmdb.org/t/p/w500/l1KVEhkGDpWRzQ0VqIhZqDDuOim.jpg
12207,The Legend of Drunken Master,https://image.tmdb.org/t/p/w500/xqUBrSBtPYLvCtfqHF5sapU6Div.jpg
226,Boys Don't Cry,https://image.tmdb.org/t/p/w500/eB505ycEhFVfMwGglIzXNUyKAIs.jpg
92182,Silent House,https://image.tmdb.org/t/p/w500/mbkvYlx1scovMi80rOOkNBvgU11.jpg
582,The Lives of Others,https://image.tmdb.org/t/p/w500/cVUDMnskSc01rdbyH0tLATTJUdP.jpg
72213,Courageous,https://image.tmdb.org/t/p/w500/hVRkbZRCoHtnfi0V9GFZ3uXjCNp.jpg
990,The Hustler,https://image.tmdb.org/t/p/w500/snItsSViawjaadW9mlWUmGwR41R.jpg
55604,Boom Town,https://image.tmdb.org/t/p/w500/upPOcyAhnL0tDPL8MsTRrOJquiJ.jpg
9662,The Triplets of Belleville,https://image.tmdb.org/t/p/w500/enw6C4fDw88g0nOQgIJXjgH3NHi.jpg
20862,Smoke Signals,https://image.tmdb.org/t/p/w500/dZ6smtO2cEm3nxVhWscYfKS0mYX.jpg
2771,American Splendor,https://image.tmdb.org/t/p/w500/rPLMxuk82AiqDiwEUVJ6E7WpjYs.jpg
80,Before Sunset,https://image.tmdb.org/t/p/w500/4sW5XH9ZfYXpvFzev00S1IGAEbg.jpg
55,Amores perros,https://image.tmdb.org/t/p/w500/1lX74fPZsBoOyyE5fWL5xT7k9sV.jpg
11023,Thirteen,https://image.tmdb.org/t/p/w500/uzTLlZrNF6rMPBh5mUQu6vLnTtX.jpg
33667,Gentleman's Agreement,https://image.tmdb.org/t/p/w500/aCCRbcmigPk00f34hpJuWZuvABo.jpg
39013,Winter's Bone,https://image.tmdb.org/t/p/w500/a0qhPkNlxLfsf5B2jFyI1Pp04XV.jpg
11194,Touching the Void,https://image.tmdb.org/t/p/w500/fsydA5H8FSDaYlYWddfMpMpDUX.jpg
43839,Alexander's Ragtime Band,https://image.tmdb.org/t/p/w500/tbmvwfs9C1eTIyCcuhdbnFeuQSA.jpg
1382,Me and You and Everyone We Know,https://image.tmdb.org/t/p/w500/hrj9VsInHnqSDBhEc2FvY0qd79F.jpg
44639,Inside Job,https://image.tmdb.org/t/p/w500/7yXXIWec24htucjsZS1sDuPLqw8.jpg
301351,We Are Your Friends,https://image.tmdb.org/t/p/w500/7RzpN4aLjM5FUc7Q3WsvNn2MuaR.jpg
4816,Ghost Dog: The Way of the Samurai,https://image.tmdb.org/t/p/w500/gjcl07r9zgQ9tVo9alyHmysPFfX.jpg
7873,Harsh Times,https://image.tmdb.org/t/p/w500/raBWBnGz2X6FQ3iUwPwYQE4FrkY.jpg
331190,Captive,https://image.tmdb.org/t/p/w500/rKOY6QwmnuZYPaMIvdmZQHjxDLI.jpg
15186,Full Frontal,https://image.tmdb.org/t/p/w500/7FeoefSYELryi04Kz74xYTayPZk.jpg
17994,Witchboard,https://image.tmdb.org/t/p/w500/d5lDHBzEgBkgAarXpUl56u2vM8c.jpg
1378,Shortbus,https://image.tmdb.org/t/p/w500/s8QBrWgpZpYrySSyTQ0xbFLPKrS.jpg
8885,Waltz with Bashir,https://image.tmdb.org/t/p/w500/zQaCv7lKwHsh0YSHkt1QNjIOZ1c.jpg
48382,"The Book of Mormon Movie, Volume 1: The Journey",https://image.tmdb.org/t/p/w500/ov4rsTmjJ28jUnSRRYwhIGWUWUn.jpg
12901,No End in Sight,https://image.tmdb.org/t/p/w500/vNLK1fRPHTHFfWfy63NJFDwX7MQ.jpg
250124,The Diary of a Teenage Girl,https://image.tmdb.org/t/p/w500/5YlUrdYKuscD7pwf3yy9duVLbui.jpg
14284,In the Shadow of the Moon,https://image.tmdb.org/t/p/w500/xvthKnu7EjK0QvEBPY9ZnO3SiHe.jpg
57120,Meek's Cutoff,https://image.tmdb.org/t/p/w500/oc28NmVqLx0x8epu3Ih3LvX4zE9.jpg
12228,Inside Deep Throat,https://image.tmdb.org/t/p/w500/iy96Ud1jpnjOEYiHh2XMooD1PfG.jpg
22617,Dinner Rush,https://image.tmdb.org/t/p/w500/6qhSssp1RT3IU53OkomdpJsyJ0D.jpg
55561,Clockwatchers,https://image.tmdb.org/t/p/w500/buStvFH9j4n0McRewpbKBZsrKQc.jpg
42889,The Virginity Hit,https://image.tmdb.org/t/p/w500/krUYZAjEZ5n5GL7tuLoQGfxja0S.jpg
10656,Subway,https://image.tmdb.org/t/p/w500/5EOFUWs0ImeyiRUtFpbHuGGTNUx.jpg
24363,House of D,https://image.tmdb.org/t/p/w500/oVBMJQKHVTbXM8vEph3RhS4mKgr.jpg
13121,Teeth,https://image.tmdb.org/t/p/w500/p7OIPkN2LOBprQxQx7EZBa6m6W4.jpg
24746,Six-String Samurai,https://image.tmdb.org/t/p/w500/4Lo0pT1gnDAL4hTVMYLwpVWcqR1.jpg
325140,Hum To Mohabbat Karega,https://image.tmdb.org/t/p/w500/dCzznqwqDtdwc0zqUBTDY3BMYae.jpg
12109,It's All Gone Pete Tong,https://image.tmdb.org/t/p/w500/4AvbVwbejmSMKGEdLmVYDLAss1i.jpg
27023,Saint John of Las Vegas,https://image.tmdb.org/t/p/w500/fFW0KMESYWfI74UAZ5gc3Ct8MBI.jpg
22913,24 7: Twenty Four Seven,https://image.tmdb.org/t/p/w500/g5rd7ljbR0VVcK7m2ogrMa4E0fE.jpg
273899,Stonewall,https://image.tmdb.org/t/p/w500/jkUKuPK0dJwP9o47npgLipp83D0.jpg
20653,Roadside Romeo,https://image.tmdb.org/t/p/w500/p2CBDCVzTPjnXaKXN21bEoPWBeQ.jpg
67373,This Thing of Ours,https://image.tmdb.org/t/p/w500/rS7neBxeRMBeN8095SZnUZTrtQN.jpg
171759,The Lost Medallion: The Adventures of Billy Stone,https://image.tmdb.org/t/p/w500/tDPwBwGAERB4B1yQjR0xwTWwbFQ.jpg
206296,The Last Five Years,https://image.tmdb.org/t/p/w500/dxTLKSTyGb5IXB64iNgU9AWAsXT.jpg
35219,The Missing Person,https://image.tmdb.org/t/p/w500/fwjX5pXrylMXtPCmYq7MzoTVJ5H.jpg
28260,Return of the Living Dead 3,https://image.tmdb.org/t/p/w500/lu4Eit7pR5I8hGHJmy3K9Re8FPo.jpg
7515,London,https://image.tmdb.org/t/p/w500/zvNHklUZcrwdN8xpL7Vsqedru5l.jpg
13075,Sherrybaby,https://image.tmdb.org/t/p/w500/wvMd4qGoSdrgW046DTvmwPyt6TV.jpg
335866,Circle,https://image.tmdb.org/t/p/w500/hbIL53MdZFJXsgxXaSOVuApWTs8.jpg
13510,Eden Lake,https://image.tmdb.org/t/p/w500/tOg6ElTe1mJwaCFN0172U4oso22.jpg
215881,Plush,https://image.tmdb.org/t/p/w500/iKtQbFwd72ZnXYbEIfEDVpHEJqo.jpg
18238,Lesbian Vampire Killers,https://image.tmdb.org/t/p/w500/3IROnPMgDnI1TYQ4PZBB0nn6CwX.jpg
22600,Gangster's Paradise: Jerusalema,https://image.tmdb.org/t/p/w500/fVmlqgIyHjEsONDcaFiP8jBdqvU.jpg
12612,Freeze Frame,https://image.tmdb.org/t/p/w500/A7SNMoBXWt0GAdktkVY1SB3y3vQ.jpg
50698,Grave Encounters,https://image.tmdb.org/t/p/w500/8vnsB3Rg9Gb91UOaecXRb7dYB37.jpg
115210,Stitches,https://image.tmdb.org/t/p/w500/lxZ6rfvzKWwt2nu7ElrwYkNHu5o.jpg
34335,Nine Dead,https://image.tmdb.org/t/p/w500/3zAYW3q6gawnV68XdXtkBNBgUEX.jpg
459488,"To Be Frank, Sinatra at 100",https://image.tmdb.org/t/p/w500/fdWfdl8p4W7TZ20BHCcCb7BUiel.jpg
11302,Bananas,https://image.tmdb.org/t/p/w500/gK11RUXspxqty0Wq6KoV8J0crKO.jpg
119458,Supercapitalist,https://image.tmdb.org/t/p/w500/qQrVjSPIarrSnpY9O1eZH01VbUh.jpg
20406,Rockaway,https://image.tmdb.org/t/p/w500/9VlOskJuRF0rCqFzoZnfsBf4PC2.jpg
3766,The Lady from Shanghai,https://image.tmdb.org/t/p/w500/whqdqWavNMSoeXTx1X3DauO1LG6.jpg
18616,No Man's Land: The Rise of Reeker,https://image.tmdb.org/t/p/w500/1LAjKJ2Xcmb1ixIKq6ZA3LVq871.jpg
18808,Highway,https://image.tmdb.org/t/p/w500/jttL1E4eCQn7tHBbYlUkMz865Q4.jpg
95755,Small Apartments,https://image.tmdb.org/t/p/w500/z7j98OiCC6v0gOXJ9VF5t2kV169.jpg
198062,Coffee Town,https://image.tmdb.org/t/p/w500/475PTJRhikorye5BnTan5BPm85j.jpg
188652,The Ghastly Love of Johnny X,https://image.tmdb.org/t/p/w500/x5f1DNKwid7Pce9afAQd2waPtDs.jpg
174311,All Is Bright,https://image.tmdb.org/t/p/w500/spCLVHZnOCcjrGwCEaVi8ADKRsn.jpg
12602,The Torture Chamber of Dr. Sadism,https://image.tmdb.org/t/p/w500/aao5hdQbzy5RxdewrdSW3SFSHZG.jpg
153795,Straight A's,https://image.tmdb.org/t/p/w500/92bkt0yTztGrNy44bOIHkxpkcDn.jpg
17768,A Funny Thing Happened on the Way to the Forum,https://image.tmdb.org/t/p/w500/h3S9DZMUZNsAqd8ZNBed7ttPWXk.jpg
13516,Slacker Uprising,https://image.tmdb.org/t/p/w500/aZappNo0qadtT2qyrPREAZ6GVoZ.jpg
98549,The Legend of Hell's Gate: An American Conspiracy,https://image.tmdb.org/t/p/w500/meg2YdNDQFAPodjz8IHCYepc0vw.jpg
312793,The Walking Deceased,https://image.tmdb.org/t/p/w500/ss6eqPxe9vmsYOxb3LGUs5mIXvq.jpg
309919,The Curse of Downers Grove,https://image.tmdb.org/t/p/w500/fTpYTV0a23Diw344tE199bIHo7l.jpg
299553,Shark Lake,https://image.tmdb.org/t/p/w500/rAvFko64iscEmDQkVnmc8rpmqCw.jpg
21309,River's Edge,https://image.tmdb.org/t/p/w500/bT68aKa9d7zDF7Z8MaskbWBRqzb.jpg
32235,Northfork,https://image.tmdb.org/t/p/w500/jb3qheP75UgVibpnfubotrBDY5v.jpg
329540,The Marine 4: Moving Target,https://image.tmdb.org/t/p/w500/yR4R4SP6nLwwJ30DZOCVXefqPhi.jpg
26388,Buried,https://image.tmdb.org/t/p/w500/lQP2sZngXzjh3NDIWzo9OVK5YVh.jpg
49020,Submarine,https://image.tmdb.org/t/p/w500/nbzXX3CYtKUBrPeMcG7PVoLQHXB.jpg
159037,The Square,https://image.tmdb.org/t/p/w500/fbhmYUTdRgnFvumVewTCLgbvYm9.jpg
12838,One to Another,https://image.tmdb.org/t/p/w500/AnF2ewdZax4tGhzUU7JYqBGa7FX.jpg
157293,ABCD (Any Body Can Dance),https://image.tmdb.org/t/p/w500/6d10bDZIg8vQNnzSn9wAu4KD8hc.jpg
14048,Man on Wire,https://image.tmdb.org/t/p/w500/1mS4rhIgHZcHIvf1beP9Av0Ui33.jpg
356987,Abandoned,https://image.tmdb.org/t/p/w500/9iUsETntqb2hCZnM5wwlH0IWZ8Y.jpg
295886,Brotherly Love,https://image.tmdb.org/t/p/w500/z8Fg0EcHvNLjvASg0h1FbwvrIXe.jpg
38358,The Last Exorcism,https://image.tmdb.org/t/p/w500/eOo9tgGjxdsQEgqc6g7E1NL8460.jpg
33511,Nowhere Boy,https://image.tmdb.org/t/p/w500/1rFcosLtBnGL2ru0IPtwx3QSeKK.jpg
702,A Streetcar Named Desire,https://image.tmdb.org/t/p/w500/aicdlO5vt7z2ARm279eGzJeYCLQ.jpg
935,Dr. Strangelove or: How I Learned to Stop Worrying and Love the Bomb,https://image.tmdb.org/t/p/w500/gHm96BRW4GoI339rF1vYoYTB6Qe.jpg
542,The Crime of Padre Amaro,https://image.tmdb.org/t/p/w500/wqwt2DKcQV6EeSwXuYTk7pkLFii.jpg
84175,Beasts of the Southern Wild,https://image.tmdb.org/t/p/w500/nQJmWekGYlXhezGUb21xFfEfwhH.jpg
1705,Battle for the Planet of the Apes,https://image.tmdb.org/t/p/w500/dP5dYjLp5p2CG103cJMio4Nj29d.jpg
62677,Songcatcher,https://image.tmdb.org/t/p/w500/qpUSLY5BPi42rqO097tNF8e53Qm.jpg
50875,Higher Ground,https://image.tmdb.org/t/p/w500/xFvN6OVYGwPokUnkZlKxd1coxbS.jpg
260778,Vaalu,https://image.tmdb.org/t/p/w500/cQ3MxP5yrMfdjSwVq2hjW5oRWKy.jpg
58492,The Greatest Movie Ever Sold,https://image.tmdb.org/t/p/w500/qyPsCqMbTJznLu8KBWg0CLNRbIH.jpg
44562,Ed and His Dead Mother,https://image.tmdb.org/t/p/w500/AnF4FFmJPIJhZ3FoOhlTWClPHFR.jpg
37232,Travellers and Magicians,https://image.tmdb.org/t/p/w500/rVXiPoXzeoyExzepxdv4eQQMERa.jpg
4929,Hang 'em High,https://image.tmdb.org/t/p/w500/gFvRKgCAa1MKlcAKZfoDNdR2dgy.jpg
36334,Deadline - U.S.A.,https://image.tmdb.org/t/p/w500/xioYj4tRukm2BETibaJwXlQar2V.jpg
9783,Sublime,https://image.tmdb.org/t/p/w500/285yCXj3JIe7rXdedZJ0FD4KPnS.jpg
386826,A Beginner's Guide to Snuff,https://image.tmdb.org/t/p/w500/kv0i6XqUULBcgCHwXedZZulOPyv.jpg
205126,Independence Daysaster,https://image.tmdb.org/t/p/w500/6jor0EqECPgHqu89GrQIy9Wetkf.jpg
98557,Dysfunctional Friends,https://image.tmdb.org/t/p/w500/oq9UGUeaGzLNR0nAcQZuYLIpuBg.jpg
104,Run Lola Run,https://image.tmdb.org/t/p/w500/v0giIi4bTILVhNhJajet3WWY3FA.jpg
10894,May,https://image.tmdb.org/t/p/w500/oFXhJYTax1cnNtgvLdKlXuYiWPV.jpg
246449,Against the Wild,https://image.tmdb.org/t/p/w500/cTs2mJEJMa6WxYt4ZJnlz2xK0VC.jpg
32579,Under the Same Moon,https://image.tmdb.org/t/p/w500/wx9DwdcgvLhoQJP3AOXpvMISgtM.jpg
1688,Conquest of the Planet of the Apes,https://image.tmdb.org/t/p/w500/tzKZRY2opw5MruSkevffgT5ocun.jpg
1999,In the Bedroom,https://image.tmdb.org/t/p/w500/IQj11YbraLDyPYaz79jtDoAscc.jpg
43947,I Spit on Your Grave,https://image.tmdb.org/t/p/w500/sD5mBllYcBR5sQTyR2VGYhpHf6B.jpg
24066,"Happy, Texas",https://image.tmdb.org/t/p/w500/5bUoL781c0YdWmqtcNWjbPATyAb.jpg
9709,My Summer of Love,https://image.tmdb.org/t/p/w500/47eozMel2wZgEASToUzScsPVpDs.jpg
191714,The Lunchbox,https://image.tmdb.org/t/p/w500/jSOiz1h97i3qwjZJXY8SeLvjPsl.jpg
25312,Yes,https://image.tmdb.org/t/p/w500/70PQCYF3ExuKHqyieJhYV0GJg9H.jpg
34106,You Can't Take It With You,https://image.tmdb.org/t/p/w500/9JltqbDyWstYW6gnvqDO6L5bOrx.jpg
11426,From Here to Eternity,https://image.tmdb.org/t/p/w500/sP3T6hTkTMCksUXb0wzzOgbXIfk.jpg
13909,She Wore a Yellow Ribbon,https://image.tmdb.org/t/p/w500/2IXtuwkTVcDsaa09AiQnlkfxe7I.jpg
206284,Grace Unplugged,https://image.tmdb.org/t/p/w500/1woGP3DCEyfPuifRPSkrwDanOQm.jpg
27455,Foolish,https://image.tmdb.org/t/p/w500/bCBsJyLnZbnlfwooB5733LLXF24.jpg
66468,N-Secure,https://image.tmdb.org/t/p/w500/eYbnGcx48fnujZkR7Wo0x4RzL12.jpg
7973,Caramel,https://image.tmdb.org/t/p/w500/3YAAZuO0Rz33CrIO66NqxMS6R4y.jpg
283686,Out of the Dark,https://image.tmdb.org/t/p/w500/Lql2rnNRmKJrjq4FhEUh7IwkNd.jpg
15976,The Bubble,https://image.tmdb.org/t/p/w500/b73kg6GIuUBAHavvQm2AKSCBA1.jpg
592,The Conversation,https://image.tmdb.org/t/p/w500/dHqVBwcv1SGymOpUueRoKzcmdes.jpg
74084,Dil Jo Bhi Kahey...,https://image.tmdb.org/t/p/w500/boSr1IpelWee87Lf88l5biw2fcf.jpg
1651,Mississippi Mermaid,https://image.tmdb.org/t/p/w500/l2jsT4bWzGZry34x4k5eNiSquhv.jpg
25428,I Love Your Work,https://image.tmdb.org/t/p/w500/eEHWma4acEcP0byL2a7h9MJxB57.jpg
298584,Cabin Fever,https://image.tmdb.org/t/p/w500/yJQLWoizC5zBjVk9dr2Qo1K1TCI.jpg
10758,Waitress,https://image.tmdb.org/t/p/w500/ux3SPTHHmJytSjWEaV7xlo9nbOZ.jpg
11690,Bloodsport,https://image.tmdb.org/t/p/w500/kndxR9TRK0kJ5hxzDprRSS80F2W.jpg
3083,Mr. Smith Goes to Washington,https://image.tmdb.org/t/p/w500/nDjg1fbNyq15excNDl3acd2IqAk.jpg
9344,Kids,https://image.tmdb.org/t/p/w500/8qV8hUVCUnFIQKewzlhaFWhdszK.jpg
10707,The Squid and the Whale,https://image.tmdb.org/t/p/w500/9NbXn1NMdfGM491V3EFjZADR9SX.jpg
15647,Kissing Jessica Stein,https://image.tmdb.org/t/p/w500/8b2g8QZRLTJMYyzc3HirTSRQpLW.jpg
308529,Kickboxer: Vengeance,https://image.tmdb.org/t/p/w500/9suFyXDE1MhZ8I8tuhmTd0fJ7G8.jpg
4174,Spellbound,https://image.tmdb.org/t/p/w500/dPAox7jGScLBvxKLeRptJIBF7v.jpg
20156,Exotica,https://image.tmdb.org/t/p/w500/pWcJdcIHjL3P6NaEJKeV6ONfAMV.jpg
9464,Buffalo '66,https://image.tmdb.org/t/p/w500/fxzXFzbSGNA52NHQCMqQiwzMIQw.jpg
49018,Insidious,https://image.tmdb.org/t/p/w500/1egpmVXuXed58TH2UOnX1nATTrf.jpg
13820,Repo Man,https://image.tmdb.org/t/p/w500/bjuu5UceuVUNUjnOC2fBzL3hZKC.jpg
18079,Nine Queens,https://image.tmdb.org/t/p/w500/u2L4Foderu7SCPci5c3jsUfEJPP.jpg
127918,The Gatekeepers,https://image.tmdb.org/t/p/w500/y7B7Ko7ZEXKcBLkO8HiGFAxAKjA.jpg
17113,The Ballad of Jack and Rose,https://image.tmdb.org/t/p/w500/jhID43WmWf3HeH3M3tBCPTSeBOi.jpg
129139,The To Do List,https://image.tmdb.org/t/p/w500/vSVYCcvDJljrESZo1jJyXPVvwfk.jpg
507,Killing Zoe,https://image.tmdb.org/t/p/w500/k3UEKMVnkljOlsO5sLmz87YGlaG.jpg
4012,The Believer,https://image.tmdb.org/t/p/w500/doe1zmrCRCSRkC3EdalFiUZhMxn.jpg
14054,Snow Angels,https://image.tmdb.org/t/p/w500/hKtht1ezc31mH1cBIHoDPmScnk9.jpg
323271,Unsullied,https://image.tmdb.org/t/p/w500/3cby5ym34M2N1kNvz4bIezFYJFb.jpg
10972,Session 9,https://image.tmdb.org/t/p/w500/A3Au37c3KJX29BDvldzGiYtaU5B.jpg
13066,I Want Someone to Eat Cheese With,https://image.tmdb.org/t/p/w500/4zVqWaiC9Y2GJSmuJjMDRlYv4ae.jpg
66025,Mooz-lum,https://image.tmdb.org/t/p/w500/adSb3QS8wW234v7HVhbFWABhgy7.jpg
11908,Hatchet,https://image.tmdb.org/t/p/w500/lkh3Fwruds78feXfP1Zb9kBLydL.jpg
3082,Modern Times,https://image.tmdb.org/t/p/w500/7uoiKOEjxBBW0AgDGQWrlfGQ90w.jpg
39541,Stolen Summer,https://image.tmdb.org/t/p/w500/marKnaLfvEnQ1DK3U2SLKYRGVdh.jpg
1961,My Name Is Bruce,https://image.tmdb.org/t/p/w500/et2f1JBW533ZzYiCEA2T7nwzcs1.jpg
51820,The Salon,https://image.tmdb.org/t/p/w500/uI38GTzFL00G2VJSzRUEuOnSE3s.jpg
291362,Road Hard,https://image.tmdb.org/t/p/w500/aClpHJtwN2I6DmCZpu54LUVoQJK.jpg
30082,Forty Shades of Blue,https://image.tmdb.org/t/p/w500/tWhkFzXkqS9afk2KKTTwd6IBmZ6.jpg
72913,Amigo,https://image.tmdb.org/t/p/w500/fKSc6ZB8DOdwxtSBPjv7NjGMWBr.jpg
23963,Pontypool,https://image.tmdb.org/t/p/w500/4wWMvurzg1AoArX57pqsPWwhps2.jpg
29406,Trucker,https://image.tmdb.org/t/p/w500/kiOEBjIsTiGtYBDfaoaCwwXGIFP.jpg
361505,Me You and Five Bucks,https://image.tmdb.org/t/p/w500/ukQf5WWnLerLsMR1bo33HmQ6EUG.jpg
104755,The Lords of Salem,https://image.tmdb.org/t/p/w500/nqZ6CGGZpQWt139YioekSYHvvkU.jpg
253306,Housebound,https://image.tmdb.org/t/p/w500/jPKEeHmUuoDnIaRs6VUqSr4qRGR.jpg
29595,Wal-Mart: The High Cost of Low Price,https://image.tmdb.org/t/p/w500/6PYx4HEbczd9QUCex5Wspkhjef5.jpg
46729,Fetching Cody,https://image.tmdb.org/t/p/w500/p7vuoA0vIldc9t48CRwougpidoj.jpg
294600,Last I Heard,https://image.tmdb.org/t/p/w500/plfE6Ijfse0ALy4UFdgcAu23F7z.jpg
137347,Closer to the Moon,https://image.tmdb.org/t/p/w500/pBqnSEkLMZoEFgOCQLxM7wKmmS0.jpg
290370,Mutant World,https://image.tmdb.org/t/p/w500/qW10Tx8IQsDZRr7seAz2Ld8YRLy.jpg
426469,Growing Up Smith,https://image.tmdb.org/t/p/w500/ncALkAajnctju0CYKH4bFm40QJD.jpg
356841,Checkmate,https://image.tmdb.org/t/p/w500/gG4iRaSrivB7hWtzwkM9UsQ7nma.jpg
301325,#Horror,https://image.tmdb.org/t/p/w500/v9pTHwhpSWmPHU8i1pEt9VIG9Kg.jpg
347755,Wind Walkers,https://image.tmdb.org/t/p/w500/3G8rw9hY9fvqCtFf1jUzww189yO.jpg
408,Snow White and the Seven Dwarfs,https://image.tmdb.org/t/p/w500/3VAHfuNb6Z7UiW12iYKANSPBl8m.jpg
44413,The Holy Girl,https://image.tmdb.org/t/p/w500/srA4HPJe0YpDTZ4L4Nj5psD7v48.jpg
39209,Shalako,https://image.tmdb.org/t/p/w500/ywxINymAsSGAJmPvDqMkdFY3PNH.jpg
48463,Incident at Loch Ness,https://image.tmdb.org/t/p/w500/hsBmbcL4KiZerEwFJO4BHlvnbA8.jpg
394047,The Dog Lover,https://image.tmdb.org/t/p/w500/sDPBBKZAIP6r2OaLfNBSI1hdp2Q.jpg
312791,GirlHouse,https://image.tmdb.org/t/p/w500/4zR3QYWoeY2mTwVWnVxUQQptqdM.jpg
266034,The Blue Room,https://image.tmdb.org/t/p/w500/fYHOfbx9Xuxbu6LJBJA9EPom70Q.jpg
280381,House at the End of the Drive,https://image.tmdb.org/t/p/w500/AmW0Rz1McoXMYPxl5WoootpiJsz.jpg
2661,Batman,https://image.tmdb.org/t/p/w500/iBaHizz1sfMs4N03aHsGe7I2G6S.jpg
100,"Lock, Stock and Two Smoking Barrels",https://image.tmdb.org/t/p/w500/6pJB2t3MbQUy9m5pFIBHXLqnqNd.jpg
218500,The Ballad of Gregorio Cortez,https://image.tmdb.org/t/p/w500/nU5xLRQBn1nLqhW9UumdRQTGjbF.jpg
309,The Celebration,https://image.tmdb.org/t/p/w500/2LRzNq41yrY8EjCnD1S8sCCPvKk.jpg
27845,Trees Lounge,https://image.tmdb.org/t/p/w500/2DtoVhI9RkArGbzkvctGxY578QN.jpg
25784,Journey from the Fall,https://image.tmdb.org/t/p/w500/20QLLHVKEkkABlRf17e9jWYcibe.jpg
52790,The Basket,https://image.tmdb.org/t/p/w500/4i98DTRSDGk6JiKBc1LDBvxelw.jpg
100275,Eddie: The Sleepwalking Cannibal,https://image.tmdb.org/t/p/w500/2B4wSzrsbK2nnZs5HcZ3LSALQkh.jpg
295914,Queen of the Mountains,https://image.tmdb.org/t/p/w500/9my4y17YNNIIx6A1aP8BvuO5WdG.jpg
42033,Def-Con 4,https://image.tmdb.org/t/p/w500/qPQ8gUy228PrCkIFQlUVMppaD5.jpg
19187,The Hebrew Hammer,https://image.tmdb.org/t/p/w500/HryOo5fCwJ5QUbNqjYAotgoj9c.jpg
46415,Neal 'n' Nikki,https://image.tmdb.org/t/p/w500/aCjfuhKLvnH4K1QaxB2GJkGicWY.jpg
38570,The 41–Year–Old Virgin Who Knocked Up Sarah Marshall and Felt Superbad About It,https://image.tmdb.org/t/p/w500/rqShY7xY6sUEXsr9cglmclryfjp.jpg
27588,Forget Me Not,https://image.tmdb.org/t/p/w500/jDux50AIllCTIeAwg8wJ32oN1EE.jpg
223,Rebecca,https://image.tmdb.org/t/p/w500/1qz3qUOHnVy7dL7M7G8jSErxE4b.jpg
9725,Friday the 13th Part 2,https://image.tmdb.org/t/p/w500/92rGctBMTv4uaSlIBVnhz01kRWL.jpg
28580,The Lost Weekend,https://image.tmdb.org/t/p/w500/yL6EJxPeYIcB9TChm56lHqXKzHC.jpg
23730,C.H.U.D.,https://image.tmdb.org/t/p/w500/8BVw5RIDBTZwdMAR1VKpAkwrMjj.jpg
84197,Filly Brown,https://image.tmdb.org/t/p/w500/5CdRIAll52h0s0cbFH0VKiCp7pg.jpg
46256,The Lion of Judah,https://image.tmdb.org/t/p/w500/dOF8yD82vboFuC0gbJdZtz2JeI8.jpg
19997,Niagara,https://image.tmdb.org/t/p/w500/wb9OBAiO3aUpY4UBkE07KscXSkA.jpg
43266,How Green Was My Valley,https://image.tmdb.org/t/p/w500/8N7OmxBqjRVUrqergUduGgr6exy.jpg
278316,Da Sweet Blood of Jesus,https://image.tmdb.org/t/p/w500/dUqIwSKX9cEkahmv1lsolT8ouE9.jpg
1412,"Sex, Lies, and Videotape",https://image.tmdb.org/t/p/w500/dE0u4uB5UPfVIdz258Ye2XEPuuh.jpg
176,Saw,https://image.tmdb.org/t/p/w500/rLNSOudrayDBo1uqXjrhxcjODIC.jpg
39939,Super Troopers,https://image.tmdb.org/t/p/w500/yJyxPItcLNVfYr7idOphQTmQ9hK.jpg
357834,The Algerian,https://image.tmdb.org/t/p/w500/AsjTIGBTA5mrFk6lVLYTKs5aJEy.jpg
215924,The Amazing Catfish,https://image.tmdb.org/t/p/w500/zZ9wdeh2jXZJYUxngOapEUsCVYh.jpg
480,Monsoon Wedding,https://image.tmdb.org/t/p/w500/vCwkv7tYFem0tQ9Duoq2MX7T7Zd.jpg
14295,You Can Count on Me,https://image.tmdb.org/t/p/w500/7mGFmij1FZD5eUnNwvUjmpqrDl6.jpg
11219,The Trouble with Harry,https://image.tmdb.org/t/p/w500/uUXLq7fEG3hI46ZFMZzgHj11S6S.jpg
20770,But I'm a Cheerleader,https://image.tmdb.org/t/p/w500/8huDg3Q0EmcWuN9HgYsO8ylAp9f.jpg
176124,Home Run,https://image.tmdb.org/t/p/w500/687pD1t23ptW7mxhA34ASLEaFrE.jpg
500,Reservoir Dogs,https://image.tmdb.org/t/p/w500/xi8Iu6qyTfyZVDVy60raIOYJJmk.jpg
60400,The Blue Bird,https://image.tmdb.org/t/p/w500/4MLru2banKCbCC5iGOmqon3h569.jpg
429,"The Good, the Bad and the Ugly",https://image.tmdb.org/t/p/w500/bX2xnavhMYjWDoZp1VM6VnU1xwe.jpg
310569,The Second Mother,https://image.tmdb.org/t/p/w500/u1tDQun2iJAzersd94S8P47WEOL.jpg
98369,Blue Like Jazz,https://image.tmdb.org/t/p/w500/t6boEESUOnO31vD0FPfNAAHV8y.jpg
114065,Down & Out With The Dolls,
89750,"Pink Ribbons, Inc.",https://image.tmdb.org/t/p/w500/kiGhBNHtACElOoGpQDY26JcFc3W.jpg
49951,Certifiably Jonathan,https://image.tmdb.org/t/p/w500/9iZuJ4I5Fxr8EeRMvoDIJRxOL3e.jpg
86331,Desire,https://image.tmdb.org/t/p/w500/wxvvNXY3n0637cOcdeC61eyVAnC.jpg
355629,The Blade of Don Juan,https://image.tmdb.org/t/p/w500/sb7lZhOmQN5QrAVx4voyBDuPilM.jpg
16433,Grand Theft Parsons,https://image.tmdb.org/t/p/w500/5sWWj5tlTDyAi2yiEjQZUmJCoKr.jpg
15544,Extreme Movie,https://image.tmdb.org/t/p/w500/3N5XjwUITJo5MFhvWCJHVJt8pAg.jpg
43884,The Charge of the Light Brigade,https://image.tmdb.org/t/p/w500/v7PFjyhEAWKGQ8g6cTGw4GzYKsa.jpg
107315,Below Zero,https://image.tmdb.org/t/p/w500/yZtJz83LOjn5tI6QSKMQfrNHpvC.jpg
137955,Crowsnest,https://image.tmdb.org/t/p/w500/g2swX9YGaIq1dpGr7gva8DGnWe4.jpg
13064,Airborne,https://image.tmdb.org/t/p/w500/4TPCzvOoQmmParPjgHCiqqiVYIJ.jpg
59917,Cotton Comes to Harlem,https://image.tmdb.org/t/p/w500/tW30OfbGhe2uFBw4cr6tKsZwCcl.jpg
157422,The Wicked Within,https://image.tmdb.org/t/p/w500/82lKQXWuPBaGA9048pHB9WsPAPO.jpg
310933,Bleeding Hearts,https://image.tmdb.org/t/p/w500/o8alLhpTJUKuFPEU7dECEUj1MNL.jpg
7553,Waiting...,https://image.tmdb.org/t/p/w500/h3NJDiaaliUH35ApXPu8PFKZwWz.jpg
12877,Dead Man's Shoes,https://image.tmdb.org/t/p/w500/sCbXlGHmonE3QEOeM7I2PRkG8y6.jpg
39895,From a Whisper to a Scream,https://image.tmdb.org/t/p/w500/h2UzUndAmuqJsluhCK7vZuVjyhu.jpg
102840,Sex With Strangers,https://image.tmdb.org/t/p/w500/hKoiQdPIwPpLvDq60pLkhVNBTe5.jpg
55616,Dracula: Pages from a Virgin's Diary,https://image.tmdb.org/t/p/w500/qioaICsGsr8Bu8yr6UGPLmV9crX.jpg
29697,Faith Like Potatoes,https://image.tmdb.org/t/p/w500/aDbCnYtGf850s9EfU3LOh1gejm4.jpg
50037,Beyond the Black Rainbow,https://image.tmdb.org/t/p/w500/uhomcCTQ3lO8L6mLhkCMypsnroO.jpg
94329,The Raid,https://image.tmdb.org/t/p/w500/Abnm1Ws3JH0ReCfEhLMPwPcMcGO.jpg
53502,The Dead Undead,https://image.tmdb.org/t/p/w500/hnRcpyyhjhjBrS5KVGXM2SA1Dz3.jpg
202604,The Vatican Exorcisms,https://image.tmdb.org/t/p/w500/dLouGrpKl02GrlUK4wfNZiUW7Wy.jpg
289,Casablanca,https://image.tmdb.org/t/p/w500/lGCEKlJo2CnWydQj7aamY7s1S7Q.jpg
27374,Lake Mungo,https://image.tmdb.org/t/p/w500/g0zCELYfBfSv8TOGC13buABVN53.jpg
26815,Rocket Singh: Salesman of the Year,https://image.tmdb.org/t/p/w500/3Z8lLFzPOBfOO4w3CykRaCeh9h.jpg
811,Silent Running,https://image.tmdb.org/t/p/w500/ahasZ5HILZHtlrl6cbXgpfk0y8H.jpg
1366,Rocky,https://image.tmdb.org/t/p/w500/xSI0dbKLDETwhiVUy6hGE8KXUln.jpg
244776,The Sleepwalker,https://image.tmdb.org/t/p/w500/asTg7u7yYQIBeEx9tTvpTQVkjFJ.jpg
5769,Tom Jones,https://image.tmdb.org/t/p/w500/yKuZKLMhe74PJzaxYLh2s8h4P2P.jpg
277685,Unfriended,https://image.tmdb.org/t/p/w500/8byPxREr3BqBNyyij5WHVSOVtYk.jpg
103,Taxi Driver,https://image.tmdb.org/t/p/w500/ekstpH614fwDX8DUln1a2Opz0N8.jpg
11298,The Howling,https://image.tmdb.org/t/p/w500/nRTonikdpMUYr3y3RXESLBhRUov.jpg
646,Dr. No,https://image.tmdb.org/t/p/w500/9zCOLJmLNst0sCPZlkW1IRoH65E.jpg
93856,Chernobyl Diaries,https://image.tmdb.org/t/p/w500/9AKhThGA8IATBy3gR7I4dw9SEc4.jpg
9003,Hellraiser,https://image.tmdb.org/t/p/w500/3Z0oPHyLnk3Vx6ZMC1MiVwIrKhO.jpg
347126,God's Not Dead 2,https://image.tmdb.org/t/p/w500/xsRYqQJv6t0f4J6DYeYraM9uKKT.jpg
10092,Cry_Wolf,https://image.tmdb.org/t/p/w500/7OQ2McKYgnyfIHHkm0jBxQnu7ou.jpg
10643,Godzilla 2000,https://image.tmdb.org/t/p/w500/7BrjFxV0j5VzZRfVYeYbFXMUweB.jpg
46705,Blue Valentine,https://image.tmdb.org/t/p/w500/dc8BdKnDY5Iy28KzUGtHIXuqqFK.jpg
546,Transamerica,https://image.tmdb.org/t/p/w500/3MmLpqRlrYSP0uFIDr9BHA4o2LP.jpg
76487,The Devil Inside,https://image.tmdb.org/t/p/w500/mtyFRIRBmrCE2XKU5EnEK8dtu2X.jpg
5722,Beyond the Valley of the Dolls,https://image.tmdb.org/t/p/w500/eslylQSssnNIV4f06fHtfxPTH3I.jpg
39833,Love Me Tender,https://image.tmdb.org/t/p/w500/4PdRIIrBN4q8H7f8yGbd0ScpTjh.jpg
1781,An Inconvenient Truth,https://image.tmdb.org/t/p/w500/zrYT5UHE2UIsofwkv6KK2Tsu5a.jpg
18712,Sands of Iwo Jima,https://image.tmdb.org/t/p/w500/utpy9JLuyhsxpw2E3yExw23f3eS.jpg
7944,Shine a Light,https://image.tmdb.org/t/p/w500/rMVrNWWaO3xAWZHFUbeamWPzVAC.jpg
171424,The Green Inferno,https://image.tmdb.org/t/p/w500/nh2EAkJEWaOFdzK2DMaITrdmM2a.jpg
361475,Departure,https://image.tmdb.org/t/p/w500/6TZ4H3iOHcpWr9zmClps3jZGhQV.jpg
113947,The Sessions,https://image.tmdb.org/t/p/w500/57o1DBc5DfJXVc8wArAblSbZ8sD.jpg
18570,"Food, Inc.",https://image.tmdb.org/t/p/w500/zdwN4o7OGAZGJw9T64lRAGTEP8b.jpg
83860,October Baby,https://image.tmdb.org/t/p/w500/dZWU5Hn4lkhid3MqVMCEPk9z9QI.jpg
41469,Next Stop Wonderland,https://image.tmdb.org/t/p/w500/cygwoUJ1LqXkYT451E7W3dHtfHZ.jpg
244772,The Skeleton Twins,https://image.tmdb.org/t/p/w500/lDygTdg1KlrVJVzqsFL515uGzSe.jpg
50837,Martha Marcy May Marlene,https://image.tmdb.org/t/p/w500/bgB4sa9UfCyGdamfKAZXyEWuAwR.jpg
248774,Obvious Child,https://image.tmdb.org/t/p/w500/vAVuQuboHiqc6ClsFeWQXBHJkOX.jpg
10183,Frozen River,https://image.tmdb.org/t/p/w500/qZRcN4JLwYQWTxKlycZPLQb37mO.jpg
159014,20 Feet from Stardom,https://image.tmdb.org/t/p/w500/6iRxKxfE6SB586cQV3BH8NSMzoZ.jpg
32456,Two Girls and a Guy,https://image.tmdb.org/t/p/w500/9Hj90OgXLBReJCAGqOOzzxjZfCh.jpg
49963,Walking and Talking,https://image.tmdb.org/t/p/w500/m8JMJQUfGwGt7gse8aoduAcTYE.jpg
13508,Who Killed the Electric Car?,https://image.tmdb.org/t/p/w500/uMamC9o5zNU9wn8fyuAo2gUCMiD.jpg
22597,The Broken Hearts Club: A Romantic Comedy,https://image.tmdb.org/t/p/w500/g9bqbopRZYy5Z2137zFoFQRXVEW.jpg
9707,Bubba Ho-tep,https://image.tmdb.org/t/p/w500/pKQBit5ZV7GEOTiMBSYC6xBn86K.jpg
37532,Slam,https://image.tmdb.org/t/p/w500/qU0QR2ax1hyjfACni4Clgsc5YyX.jpg
26791,Brigham City,https://image.tmdb.org/t/p/w500/8CM2YIX0qLcqDY7d6iVb4uRXGG8.jpg
56666,Fiza,https://image.tmdb.org/t/p/w500/qS043WN2PK3tKljRyQKh8SXRHk5.jpg
8675,Orgazmo,https://image.tmdb.org/t/p/w500/irvFBOc33CHsioU6hqcu8ExymEa.jpg
13132,All the Real Girls,https://image.tmdb.org/t/p/w500/sQ6dMkwPIFucYSmFQcr38WBYzs.jpg
47686,Dream with the Fishes,https://image.tmdb.org/t/p/w500/wEYVS0WSCC7ZtT9D1ZnpGA3RvDK.jpg
46989,Blue Car,https://image.tmdb.org/t/p/w500/6xld6dA6rlctR9mUtcVRigZTfu5.jpg
192132,Palo Alto,https://image.tmdb.org/t/p/w500/yjcwwYP3eSigxLKKVBoVVz85ZWv.jpg
24424,Ajami,https://image.tmdb.org/t/p/w500/wA7rM6zoWqJDT9BG5Vj92WbEJEp.jpg
13198,Wristcutters: A Love Story,https://image.tmdb.org/t/p/w500/qModiIR60IMLP28ruGZluQOtsOj.jpg
244267,I Origins,https://image.tmdb.org/t/p/w500/2P31jhd1dWUAPD8dmnSrwkQ8CNN.jpg
21413,The Battle of Shaker Heights,https://image.tmdb.org/t/p/w500/l7PDR9rtbUN5b4gMVPSLMqIgfov.jpg
123678,The Act of Killing,https://image.tmdb.org/t/p/w500/sp5B7Tz5ttsgOLnIlCP5uEhtesI.jpg
13362,Taxi to the Dark Side,https://image.tmdb.org/t/p/w500/ttCOk1fQGvFJvPIJS7D8J2jOjpo.jpg
39183,Once in a Lifetime: The Extraordinary Story of the New York Cosmos,https://image.tmdb.org/t/p/w500/ubgZkHS1KoVILTH051zr47vMfDv.jpg
62402,Guiana 1838,https://image.tmdb.org/t/p/w500/d6YNDQZQRM1io2Etq5I1T8YObsc.jpg
206412,Lisa Picard Is Famous,https://image.tmdb.org/t/p/w500/cVC2chP5nJxAOs5FIBeZJ6KfDfm.jpg
201132,Antarctica: A Year on Ice,https://image.tmdb.org/t/p/w500/agXQuqqqvF0Th77y2nEZg7INOXl.jpg
251471,A LEGO Brickumentary,https://image.tmdb.org/t/p/w500/ojBg3yJfsqzi1maypHV7sW7COcn.jpg
112456,Hardflip,https://image.tmdb.org/t/p/w500/At3R00Jvpf3W03oWSYmplKjyWGZ.jpg
20296,Chocolate: Deep Dark Secrets,https://image.tmdb.org/t/p/w500/dAGpuhiI3kbvc5SAmuf839iaUIe.jpg
25983,The House of the Devil,https://image.tmdb.org/t/p/w500/4abKUbc9IbsndbaY1hacN1iPM0Y.jpg
66195,The Perfect Host,https://image.tmdb.org/t/p/w500/tYqk1u5d3eARg5gV8cF4RZFZKKQ.jpg
16155,Safe Men,https://image.tmdb.org/t/p/w500/857L7x6uFNr4c2oHD5KJw5pkbxn.jpg
46727,Speedway Junky,https://image.tmdb.org/t/p/w500/tk5Y7CIC9B4a2mXx8pOB1wJJwHN.jpg
55180,The Last Big Thing,https://image.tmdb.org/t/p/w500/cWacMZJuVBXxjlH5MoogNGd4B1C.jpg
29015,The Specials,https://image.tmdb.org/t/p/w500/kCoifvSC6tUa7Ia4YClf4npqjQp.jpg
91122,16 to Life,https://image.tmdb.org/t/p/w500/yM3rD0Iqinb003T9vg9tl6JgxpN.jpg
18206,Alone With Her,https://image.tmdb.org/t/p/w500/636EGinwlVDyXuDo4l27hETmze2.jpg
320146,Creative Control,https://image.tmdb.org/t/p/w500/y8toiQT0xb6mLWT84xVhUNXICdg.jpg
13856,Special,https://image.tmdb.org/t/p/w500/5oGxZ9Itu8buWnB15p6sri3zh9n.jpg
219716,Sparkler,https://image.tmdb.org/t/p/w500/qPG70Y2ZnFudN5Ip85YfQua3n4P.jpg
43630,The Helix... Loaded,https://image.tmdb.org/t/p/w500/yG81A3umqQ5Z4la0uA642A506s5.jpg
56491,In Her Line of Fire,https://image.tmdb.org/t/p/w500/oAIWeBpaJUXCdv1UDlYvFoawk7c.jpg
99826,The Jimmy Show,https://image.tmdb.org/t/p/w500/sqH5e5goeThOmM4DqrrjVQOIuw2.jpg
186935,Heli,https://image.tmdb.org/t/p/w500/cblCQ0h5oFYlufWoYeFJZAYm0bZ.jpg
357441,Karachi se Lahore,https://image.tmdb.org/t/p/w500/xpzhyTnsuS2eX2eYb8SUCotbovn.jpg
19344,Loving Annabelle,https://image.tmdb.org/t/p/w500/a6p1Oexil6Z2XO5d1QVHR3F2OoM.jpg
242083,Hits,https://image.tmdb.org/t/p/w500/w7TdwnSh5McR5J28ZHTvttTKaCi.jpg
18869,Jimmy and Judy,https://image.tmdb.org/t/p/w500/eCrr9LMCYpHlKzzKNXlTcMBs9xD.jpg
26673,Frat Party,https://image.tmdb.org/t/p/w500/tBevHrPcJOlDVLsIpWU5N7Rskox.jpg
41830,The Party's Over,https://image.tmdb.org/t/p/w500/lpAlr22qHyXKcNNFDLasXBlGFuJ.jpg
37694,Proud,https://image.tmdb.org/t/p/w500/2DvxkWSNjAWot5RdcM2K2TpKe1Y.jpg
63287,The Poker House,https://image.tmdb.org/t/p/w500/yTaqEbszsqhunQIjIMkkfwNMiiv.jpg
335874,Childless,https://image.tmdb.org/t/p/w500/A3xnS8K4II7puaFO8Cwc5MubuRU.jpg
34592,ZMD: Zombies of Mass Destruction,https://image.tmdb.org/t/p/w500/3K80OoyUb93qhx5jMUsNuKlV3IT.jpg
92635,Snow White: A Deadly Summer,https://image.tmdb.org/t/p/w500/9X1rn2qC3ltQjZdclPINTWIAX7Y.jpg
258755,Hidden Away,https://image.tmdb.org/t/p/w500/ooi46QLuAvPnV9cfsX8m9xbC40X.jpg
96534,My Last Day Without You,https://image.tmdb.org/t/p/w500/uS4Eh5aVG34B05EHiBQPHbZEYjg.jpg
21283,Steppin: The Movie,https://image.tmdb.org/t/p/w500/wkBSpDIRqKU46rb6cUICx8xxPm1.jpg
272724,Doc Holliday's Revenge,https://image.tmdb.org/t/p/w500/lFN8h6gO3jMZikAErVVuPBcBrcu.jpg
84178,Black Rock,https://image.tmdb.org/t/p/w500/dkUDpTgP634Mt7fl2rR5N7P9HRS.jpg
101179,Truth or Dare,https://image.tmdb.org/t/p/w500/e5FcN0P7YcSJUbnosxyU4GEG4br.jpg
52462,The Pet,https://image.tmdb.org/t/p/w500/k6UZzTszSpIysEt3mk47U93iS0v.jpg
269057,Bang Bang Baby,https://image.tmdb.org/t/p/w500/5NLzhk3hQ6M6X1A27ZST5nNhUya.jpg
287524,Fear Clinic,https://image.tmdb.org/t/p/w500/f9srd2qdaJGu08ldr3PuhcMgNtH.jpg
206213,Zombie Hunter,https://image.tmdb.org/t/p/w500/9FkPEWRpuMbOArFrklObdvxN099.jpg
248402,A Fine Step,https://image.tmdb.org/t/p/w500/lIs7Uuk0his0PFFrLyxJkaF3ygZ.jpg
29146,Charly,https://image.tmdb.org/t/p/w500/uxGt80D4hxEEwGwdOJ5tdVvjXEC.jpg
207769,Banshee Chapter,https://image.tmdb.org/t/p/w500/nyXKB77RrItfUsAcgoIlXmUfged.jpg
271185,Ask Me Anything,https://image.tmdb.org/t/p/w500/u0rEtOp6jI7oU6u3m7v1aAOJNQr.jpg
29731,And Then Came Love,https://image.tmdb.org/t/p/w500/bGQWkjifQDEKJf6CBU2gxErRzDw.jpg
292539,Food Chains,https://image.tmdb.org/t/p/w500/ibue9QCounLfYJW6Lwnf6lxGcZ3.jpg
654,On the Waterfront,https://image.tmdb.org/t/p/w500/v1RtJ1qR4v9nrnfoBVBl6hjTW9.jpg
91070,L!fe Happens,https://image.tmdb.org/t/p/w500/xFq3IQEWCBBoPP7pCb4TarAi8tt.jpg
2009,"4 Months, 3 Weeks and 2 Days",https://image.tmdb.org/t/p/w500/acEtvzFPeOQwbzRWncjRLenhnKV.jpg
323270,The Horror Network Vol. 1,https://image.tmdb.org/t/p/w500/lQmgIgxNMCdeDbzXv7V8I55Oa6m.jpg
2652,Hard Candy,https://image.tmdb.org/t/p/w500/uHTmlcivbPeclEdmtuQg3zOQWPS.jpg
9813,The Quiet,https://image.tmdb.org/t/p/w500/lXIuHcRGCRk0YBOi41MCHMvGst5.jpg
60421,Circumstance,https://image.tmdb.org/t/p/w500/fs4Qi07K9htZzI73YaukSQFqmHk.jpg
157354,Fruitvale Station,https://image.tmdb.org/t/p/w500/oXSy3nEKFtfw5iRxdG8ouEFAnxs.jpg
127867,The Brass Teapot,https://image.tmdb.org/t/p/w500/6txTmb8OIimrQezgD8ERMmrrbnT.jpg
3170,Bambi,https://image.tmdb.org/t/p/w500/wV9e2y4myJ4KMFsyFfWYcUOawyK.jpg
14014,The Hammer,https://image.tmdb.org/t/p/w500/6Q7z71vQD7Rl8ehdlFu5qfmvenv.jpg
15708,Latter Days,https://image.tmdb.org/t/p/w500/uwzJL11Xp6h8stocOz6E8e2LWtB.jpg
146882,Elza,
215918,1982,https://image.tmdb.org/t/p/w500/suJnawPMpozKwbOhQn0qqHkJoIX.jpg
84200,"For a Good Time, Call...",https://image.tmdb.org/t/p/w500/9eIlVo8lvk9fmfP05JGFKlPha80.jpg
84184,Celeste & Jesse Forever,https://image.tmdb.org/t/p/w500/5Cr8kW7DjZEORU8jI32bqyHSGKW.jpg
45767,Time Changer,https://image.tmdb.org/t/p/w500/cqkfKoK5YLqrOhvnsqdz9Zbgni6.jpg
14823,London to Brighton,https://image.tmdb.org/t/p/w500/gIWaX9DXgUVesbiJceitZirTyj2.jpg
367551,American Hero,https://image.tmdb.org/t/p/w500/uYHb5CG90zHp5CDj3dJDP98c77q.jpg
343409,Windsor Drive,https://image.tmdb.org/t/p/w500/xxErk15goAoQQh9TgfTo6W7fCtA.jpg
60243,A Separation,https://image.tmdb.org/t/p/w500/xQadpnoLokxzN3hRpCPbBGpxsiz.jpg
57294,Crying with Laughter,https://image.tmdb.org/t/p/w500/cYAaZuFnhymi4jA1xMRV97xhZ6e.jpg
11446,Welcome to the Dollhouse,https://image.tmdb.org/t/p/w500/fsMMOVto87pvUQyozOF9CaT9aMR.jpg
47889,Ruby in Paradise,https://image.tmdb.org/t/p/w500/gk0vbIVYwpXxSf1wQbS2r9IsBoV.jpg
25461,Raising Victor Vargas,https://image.tmdb.org/t/p/w500/cMHMtMBca8VNxjYICc1WHK1Qqe5.jpg
905,Pandora's Box,https://image.tmdb.org/t/p/w500/3B2A5g8t3HZltKp1fplNn2xW4us.jpg
279759,Harrison Montgomery,https://image.tmdb.org/t/p/w500/nx5gAaeFDw7WkybkuKLVwLBGXmw.jpg
78705,Live-In Maid,https://image.tmdb.org/t/p/w500/dkTvwzxEomaarn1uy0fjvu8ZzQy.jpg
25212,Deterrence,https://image.tmdb.org/t/p/w500/qAkbSZ3RY7E6jVYi5FNvc27o019.jpg
26899,The Mudge Boy,https://image.tmdb.org/t/p/w500/daxDdN3vBBqx8KuOXNHBtu9QcbQ.jpg
146269,The Young Unknowns,
292483,Not Cool,https://image.tmdb.org/t/p/w500/ikLuZGHTYTVYHDBPsN8dPnoVnYd.jpg
14451,Dead Snow,https://image.tmdb.org/t/p/w500/sfwVo5cZJtO8VyDWTILDt4f69IT.jpg
10105,Saints and Soldiers,https://image.tmdb.org/t/p/w500/A4LgmMTiRpkEzC6pxRcxE28IDov.jpg
211557,Vessel,https://image.tmdb.org/t/p/w500/tTByGBfliHYjOa7qmUzWx6EJwbR.jpg
838,American Graffiti,https://image.tmdb.org/t/p/w500/1tjLivPad2PX8FAzWko7FPIb8d2.jpg
40862,Iraq for Sale: The War Profiteers,https://image.tmdb.org/t/p/w500/nIAgVj3KtdJiyFRUmUFdGAMxcRE.jpg
13158,Aqua Teen Hunger Force Colon Movie Film for Theaters,https://image.tmdb.org/t/p/w500/q3Ln4x4rv4nJsBBfukjvH2wiU28.jpg
84332,Safety Not Guaranteed,https://image.tmdb.org/t/p/w500/vgP1ikT5tYv2pAlkpAN1SjGZmsh.jpg
74510,Kevin Hart: Laugh at My Pain,https://image.tmdb.org/t/p/w500/jk7C5sIDHSGiJjBQz6bmPNP1WOF.jpg
74725,Kill List,https://image.tmdb.org/t/p/w500/qwT2I3ons0oD58jIppKmd4qLtvB.jpg
58428,The Innkeepers,https://image.tmdb.org/t/p/w500/aC9XHtf0Opw2IJDVjSkL8eO71An.jpg
8416,The Conformist,https://image.tmdb.org/t/p/w500/nLJjFRqIJAK8qz0OKYnpKCblZNK.jpg
36584,Interview with the Assassin,https://image.tmdb.org/t/p/w500/yCEP43DIYqx8NM9ttcmgSnxScRI.jpg
13429,Donkey Punch,https://image.tmdb.org/t/p/w500/7kk6dvvPVzZxii2Fez81LJZgtLS.jpg
9022,All the Boys Love Mandy Lane,https://image.tmdb.org/t/p/w500/9t7n7K0xqw0gMvrxyhdiyqEF3W1.jpg
22530,Bled,https://image.tmdb.org/t/p/w500/bDAHSu6lztNwLX0jMHjVPO9vt7k.jpg
288,High Noon,https://image.tmdb.org/t/p/w500/qETSMQ4IXBSAS409Z9OL0ppXWTW.jpg
14275,Hoop Dreams,https://image.tmdb.org/t/p/w500/gLzHl2XBtVwycl8DxdOXRHPm8G3.jpg
2287,Rize,https://image.tmdb.org/t/p/w500/bx7UAcyumQZuNj3dZFK7Wh4dbRl.jpg
18734,L.I.E.,https://image.tmdb.org/t/p/w500/ck5Tkq17M6khEN7JQlQznoYl37L.jpg
206197,The Sisterhood of Night,https://image.tmdb.org/t/p/w500/4h6KXpAcTUjr6AVJgV6sw0Ktbqr.jpg
26837,B-Girl,https://image.tmdb.org/t/p/w500/kgPoFMvfrvNBT0HQtqZ5vcMzT.jpg
7859,Half Nelson,https://image.tmdb.org/t/p/w500/fdUCisMpTwy0oJOGwM7NrFFs400.jpg
302579,Naturally Native,https://image.tmdb.org/t/p/w500/yTQPrKLhKC8qUe2CMn8MxmfaxA5.jpg
51955,Hav Plenty,https://image.tmdb.org/t/p/w500/vJutTuVdm5XxL3ixMFqw2o0AS8C.jpg
376004,Adulterers,https://image.tmdb.org/t/p/w500/7weaBxcimjsN9zi89Dfk4fZFCUE.jpg
158752,Escape from Tomorrow,https://image.tmdb.org/t/p/w500/g3qZofBWiLauJviv27f8zpEFbki.jpg
40658,Starsuckers,https://image.tmdb.org/t/p/w500/1z05uhHmSdXV8LGM8DPnBkf86DU.jpg
296943,The Hadza:  Last of the First,https://image.tmdb.org/t/p/w500/r2ZshBSTKD8BrBL6lAv1iwCjPVd.jpg
118612,After,https://image.tmdb.org/t/p/w500/5AKcsJYztbcX2KsyCXtKucyUUMA.jpg
138976,Treachery,https://image.tmdb.org/t/p/w500/3uJmk8lk4e5SUf15WcrathmOQNE.jpg
323967,Walter,https://image.tmdb.org/t/p/w500/cwwL3zfVNpVsLrRr35U4QQVXmeG.jpg
3080,Top Hat,https://image.tmdb.org/t/p/w500/qoPBiN6PBs2NsP7BNOJGCnmwruG.jpg
2667,The Blair Witch Project,https://image.tmdb.org/t/p/w500/9050VGrYjYrEjpOvDZVAngLbg1f.jpg
9459,Woodstock,https://image.tmdb.org/t/p/w500/AapH8Qx4kUZoO7F4aK5cUnHjtdg.jpg
11598,The Kentucky Fried Movie,https://image.tmdb.org/t/p/w500/qk0iXBQgP6b4xfS2bIUNBSENJAn.jpg
26916,Mercy Streets,https://image.tmdb.org/t/p/w500/cszKiUooItVoSQPKz9k8LkJIyRj.jpg
181940,Carousel of Revenge,https://image.tmdb.org/t/p/w500/7E5dd2evQgkqZ2JIY0hrkhYfFGX.jpg
125263,Broken Vessels,https://image.tmdb.org/t/p/w500/iMvLeE872FGGV4XrAfhKRCULtXk.jpg
263503,Water & Power,https://image.tmdb.org/t/p/w500/qCtw7zmL2dbMqK1u6K8ZQUMip6j.jpg
324322,They Will Have to Kill Us First,https://image.tmdb.org/t/p/w500/7xOKJs1Q1M0KsrHgpfiFu9QcIbe.jpg
331493,Light from the Darkroom,https://image.tmdb.org/t/p/w500/1bWVwd3MIgMhLgAVKEPptzms29i.jpg
375950,The Country Doctor,https://image.tmdb.org/t/p/w500/uaXvqkLZlSZIiSb6d3bc81jTb6r.jpg
278348,The Maid's Room,https://image.tmdb.org/t/p/w500/jKqWJh3w88vxUwy0obaanuOej4L.jpg
704,A Hard Day's Night,https://image.tmdb.org/t/p/w500/6Ulsccp2VkaVU5qbya3bxm9JG4x.jpg
70875,The Harvest (La Cosecha),
75986,Love Letters,https://image.tmdb.org/t/p/w500/pu6BqPRbEaIeKs6YmmSEFGKDiBj.jpg
385636,Juliet and Alfa Romeo,https://image.tmdb.org/t/p/w500/3NIkJPZe7TEtoGKG8gcd1Vy5I0h.jpg
14438,Fireproof,https://image.tmdb.org/t/p/w500/hfoCG75j1YaNyfZGPg0rWy3nFmU.jpg
211086,Faith Connections,https://image.tmdb.org/t/p/w500/cPdgSTu7SV9HCxuBujWSbm3RUbZ.jpg
23069,Benji,https://image.tmdb.org/t/p/w500/aSowNmq4bZrmfazhQBePyNF8A2E.jpg
83,Open Water,https://image.tmdb.org/t/p/w500/7Gy5N0Yp7ocaKBR860v9KDbpYHj.jpg
89857,High Road,https://image.tmdb.org/t/p/w500/qQRZwequtuXOcYVHvdyAD5A5L2X.jpg
30315,Kingdom of the Spiders,https://image.tmdb.org/t/p/w500/7NMnHnb721MwczHJ486Ltfo68F4.jpg
14358,Mad Hot Ballroom,https://image.tmdb.org/t/p/w500/1wDU19PTEdR30QdnLFw93scXto7.jpg
2056,The Station Agent,https://image.tmdb.org/t/p/w500/kjJg6eJa9I9flfHaJG67ecEv8YX.jpg
41144,To Save A Life,https://image.tmdb.org/t/p/w500/xtJrFdGB5QyatbNgLGXy1BogYtP.jpg
35199,Wordplay,https://image.tmdb.org/t/p/w500/8AY7EkxJwB8Ow5iPe41GOJesxzn.jpg
14271,Beyond the Mat,https://image.tmdb.org/t/p/w500/48AfKc79mpRcavpA5Hc7UW9Qqq6.jpg
16653,The Singles Ward,https://image.tmdb.org/t/p/w500/A1l7mSbptwFdutUbOq4zzhH4goa.jpg
14757,Osama,https://image.tmdb.org/t/p/w500/pOKz4zpccIjdib2pfDRkg69Ojej.jpg
84401,Sholem Aleichem: Laughing In The Darkness,https://image.tmdb.org/t/p/w500/k5X4gevz5mSY3KESnZNoBHo26qY.jpg
23655,Groove,https://image.tmdb.org/t/p/w500/muCr9tOGit6pmsvMMNih0bmYmmC.jpg
36825,The R.M.,https://image.tmdb.org/t/p/w500/OQ3X7k13koP833iZx1PRIPngZ8.jpg
33430,Twin Falls Idaho,https://image.tmdb.org/t/p/w500/boBbVY67YhGC4PWuqyQFysP3mN4.jpg
12281,Mean Creek,https://image.tmdb.org/t/p/w500/nlU3SJzt5focTIkhLcO0ggnvbpW.jpg
125052,Hurricane Streets,https://image.tmdb.org/t/p/w500/kI8WAtPfjiPygfdKcwYJUkMZyh4.jpg
96238,Never Again,https://image.tmdb.org/t/p/w500/oNPg56hNSdAdr9ttVYwVtxbBIrM.jpg
30246,Civil Brand,https://image.tmdb.org/t/p/w500/nPjGdwuJ3aejtawx94rd2iwFfTI.jpg
7301,Lonesome Jim,https://image.tmdb.org/t/p/w500/z5wh9kFxpqC6bKB7TUx7j6X7BOq.jpg
172533,Drinking Buddies,https://image.tmdb.org/t/p/w500/iunbsMWtkwfrtRzU7hdCHhPjjJf.jpg
180383,Deceptive Practice: The Mysteries and Mentors of Ricky Jay,https://image.tmdb.org/t/p/w500/ug2OCvSvGqId1nT9SKBe9FUjspx.jpg
346,Seven Samurai,https://image.tmdb.org/t/p/w500/lOMGc8bnSwQhS4XyE1S99uH8NXf.jpg
84318,The Other Dream Team,https://image.tmdb.org/t/p/w500/kAGqVFdtRSccMfTUpKuRcQtXsCc.jpg
45145,Johnny Suede,https://image.tmdb.org/t/p/w500/x1ZvgHwDUFsgqWhYUEcJcyHmZQW.jpg
13983,Finishing The Game,https://image.tmdb.org/t/p/w500/9UwmkpujGoJhgL4Krnm6Fy0IyxD.jpg
45649,Rubber,https://image.tmdb.org/t/p/w500/mWgCORI5IC5vOvB2cDVQe0YNtXZ.jpg
19844,Kiss the Bride,https://image.tmdb.org/t/p/w500/m1ycnhkFufW4NDFG38QaHtAWqDN.jpg
21801,The Slaughter Rule,https://image.tmdb.org/t/p/w500/menXGjXgiEaawdOUlxWI1youK6Q.jpg
43933,Monsters,https://image.tmdb.org/t/p/w500/qpJyTxR33KG9qFmXoCD5AUTToPl.jpg
73511,The Californians,https://image.tmdb.org/t/p/w500/94w3CM4V8AG9OEgtPQSwDfFd6Vw.jpg
43653,The Living Wake,https://image.tmdb.org/t/p/w500/yYs01G2MrUMR9Up2kwww1OmGgWq.jpg
139715,Detention of the Dead,https://image.tmdb.org/t/p/w500/tf2baOEkFodZ5NYXMfb7gxcZgV.jpg
45380,Crazy Stone,https://image.tmdb.org/t/p/w500/4NVNv2sQKZKb1HtGExUqp3Ukd7f.jpg
30867,Scott Walker: 30 Century Man,https://image.tmdb.org/t/p/w500/foDbZTQKsbJmdOuu2QfIJ8dbaen.jpg
81220,Everything Put Together,https://image.tmdb.org/t/p/w500/w9Zk7Sdwy1htXYpqrZF1JUnxB4v.jpg
253626,Good Kill,https://image.tmdb.org/t/p/w500/oO9nK1bqssxRdNHFSFGiucffiA8.jpg
294550,The Outrageous Sophie Tucker,https://image.tmdb.org/t/p/w500/3mLk5YeXWS8bdtd2glG3PoxqIIK.jpg
90369,Now Is Good,https://image.tmdb.org/t/p/w500/oOBHF6qWtMkzwpnrLDTKJPAb3zH.jpg
117942,Girls Gone Dead,https://image.tmdb.org/t/p/w500/h4fkp6KuY55vocpkInbFeXOSrgT.jpg
380097,America Is Still the Place,https://image.tmdb.org/t/p/w500/nqpr0dOsb529lR29FBuJ2DqXCiX.jpg
322194,Subconscious,https://image.tmdb.org/t/p/w500/673Kdb6ogKGM0unP9piVK74jpKf.jpg
98568,Enter Nowhere,https://image.tmdb.org/t/p/w500/eBWZmjzehYXmVTCsFan9RnzmZ7Z.jpg
119657,El Rey de Najayo,https://image.tmdb.org/t/p/w500/d9QZi1QppknaybAabCYcRelrCh2.jpg
380733,Fight to the Finish,https://image.tmdb.org/t/p/w500/skTmWx5vwwvuKRmHXJF2jGNP6tP.jpg
285743,Alleluia! The Devil's Carnival,https://image.tmdb.org/t/p/w500/naDJqNmD2WuWOBBmH7THxHh0aE4.jpg
362765,The Sound and the Shadow,https://image.tmdb.org/t/p/w500/rSaQxBE2hqV377qTlXYhbicq51l.jpg
379532,Rodeo Girl,https://image.tmdb.org/t/p/w500/y12q73PAVPax4hAZvaAZzNFUtOA.jpg
253261,Born to Fly: Elizabeth Streb vs. Gravity,https://image.tmdb.org/t/p/w500/3Dvthr7XOP045DY2sXhgzKaYTEY.jpg
297100,The Little Ponderosa Zoo,https://image.tmdb.org/t/p/w500/qH6NOGiEyBdK6eP9SRd3Hkadshk.jpg
15239,The Toxic Avenger,https://image.tmdb.org/t/p/w500/vuxRW5GKuCnKvdYlUAYNxlicm54.jpg
94072,Straight Out of Brooklyn,https://image.tmdb.org/t/p/w500/g0C6BbyDKbI33fn14Yqb8TZO4Hq.jpg
4107,Bloody Sunday,https://image.tmdb.org/t/p/w500/oqdQMDJucR7R0ol0LFvzmqcDyEb.jpg
325579,Diamond Ruff,https://image.tmdb.org/t/p/w500/4ETeHJqXwyBQSFfXL9et7cPlkuR.jpg
15624,Conversations with Other Women,https://image.tmdb.org/t/p/w500/5iA72q3avmveCiOtx1Uaj22pgXI.jpg
17287,Poultrygeist: Night of the Chicken Dead,https://image.tmdb.org/t/p/w500/vSeehH4s274kdZXEMKnPE2tlqco.jpg
198370,Mutual Friends,https://image.tmdb.org/t/p/w500/dAUXuqcrAGaFT318snL3sgqGHyv.jpg
3062,42nd Street,https://image.tmdb.org/t/p/w500/q4UEd8BL74zVsOOaJkKVMLMmdTg.jpg
328307,Rise of the Entrepreneur: The Search for a Better Way,https://image.tmdb.org/t/p/w500/zd40Et14AUiOCM9dOk9T7YD88fh.jpg
15389,Metropolitan,https://image.tmdb.org/t/p/w500/852ZwTRj9tRxkGOT0Pu0Ep8yimk.jpg
464,As It Is in Heaven,https://image.tmdb.org/t/p/w500/ygJ6RQQSmXRQLPpUKP9SCdKXSKJ.jpg
308467,Roadside,https://image.tmdb.org/t/p/w500/8qa3KR9rBzflcvXKaCH5NRvKTIn.jpg
8193,Napoleon Dynamite,https://image.tmdb.org/t/p/w500/6Iv6Uwa2SBLN0dSGM00rdrwN4MJ.jpg
188166,Blue Ruin,https://image.tmdb.org/t/p/w500/q0itEsso2drJXqH9kfdidxIT5dF.jpg
23827,Paranormal Activity,https://image.tmdb.org/t/p/w500/tmclkEpjeo4Zu564gf3KrwIOuKw.jpg
1282,Dogtown and Z-Boys,https://image.tmdb.org/t/p/w500/eb02dpopuAhuThf7nXAAwKtAF88.jpg
762,Monty Python and the Holy Grail,https://image.tmdb.org/t/p/w500/7nTkHjETdGMYK1phHwDbPsrzbYl.jpg
64499,Quinceañera,https://image.tmdb.org/t/p/w500/kJv276uU9K0Z9MRhz6F3BEEetEO.jpg
281189,Gory Gory Hallelujah,https://image.tmdb.org/t/p/w500/6YZqVQYZ1vTVpnXioFHPny5g81E.jpg
1435,Tarnation,https://image.tmdb.org/t/p/w500/7zeQapdvD8poOizcaHwzmPxN9Km.jpg
47546,I Want Your Money,https://image.tmdb.org/t/p/w500/ukFRXI9Dg9JdjebQPFde7Gfel3.jpg
189711,Love in the Time of Monsters,https://image.tmdb.org/t/p/w500/mm6hcoQg5tHZ71ydsotXal3EeeO.jpg
19204,The Beyond,https://image.tmdb.org/t/p/w500/kMSZHq9VYQV1FCbM8nz2zrZShzx.jpg
9029,What Happens in Vegas,https://image.tmdb.org/t/p/w500/n7bQ7Lj6UhArgnx49wmkaTxM4iU.jpg
18045,The Dark Hours,https://image.tmdb.org/t/p/w500/yOYCpZ7jsMedfkHQpXQJw83F3GL.jpg
11240,My Beautiful Laundrette,https://image.tmdb.org/t/p/w500/hfGWxrtbRnxg19ouEYBtQKtMZcN.jpg
43743,Fabled,https://image.tmdb.org/t/p/w500/1klhTzYcWdTmnL8sPIMwCqV9SGP.jpg
157909,Show Me,https://image.tmdb.org/t/p/w500/eIfFa00THsuUEerMeiehvVtVGCn.jpg
10238,Cries and Whispers,https://image.tmdb.org/t/p/w500/a1bMgB09YDvvRN9SitCclUYragr.jpg
3059,Intolerance,https://image.tmdb.org/t/p/w500/lJCabs4TMOsKfnl0BmA5Hf16Ezb.jpg
15800,Trekkies,https://image.tmdb.org/t/p/w500/o6MYZAcI2A7VfJkcIvCDbFPISLP.jpg
65203,The Broadway Melody,https://image.tmdb.org/t/p/w500/giq8GJs8YGMzHxeKxNSuwzAdd1c.jpg
764,The Evil Dead,https://image.tmdb.org/t/p/w500/54C1qdaiSijIU5NeNb4WsPJdNkG.jpg
103620,Maniac,https://image.tmdb.org/t/p/w500/nbDkRvhmbYnHDXkoq0sF0PLeo8j.jpg
319069,Censored Voices,https://image.tmdb.org/t/p/w500/jkAfM4NETuEguSIWteDMgobh4B0.jpg
14278,Murderball,https://image.tmdb.org/t/p/w500/qxaXzZnGsHaAJpSaF72nDhhL58n.jpg
25678,American Ninja 2: The Confrontation,https://image.tmdb.org/t/p/w500/4a4pASHNv68ZhfKJESekI2b6Dse.jpg
79161,51 Birch Street,https://image.tmdb.org/t/p/w500/7eG63TqqdUcIyAvPelJajXF3gZN.jpg
371690,Rotor DR1,https://image.tmdb.org/t/p/w500/iQ8fn12g3OHUldSaUMwW6vbdONv.jpg
389,12 Angry Men,https://image.tmdb.org/t/p/w500/ppd84D2i9W8jXmsyInGyihiSyqz.jpg
52032,My Dog Tulip,https://image.tmdb.org/t/p/w500/8Q71A1mENLzE8jUlNe1HGybMJKW.jpg
3078,It Happened One Night,https://image.tmdb.org/t/p/w500/2PNUGWAflH6UUumas0POMmokHlc.jpg
38810,Dogtooth,https://image.tmdb.org/t/p/w500/7nLuUGlH12cegPfR84QX4xIIH9k.jpg
21525,Tupac: Resurrection,https://image.tmdb.org/t/p/w500/dGJxjq8npqFZtuAtGsyjntip7uh.jpg
55123,Tumbleweeds,https://image.tmdb.org/t/p/w500/2SdW45O7bPDTe0zLzNHhEcacNAk.jpg
11980,The Prophecy,https://image.tmdb.org/t/p/w500/4ZWFhQipzBHJze2llzCzhrSIZsn.jpg
11956,When the Cat's Away,https://image.tmdb.org/t/p/w500/vZjHfDpE74EmbknicrTg4n5YOLr.jpg
1550,Pieces of April,https://image.tmdb.org/t/p/w500/qm3jGZwz2UkwwEFEFzSot8T0pz1.jpg
162396,The Big Swap,https://image.tmdb.org/t/p/w500/yAg2bhuRaWvs3nYViIGtp6efkbF.jpg
26518,Old Joy,https://image.tmdb.org/t/p/w500/AdFKZOf0LtPpGq8be9T8qsNHTbs.jpg
8942,Wendy and Lucy,https://image.tmdb.org/t/p/w500/cVtF8SW4zMbculTXD52RDvmQAAR.jpg
68412,3 Backyards,https://image.tmdb.org/t/p/w500/aBVKjA5A0JkKBKJfIMvhTSdRSn3.jpg
2786,Pierrot le Fou,https://image.tmdb.org/t/p/w500/i124H6iQB4CawrgFW9aZaZs7OBO.jpg
87943,Sisters in Law,https://image.tmdb.org/t/p/w500/7kAVD6eSwXN5YmEppspyQzVeTA3.jpg
73981,Ayurveda: Art of Being,https://image.tmdb.org/t/p/w500/lgmPBTWogUZBkDMb9zxNz0jyt7.jpg
91721,Nothing But a Man,https://image.tmdb.org/t/p/w500/6vWkmRHsX1yIUJSimDKEJLU4UkD.jpg
118452,"First Love, Last Rites",https://image.tmdb.org/t/p/w500/w4yN57gmVvLKdHOdUZ5GDQk6gW9.jpg
47534,Fighting Tommy Riley,https://image.tmdb.org/t/p/w500/19nKfguTd9HZhYkh1SEnMulhitI.jpg
40914,Royal Kill,https://image.tmdb.org/t/p/w500/bfvSyXcyyBoXKsquUSXrMYtvDX5.jpg
365052,The Looking Glass,https://image.tmdb.org/t/p/w500/2DddsZbo5oBnKveKiA0JmHZMMFv.jpg
13282,Death Race 2000,https://image.tmdb.org/t/p/w500/kwM8kkNGtv62gfPWVhD6qFxjDzg.jpg
250184,Locker 13,https://image.tmdb.org/t/p/w500/cafljB271v1L4smQT0n0Tznor79.jpg
426067,Midnight Cabaret,https://image.tmdb.org/t/p/w500/lRToQoX2cQCwbq9hIzWuc6YcKNw.jpg
324352,Anderson's Cross,https://image.tmdb.org/t/p/w500/2j90os0c2HJuIjWXxMg9vMvOliw.jpg
318040,Bizarre,https://image.tmdb.org/t/p/w500/pbuL9CcBAQMFgXboOV1iFOCYd4B.jpg
27420,Graduation Day,https://image.tmdb.org/t/p/w500/bbNtkM0oFTCnFfblOzeEuaDUaZB.jpg
80468,Some Guy Who Kills People,https://image.tmdb.org/t/p/w500/m6sqWQDcg7er0dg7LomMQGeVBMO.jpg
84188,Compliance,https://image.tmdb.org/t/p/w500/bLdu28fr9txYlHLmEOyGplDT3nH.jpg
2255,Chasing Amy,https://image.tmdb.org/t/p/w500/tqydORBcNlQxy3ijgSpPurgDHM2.jpg
50035,Lovely & Amazing,https://image.tmdb.org/t/p/w500/4HZ7Y7N4KHapO5ylOY8BePQYC5X.jpg
300327,Death Calls,https://image.tmdb.org/t/p/w500/aAfg4t3Aoz2KSfaN0q9vYqsYZBo.jpg
14290,Better Luck Tomorrow,https://image.tmdb.org/t/p/w500/alJULQQnuiYXjgVmj2EYgwXOcIn.jpg
29371,The Incredibly True Adventure of Two Girls In Love,https://image.tmdb.org/t/p/w500/dPbYJaH1j7sgj1NuA4VRyb7O4Mt.jpg
44490,Chuck & Buck,https://image.tmdb.org/t/p/w500/k0GY9haWiwZtBOf2T7winwNcsep.jpg
32222,American Desi,https://image.tmdb.org/t/p/w500/hklG9Ehe1Rt2dlgBplTIyov62qi.jpg
378237,Amidst the Devil's Wings,https://image.tmdb.org/t/p/w500/akV2i3dRYbWDNZ7PEJOpcclSpQY.jpg
431,Cube,https://image.tmdb.org/t/p/w500/x4BTjxdrOKC27FcSkBh8KPEgnum.jpg
76996,Love and Other Catastrophes,https://image.tmdb.org/t/p/w500/sO91zO8XY5o10R48RKAE6UDvJd7.jpg
51942,I Married a Strange Person!,https://image.tmdb.org/t/p/w500/dyP1Zlj1lbhBHeO5veF5L7uqdsb.jpg
1424,November,https://image.tmdb.org/t/p/w500/qqCn3bYlG85dlVdUBd5Vjv3i0Qg.jpg
60420,Like Crazy,https://image.tmdb.org/t/p/w500/8eIhNKnRfayRwWChx0atZh4vGua.jpg
325123,Teeth and Blood,https://image.tmdb.org/t/p/w500/str9ckfPjtAuSCpBgmxxEeKwy1N.jpg
142132,Sugar Town,https://image.tmdb.org/t/p/w500/9VpZ9apNn5uym9TYEtYEhMYOTEX.jpg
20520,The Motel,https://image.tmdb.org/t/p/w500/7dHilrksaDBIVulSBduS1dsHXai.jpg
109729,The Canyons,https://image.tmdb.org/t/p/w500/5tZR5o2KJXY6UGxoCsuCmZqROwO.jpg
78307,On the Outs,https://image.tmdb.org/t/p/w500/dyumIFLdjo6KRsPgL2VdAb7ulkc.jpg
12247,Shotgun Stories,https://image.tmdb.org/t/p/w500/aeIlHt28Z8KmHcKEgl4oLHpwZ8M.jpg
29917,Exam,https://image.tmdb.org/t/p/w500/i1J2zBCyOQJKsQipqJ0qXERC1Ma.jpg
70687,The Sticky Fingers of Time,https://image.tmdb.org/t/p/w500/rTyNAfz8znLPMzytmKGhvlXFee.jpg
60463,Sunday School Musical,https://image.tmdb.org/t/p/w500/vs7wexp8wnSpjQjpO3dM50E8ZJO.jpg
46252,Rust,https://image.tmdb.org/t/p/w500/4f08y1AJ7LD3qpOVOShtMPOiWCe.jpg
24869,Ink,https://image.tmdb.org/t/p/w500/9vYyX7c8gZtxuqd6SiRukRb4gRd.jpg
77934,The Christmas Bunny,https://image.tmdb.org/t/p/w500/naQJmUIeS6XTfmOUO52JOPhMVeI.jpg
34697,Butterfly,https://image.tmdb.org/t/p/w500/nzcjcO4dX1laL6zP2Poq5gcwM3R.jpg
320435,UnDivided,
150211,The Frozen,https://image.tmdb.org/t/p/w500/jbSBwAGNP4N4AcNX2Rxq4h5u5g3.jpg
306667,Horse Camp,https://image.tmdb.org/t/p/w500/bgAHH1m44RyRefLbUFAG0iOX03B.jpg
274758,Give Me Shelter,
3060,The Big Parade,https://image.tmdb.org/t/p/w500/8aBXJEkAHcwG2ghNYh6GIFd9ool.jpg
40963,Little Big Top,https://image.tmdb.org/t/p/w500/kLyiTbf0lRSZrISYMN67VuapRyP.jpg
173224,Along the Roadside,https://image.tmdb.org/t/p/w500/bI3dchK7VTdOuFQ418bgIQ2dp15.jpg
18533,Bronson,https://image.tmdb.org/t/p/w500/6diyyGIbBNiANsdIaCGtyv4IofR.jpg
376010,Western Religion,https://image.tmdb.org/t/p/w500/i4Gz2KRCgPpOig6boTphl0Ck10N.jpg
139948,Burn,https://image.tmdb.org/t/p/w500/eJdm7heehvPAASGw5cc8q22yius.jpg
77332,Urbania,https://image.tmdb.org/t/p/w500/bl2RsU7kzOm1AjZhCBepCxuFToY.jpg
70478,The Stewardesses,https://image.tmdb.org/t/p/w500/otrgebmsmyFVXv2R5pWp3DqY9eQ.jpg
35073,"The Beast from 20,000 Fathoms",https://image.tmdb.org/t/p/w500/a45mCN6BUPg0JHVnprDOPc2VIST.jpg
9659,Mad Max,https://image.tmdb.org/t/p/w500/5LrI4GiCSrChgkdskVZiwv643Kg.jpg
10218,Swingers,https://image.tmdb.org/t/p/w500/rRjWk68kU3a2so4lgr3TKB7Y5vA.jpg
391,A Fistful of Dollars,https://image.tmdb.org/t/p/w500/lBwOEpwVeUAmrmglcstnaGcJq3Y.jpg
43595,She Done Him Wrong,https://image.tmdb.org/t/p/w500/kwxAUj8tf9kO2ESAriD8foYN28q.jpg
194588,Short Cut to Nirvana: Kumbh Mela,
54897,The Grace Card,https://image.tmdb.org/t/p/w500/bbWsYKtWTNtECusWJs3tvpTGlwO.jpg
83588,Middle of Nowhere,https://image.tmdb.org/t/p/w500/s0Jtw4YYRQ460vo0QfrjrdLqJCf.jpg
53256,Three,https://image.tmdb.org/t/p/w500/t21QP3eQGLmPsaCLyxiMyxpFfYn.jpg
40920,The Business of Fancydancing,https://image.tmdb.org/t/p/w500/9QjlmxgwN9kVsEjbNNm2NkzLvuz.jpg
287815,Call + Response,
54702,Malevolence,https://image.tmdb.org/t/p/w500/l7JVY5uGMeOkEDNYIFLmZcEEQze.jpg
176074,Reality Show,https://image.tmdb.org/t/p/w500/83W04qG8HHY7LN4DGRcfW12yCjy.jpg
69270,Super Hybrid,https://image.tmdb.org/t/p/w500/iK3RR1bNWN99jt3EwEAqYanw6Br.jpg
5759,Baghead,https://image.tmdb.org/t/p/w500/pO3Au8iDpZsJt7Xco6fRsNvm3vz.jpg
402515,American Beast,https://image.tmdb.org/t/p/w500/ivQ9rzNV3HzGlwbWNS6bavjsOJk.jpg
126141,The Case of the Grinning Cat,https://image.tmdb.org/t/p/w500/zUuTJI5SJhsWsrOJGEVdoIdLJVs.jpg
48035,Ordet,https://image.tmdb.org/t/p/w500/c9Oef9uQEuadZlnvv8hphRmTIgx.jpg
14758,Good Dick,https://image.tmdb.org/t/p/w500/a1DGYt4boLrfsHUnqbHxhUIVoe9.jpg
13363,The Man from Earth,https://image.tmdb.org/t/p/w500/V086R82gNgWrotaXZFO4JhdgB1.jpg
37985,The Trials Of Darryl Hunt,https://image.tmdb.org/t/p/w500/7NHcKecimvicA4JLpN9CFaoaRjK.jpg
25786,Samantha: An American Girl Holiday,https://image.tmdb.org/t/p/w500/hJwb18mOK68CJfREiNaBD0Xfrpn.jpg
36549,Yesterday Was a Lie,https://image.tmdb.org/t/p/w500/dJtY4pXjfnyKaYO1pP4C0u2XsQp.jpg
361398,Theresa Is a Mother,
289180,H.,https://image.tmdb.org/t/p/w500/zxRz4wFGXtsgcoVQ4wGSNO3PCtD.jpg
288927,Archaeology of a Woman,https://image.tmdb.org/t/p/w500/wncmCHqnGaqCpWgN8nIOxJC1m9y.jpg
21334,Children of Heaven,https://image.tmdb.org/t/p/w500/jWqh1CJWAEcxckMRrf6ARhIEh0R.jpg
79120,Weekend,https://image.tmdb.org/t/p/w500/ksg3QX2iMLzEkvS6AwIGh5A9CXT.jpg
27995,She's Gotta Have It,https://image.tmdb.org/t/p/w500/qiJuXvPONqTSSnzhbCBqE7EotV.jpg
253290,Butterfly Girl,https://image.tmdb.org/t/p/w500/nQRsj3wRXOesAaN0I31rSNz2WX7.jpg
344466,The World Is Mine,https://image.tmdb.org/t/p/w500/bFoyh4TIesVwU6LbfkfYmpB5wh5.jpg
55420,Another Earth,https://image.tmdb.org/t/p/w500/qvGJK3lFzpifAdyIupMNdWNX0qr.jpg
5822,Sweet Sweetback's Baadasssss Song,https://image.tmdb.org/t/p/w500/ykGkbDp1QxQTM3UUrUvowtXLI0i.jpg
408429,Perfect Cowboy,https://image.tmdb.org/t/p/w500/t12YIm3IajbE1erieS9Yee9iUqQ.jpg
39141,Tadpole,https://image.tmdb.org/t/p/w500/r7wCSE5Hj82GHywm2evC1ERmK0E.jpg
5723,Once,https://image.tmdb.org/t/p/w500/7nW363kSYRCkr4VGOMvuSGwtzKs.jpg
28666,The Woman Chaser,https://image.tmdb.org/t/p/w500/n7YRKEz7wsT11DX9UhLuoyN8NYw.jpg
30979,The Horse Boy,https://image.tmdb.org/t/p/w500/qdwiIajiJUNd5578l0cqe7PCYrA.jpg
50497,When the Lights Went Out,https://image.tmdb.org/t/p/w500/bdsUVOLDADbfIWSJflJSgE8J3Ai.jpg
354624,Heroes of Dirt,https://image.tmdb.org/t/p/w500/zhWwhbUc7v2WxOsX1uj2OGesVEU.jpg
13187,A Charlie Brown Christmas,https://image.tmdb.org/t/p/w500/vtaufTzJBMJAeziQA1eP4BLU24C.jpg
335244,Antarctic Edge: 70° South,https://image.tmdb.org/t/p/w500/m1TNhDblKnIig8QTWG2mCZxTByZ.jpg
178862,Aroused,https://image.tmdb.org/t/p/w500/dsaqRUvGpkSoLmDKuTMys4j8GQI.jpg
331745,Top Spin,https://image.tmdb.org/t/p/w500/68RPd324H8KaxzZvwt0MVSgg9JB.jpg
1779,Roger & Me,https://image.tmdb.org/t/p/w500/ePVEnKOMtrIfHZ6wQBfWihTvwqD.jpg
282128,An American in Hollywood,https://image.tmdb.org/t/p/w500/rsWhg2RPqraO0EEdXuRQr43G60K.jpg
86812,Sound of My Voice,https://image.tmdb.org/t/p/w500/6wStc532wuBrW2NZM3TicEWDmaL.jpg
38786,The Blood of My Brother: A Story of Death in Iraq,
84355,Your Sister's Sister,https://image.tmdb.org/t/p/w500/yEyoOzOEUBMSofsTticDWBOOsv7.jpg
18632,A Dog's Breakfast,https://image.tmdb.org/t/p/w500/w1Fgu2GxGTy4I5zQN3lkMNu4z6e.jpg
40652,The Married Woman,https://image.tmdb.org/t/p/w500/3NUhCU2LsffAZNe2Ej0ZjKIpRsi.jpg
339408,The Birth of a Nation,https://image.tmdb.org/t/p/w500/vlbvPL3uXem7JaVWM2mVHJLkRqW.jpg
266857,The Work and The Story,
18925,Facing the Giants,https://image.tmdb.org/t/p/w500/1eY8O7fIGcmwetNqvwnnkQB0LYK.jpg
299245,The Gallows,https://image.tmdb.org/t/p/w500/4oBk2DsYRO0VuloOX52ROmz2QhU.jpg
985,Eraserhead,https://image.tmdb.org/t/p/w500/mxveW3mGVc0DzLdOmtkZsgd7c3B.jpg
34101,Hollywood Shuffle,https://image.tmdb.org/t/p/w500/xidkzvrJfBeZ6wVcVOxobZruiR7.jpg
9821,The Mighty,https://image.tmdb.org/t/p/w500/eHcuTZwmY4VAJm7kfbZn7qDAjYs.jpg
65448,Penitentiary,https://image.tmdb.org/t/p/w500/1XQOTbjwaFSSEdoJlhTcwRsJxG.jpg
18841,The Lost Skeleton of Cadavra,https://image.tmdb.org/t/p/w500/nGUjqu7DotLx6yfakAeqaj8D1FO.jpg
272726,Dude Where's My Dog?,https://image.tmdb.org/t/p/w500/nUBGYq2qekustBm0Misdobk2FlJ.jpg
175291,Cheap Thrills,https://image.tmdb.org/t/p/w500/cnGzB8L2Y4oEyAZ4VvLxAwTRA3N.jpg
80215,Indie Game: The Movie,https://image.tmdb.org/t/p/w500/2B1IqPg97ZhpEov4Fg3si4hI1Kw.jpg
13538,Straightheads,https://image.tmdb.org/t/p/w500/5W8jG9kt2UfEq8Tn0rb3BRaOPqe.jpg
51130,Open Secret,https://image.tmdb.org/t/p/w500/hPxKrniv4RmgdK2qldLWtgUoeHO.jpg
270554,Echo Dr.,https://image.tmdb.org/t/p/w500/4rGhxVIN0c1kLUNeh9Gw6CsGRRl.jpg
72086,The Night Visitor,https://image.tmdb.org/t/p/w500/bOKz7uhdjuLC9MNNY2874T5h6pX.jpg
268917,The Past Is a Grotesque Animal,https://image.tmdb.org/t/p/w500/wdvK5u5rP0KGMR8uIu2eSv3Z1zQ.jpg
64973,"Peace, Propaganda & the Promised Land",https://image.tmdb.org/t/p/w500/AsJA9DQFxCP9jpuNsqC17ZcaUqN.jpg
473,Pi,https://image.tmdb.org/t/p/w500/fJA22FjlAW8rzrOw9Mwanl6oTc9.jpg
90414,"I Love You, Don't Touch Me!",https://image.tmdb.org/t/p/w500/v3EUGs3qYU9zzqWoKdBncy2YczK.jpg
111794,20 Dates,https://image.tmdb.org/t/p/w500/79TTGQZrOAzwuWxcOy8y6k6Ldm0.jpg
360188,Queen Crab,https://image.tmdb.org/t/p/w500/dAiuQy4rDuE2qBXAjIe4jZHhrzA.jpg
9372,Super Size Me,https://image.tmdb.org/t/p/w500/zYkbqQaCuIHBxqBDGgnQCwJ9jIG.jpg
85860,The FP,https://image.tmdb.org/t/p/w500/nmo8R1FpBEsC80qYOaXtx2vMrSa.jpg
244534,Happy Christmas,https://image.tmdb.org/t/p/w500/gjOQUlsprWkmyZP4hhMGr0GP3LG.jpg
33468,The Brain That Wouldn't Die,https://image.tmdb.org/t/p/w500/npg6NH4maZ4NTTWzA71KNCTvQNG.jpg
294086,Tiger Orange,https://image.tmdb.org/t/p/w500/dxqjlxB346gLTUsbMCdV4LGL0t2.jpg
139998,Supporting Characters,https://image.tmdb.org/t/p/w500/rSAfIqMTRwEsW51baMXaNK5i2fg.jpg
74777,Absentia,https://image.tmdb.org/t/p/w500/imUIPWoe0Yma5UhZVl6bqX5lF.jpg
16388,The Brothers McMullen,https://image.tmdb.org/t/p/w500/6oWsOJP0ed5gs8n2UywcailoxFN.jpg
159770,The Dirties,https://image.tmdb.org/t/p/w500/1oPjkd0200Nt7sdLRqp5Ot1oPxK.jpg
42109,Gabriela,https://image.tmdb.org/t/p/w500/ho99cPnYeKj1RepZxB4XWYzTyfY.jpg
47607,Tiny Furniture,https://image.tmdb.org/t/p/w500/5T81WvUlc1Our3UwmluXBBc3L0k.jpg
193603,Hayride,https://image.tmdb.org/t/p/w500/cf1KFMaikSLpxSwFcamDW6DBW7B.jpg
84659,The Naked Ape,https://image.tmdb.org/t/p/w500/pGaLUnim5CG5booE4Xe3N7qKooc.jpg
322745,Counting,https://image.tmdb.org/t/p/w500/lQzBtr4ganEcNiXxJMnWil1zibr.jpg
20981,The Call of Cthulhu,https://image.tmdb.org/t/p/w500/dCrOkzrWs8ux31oVCc1R8tt6zTC.jpg
174362,Bending Steel,https://image.tmdb.org/t/p/w500/naepnR4XLlMz2NkT6bf10xdPnNo.jpg
242095,The Signal,https://image.tmdb.org/t/p/w500/r5v3gzfxtnO9bKebs5Ujee6LLP1.jpg
250902,The Image Revolution,https://image.tmdb.org/t/p/w500/p49QvZ3Ci0yE5FNgAUThL77QAAt.jpg
158895,This Is Martin Bonner,https://image.tmdb.org/t/p/w500/mN96fbXB92XQGKLS28W7PQRhAA8.jpg
222250,A True Story,https://image.tmdb.org/t/p/w500/wkcJMCPQyGZ9BePFkyM6jU69Xd0.jpg
18292,George Washington,https://image.tmdb.org/t/p/w500/g9nZi8u5LqSrVKEpSm199EM4hk5.jpg
125537,Smiling Fish & Goat On Fire,https://image.tmdb.org/t/p/w500/cGCNG3Md9t0Zvhksr27aqXa1AI9.jpg
326576,Dawn of the Crescent Moon,https://image.tmdb.org/t/p/w500/nXnVHrHR0fmmUugxRLHVlIJLp7z.jpg
228550,Raymond Did It,https://image.tmdb.org/t/p/w500/tFKSA6EXmA9IV5gr7hwJ3VPbTJJ.jpg
13963,The Last Waltz,https://image.tmdb.org/t/p/w500/2K7CFH0AIHnGrA4yQjPCoIB5CmQ.jpg
290391,"Run, Hide, Die",https://image.tmdb.org/t/p/w500/zVSkZFH9zuU3oeRs3vgrJ41xkv5.jpg
44770,The Exploding Girl,https://image.tmdb.org/t/p/w500/xRJ4wgDtxwoDzKjVRjZ457kf85f.jpg
69382,The Legend of God's Gun,https://image.tmdb.org/t/p/w500/7cw3jSGvm3XoHwnRRA9dCrkAFXi.jpg
40769,Mutual Appreciation,https://image.tmdb.org/t/p/w500/yjKHIcFue6Et3qsBbxcVUrGjGRM.jpg
220490,Her Cry: La Llorona Investigation,https://image.tmdb.org/t/p/w500/r0DF0V4PVzTAgqVxI2i9c4Okruf.jpg
42151,Down Terrace,https://image.tmdb.org/t/p/w500/2WMwkZ4Qmsi3X6WvfjvBsC1er6F.jpg
2292,Clerks,https://image.tmdb.org/t/p/w500/9IiSgiq4h4siTIS9H3o4nZ3h5L9.jpg
42497,Pink Narcissus,https://image.tmdb.org/t/p/w500/kaZiiGE6820KyFF9XkzPB9Rx9qn.jpg
33693,Funny Ha Ha,https://image.tmdb.org/t/p/w500/4UsciNkAvuOZiM7ZfgLbfNR0WNJ.jpg
14585,In the Company of Men,https://image.tmdb.org/t/p/w500/1gPJ4H4TbGAiuEA6pFalFtqA0eL.jpg
185465,Manito,https://image.tmdb.org/t/p/w500/8Nzotyqv1Yj00Nw5REAvRYjdCTT.jpg
38780,Rampage,https://image.tmdb.org/t/p/w500/xZZlA5obgTrQMyAF16yqCiVxHlO.jpg
14022,Slacker,https://image.tmdb.org/t/p/w500/f7Iov2nd0XX9bp2laQEPYPEhisc.jpg
366967,Dutch Kills,https://image.tmdb.org/t/p/w500/gtPYRWywBpy18CrQTBhULz9RA6Q.jpg
255266,Dry Spell,https://image.tmdb.org/t/p/w500/u9oGJbBEFoyiHQ1rE3dRFOcyfqD.jpg
17345,Flywheel,https://image.tmdb.org/t/p/w500/5M5h80QGQq5BXxcpoT1wkaxPdwm.jpg
226458,Backmask,https://image.tmdb.org/t/p/w500/AwhFI88HW2BE62E6kEsTGPliZKB.jpg
24055,The Puffy Chair,https://image.tmdb.org/t/p/w500/fybmkedrXx02p7i6TZMl9sC5NvM.jpg
287625,Stories of Our Lives,https://image.tmdb.org/t/p/w500/uHa34QtV3B5zDMUozKEdkkQJy2G.jpg
44990,Breaking Upwards,https://image.tmdb.org/t/p/w500/mEA5Vs7LoVS4dtotal9dc0kdgHz.jpg
86304,All Superheroes Must Die,https://image.tmdb.org/t/p/w500/lt5hf1FtNEjEOHJpjeWO2YD3tNE.jpg
692,Pink Flamingos,https://image.tmdb.org/t/p/w500/10N8SvTQwUqyWgocPam1P18Jgr.jpg
39851,Clean,https://image.tmdb.org/t/p/w500/srenglG0ITLow4pR35IvJiAYuiX.jpg
13898,The Circle,https://image.tmdb.org/t/p/w500/dUsPp5vacr3zZqsiquu5TTaApDr.jpg
157185,Tin Can Man,https://image.tmdb.org/t/p/w500/2IMSeaHnjPCYSJ2P2J8BjvbMWZ4.jpg
36095,Cure,https://image.tmdb.org/t/p/w500/xNVJr9q6AtSbjosS6Ed9YirOkSo.jpg
182291,On The Downlow,https://image.tmdb.org/t/p/w500/s0NBfjLiE4Six0IQn94zdhuG2fG.jpg
286939,Sanctuary: Quite a Conundrum,https://image.tmdb.org/t/p/w500/xwMvze2e4lFjxT90lrCTuE0hFeO.jpg
124606,Bang,https://image.tmdb.org/t/p/w500/pDvf5rsulgcJtZx6voFEO05aC3p.jpg
14337,Primer,https://image.tmdb.org/t/p/w500/xEoq2WmDzpzxhkHEsmOYOg6BPg6.jpg
67238,Cavite,https://image.tmdb.org/t/p/w500/s3pDLyGpJ4ZGvY7fL6ie5bV7Ge7.jpg
9367,El Mariachi,https://image.tmdb.org/t/p/w500/zRh7K4SV1xQ419m8gzGITak51vc.jpg
72766,Newlyweds,https://image.tmdb.org/t/p/w500/t09NlDBh0z1HEhPu6Xs5c4hRk64.jpg
231617,"Signed, Sealed, Delivered",https://image.tmdb.org/t/p/w500/6BVCgmhLeSTF8nPBuE9ncHHcCNv.jpg
126186,Shanghai Calling,https://image.tmdb.org/t/p/w500/2a1q1RTxspKxGWbGKVpXFzl6MbV.jpg
25975,My Date with Drew,https://image.tmdb.org/t/p/w500/19ChghJMN72BG9mQeDK0D209whF.jpg
